timestamp,requests_per_minute,api_latency_ms,error_rate,queue_depth
2026-01-05T00:00:00Z,253.90,130.14,0.00108,0
2026-01-05T00:05:00Z,245.46,118.14,0.00217,0
2026-01-05T00:10:00Z,225.57,125.19,0.00170,0
2026-01-05T00:15:00Z,209.05,124.63,0.00149,0
2026-01-05T00:20:00Z,214.72,117.54,0.00162,0
2026-01-05T00:25:00Z,235.27,113.18,0.00144,0
2026-01-05T00:30:00Z,225.87,123.87,0.00089,0
2026-01-05T00:35:00Z,207.19,101.28,0.00194,0
2026-01-05T00:40:00Z,196.12,107.12,0.00216,0
2026-01-05T00:45:00Z,235.23,132.36,0.00057,0
2026-01-05T00:50:00Z,242.00,98.25,0.00064,0
2026-01-05T00:55:00Z,205.43,101.25,0.00059,0
2026-01-05T01:00:00Z,239.65,126.06,0.00220,0
2026-01-05T01:05:00Z,243.26,107.29,0.00151,0
2026-01-05T01:10:00Z,274.76,129.52,0.00069,0
2026-01-05T01:15:00Z,234.74,123.34,0.00185,0
2026-01-05T01:20:00Z,238.08,129.02,0.00184,0
2026-01-05T01:25:00Z,243.79,103.49,0.00148,0
2026-01-05T01:30:00Z,249.63,104.51,0.00003,0
2026-01-05T01:35:00Z,251.02,125.98,0.00204,0
2026-01-05T01:40:00Z,231.70,105.99,0.00100,0
2026-01-05T01:45:00Z,258.17,124.13,0.00144,0
2026-01-05T01:50:00Z,226.44,127.73,0.00179,0
2026-01-05T01:55:00Z,219.54,98.61,0.00205,0
2026-01-05T02:00:00Z,226.46,123.22,0.00142,0
2026-01-05T02:05:00Z,309.62,131.87,0.00045,0
2026-01-05T02:10:00Z,234.45,111.77,0.00000,0
2026-01-05T02:15:00Z,245.52,118.76,0.00158,0
2026-01-05T02:20:00Z,210.56,129.89,0.00217,0
2026-01-05T02:25:00Z,224.03,106.57,0.00154,0
2026-01-05T02:30:00Z,236.05,104.56,0.00190,0
2026-01-05T02:35:00Z,226.62,100.92,0.00138,0
2026-01-05T02:40:00Z,233.92,95.96,0.00146,0
2026-01-05T02:45:00Z,287.09,134.61,0.00166,0
2026-01-05T02:50:00Z,238.04,127.64,0.00015,0
2026-01-05T02:55:00Z,248.79,103.01,0.00082,0
2026-01-05T03:00:00Z,215.42,103.70,0.00158,0
2026-01-05T03:05:00Z,274.90,137.99,0.00145,0
2026-01-05T03:10:00Z,252.79,95.35,0.00170,0
2026-01-05T03:15:00Z,261.58,100.68,0.00196,0
2026-01-05T03:20:00Z,209.89,115.46,0.00191,0
2026-01-05T03:25:00Z,282.33,147.12,0.00086,0
2026-01-05T03:30:00Z,225.82,110.58,0.00261,0
2026-01-05T03:35:00Z,246.00,108.85,0.00075,0
2026-01-05T03:40:00Z,214.05,118.15,0.00196,0
2026-01-05T03:45:00Z,242.83,125.03,0.00227,0
2026-01-05T03:50:00Z,254.55,115.83,0.00078,0
2026-01-05T03:55:00Z,258.83,120.27,0.00000,0
2026-01-05T04:00:00Z,281.21,111.55,0.00113,0
2026-01-05T04:05:00Z,245.13,112.38,0.00115,0
2026-01-05T04:10:00Z,225.89,126.04,0.00178,0
2026-01-05T04:15:00Z,282.13,112.80,0.00178,0
2026-01-05T04:20:00Z,215.28,110.02,0.00173,0
2026-01-05T04:25:00Z,250.22,129.55,0.00058,0
2026-01-05T04:30:00Z,248.63,114.39,0.00134,0
2026-01-05T04:35:00Z,263.75,139.56,0.00044,0
2026-01-05T04:40:00Z,269.23,124.60,0.00089,0
2026-01-05T04:45:00Z,257.38,126.76,0.00099,0
2026-01-05T04:50:00Z,270.46,98.34,0.00100,0
2026-01-05T04:55:00Z,271.11,108.59,0.00252,0
2026-01-05T05:00:00Z,281.85,115.60,0.00145,0
2026-01-05T05:05:00Z,286.16,124.79,0.00048,0
2026-01-05T05:10:00Z,291.40,141.94,0.00134,0
2026-01-05T05:15:00Z,331.79,125.49,0.00184,0
2026-01-05T05:20:00Z,295.24,110.61,0.00230,0
2026-01-05T05:25:00Z,291.13,142.93,0.00231,0
2026-01-05T05:30:00Z,304.64,135.69,0.00098,0
2026-01-05T05:35:00Z,319.43,128.80,0.00171,0
2026-01-05T05:40:00Z,242.47,112.33,0.00224,0
2026-01-05T05:45:00Z,323.48,136.50,0.00209,1
2026-01-05T05:50:00Z,385.59,144.70,0.00264,0
2026-01-05T05:55:00Z,296.83,110.67,0.00108,0
2026-01-05T06:00:00Z,307.12,124.40,0.00110,0
2026-01-05T06:05:00Z,335.78,140.71,0.00272,0
2026-01-05T06:10:00Z,326.49,126.48,0.00091,0
2026-01-05T06:15:00Z,349.54,161.00,0.00103,0
2026-01-05T06:20:00Z,367.21,112.51,0.00225,0
2026-01-05T06:25:00Z,346.91,116.52,0.00170,0
2026-01-05T06:30:00Z,363.44,107.39,0.00165,0
2026-01-05T06:35:00Z,405.52,139.76,0.00149,0
2026-01-05T06:40:00Z,391.21,110.92,0.00246,0
2026-01-05T06:45:00Z,368.20,137.02,0.00190,0
2026-01-05T06:50:00Z,361.46,125.33,0.00175,0
2026-01-05T06:55:00Z,366.35,127.88,0.00314,0
2026-01-05T07:00:00Z,387.37,123.54,0.00127,0
2026-01-05T07:05:00Z,465.87,144.08,0.00239,1
2026-01-05T07:10:00Z,435.86,141.44,0.00149,2
2026-01-05T07:15:00Z,442.69,153.60,0.00212,0
2026-01-05T07:20:00Z,463.18,138.94,0.00055,3
2026-01-05T07:25:00Z,424.63,142.81,0.00017,1
2026-01-05T07:30:00Z,492.06,143.74,0.00325,2
2026-01-05T07:35:00Z,493.34,147.84,0.00217,0
2026-01-05T07:40:00Z,512.01,152.29,0.00078,1
2026-01-05T07:45:00Z,499.04,157.36,0.00132,2
2026-01-05T07:50:00Z,483.18,131.16,0.00171,2
2026-01-05T07:55:00Z,512.46,143.18,0.00133,7
2026-01-05T08:00:00Z,491.13,150.05,0.00000,3
2026-01-05T08:05:00Z,505.09,161.21,0.00071,2
2026-01-05T08:10:00Z,503.88,141.41,0.00083,4
2026-01-05T08:15:00Z,543.51,127.30,0.00148,5
2026-01-05T08:20:00Z,570.10,152.66,0.00196,8
2026-01-05T08:25:00Z,576.66,155.23,0.00272,5
2026-01-05T08:30:00Z,554.76,142.85,0.00138,3
2026-01-05T08:35:00Z,603.77,155.76,0.00292,8
2026-01-05T08:40:00Z,578.54,151.95,0.00100,0
2026-01-05T08:45:00Z,606.75,163.13,0.00306,5
2026-01-05T08:50:00Z,618.26,165.27,0.00204,5
2026-01-05T08:55:00Z,609.87,154.20,0.00170,6
2026-01-05T09:00:00Z,650.65,153.77,0.00250,8
2026-01-05T09:05:00Z,613.65,164.12,0.00118,9
2026-01-05T09:10:00Z,651.25,154.10,0.00115,7
2026-01-05T09:15:00Z,675.98,154.09,0.00060,5
2026-01-05T09:20:00Z,637.83,168.88,0.00208,4
2026-01-05T09:25:00Z,639.83,151.97,0.00034,5
2026-01-05T09:30:00Z,695.00,168.98,0.00164,6
2026-01-05T09:35:00Z,663.74,162.57,0.00125,6
2026-01-05T09:40:00Z,640.69,147.29,0.00177,6
2026-01-05T09:45:00Z,703.26,185.70,0.00192,9
2026-01-05T09:50:00Z,689.67,177.94,0.00168,9
2026-01-05T09:55:00Z,621.04,167.60,0.00210,10
2026-01-05T10:00:00Z,730.51,171.01,0.00271,12
2026-01-05T10:05:00Z,660.91,157.09,0.00130,14
2026-01-05T10:10:00Z,687.31,154.89,0.00243,5
2026-01-05T10:15:00Z,718.34,180.35,0.00285,10
2026-01-05T10:20:00Z,689.69,167.88,0.00130,12
2026-01-05T10:25:00Z,741.54,171.02,0.00374,15
2026-01-05T10:30:00Z,731.17,158.03,0.00158,11
2026-01-05T10:35:00Z,713.09,164.02,0.00202,10
2026-01-05T10:40:00Z,708.43,170.23,0.00202,8
2026-01-05T10:45:00Z,730.75,184.58,0.00095,9
2026-01-05T10:50:00Z,725.09,179.39,0.00223,9
2026-01-05T10:55:00Z,702.28,183.86,0.00212,12
2026-01-05T11:00:00Z,748.76,175.18,0.00236,9
2026-01-05T11:05:00Z,693.67,152.99,0.00193,8
2026-01-05T11:10:00Z,724.80,166.66,0.00167,6
2026-01-05T11:15:00Z,758.62,175.10,0.00131,13
2026-01-05T11:20:00Z,748.55,163.87,0.00258,10
2026-01-05T11:25:00Z,733.57,165.52,0.00340,11
2026-01-05T11:30:00Z,706.49,175.35,0.00149,11
2026-01-05T11:35:00Z,737.59,194.09,0.00153,11
2026-01-05T11:40:00Z,685.04,175.24,0.00187,9
2026-01-05T11:45:00Z,699.19,162.38,0.00165,6
2026-01-05T11:50:00Z,732.88,162.53,0.00265,7
2026-01-05T11:55:00Z,695.26,160.52,0.00154,6
2026-01-05T12:00:00Z,687.89,174.74,0.00207,7
2026-01-05T12:05:00Z,706.68,141.95,0.00141,10
2026-01-05T12:10:00Z,691.51,164.15,0.00282,7
2026-01-05T12:15:00Z,694.02,170.07,0.00130,5
2026-01-05T12:20:00Z,689.94,168.08,0.00279,9
2026-01-05T12:25:00Z,680.16,162.05,0.00299,9
2026-01-05T12:30:00Z,661.15,157.66,0.00114,2
2026-01-05T12:35:00Z,639.86,177.11,0.00000,9
2026-01-05T12:40:00Z,645.35,147.37,0.00160,3
2026-01-05T12:45:00Z,670.72,151.96,0.00188,7
2026-01-05T12:50:00Z,627.39,156.87,0.00112,8
2026-01-05T12:55:00Z,655.51,150.26,0.00183,7
2026-01-05T13:00:00Z,590.57,170.80,0.00139,5
2026-01-05T13:05:00Z,616.58,165.35,0.00059,5
2026-01-05T13:10:00Z,603.13,151.14,0.00065,3
2026-01-05T13:15:00Z,647.05,164.32,0.00176,11
2026-01-05T13:20:00Z,577.36,165.52,0.00019,4
2026-01-05T13:25:00Z,549.43,153.13,0.00152,8
2026-01-05T13:30:00Z,565.47,144.32,0.00161,8
2026-01-05T13:35:00Z,555.71,154.42,0.00104,6
2026-01-05T13:40:00Z,514.59,134.95,0.00088,4
2026-01-05T13:45:00Z,510.19,149.24,0.00187,1
2026-01-05T13:50:00Z,561.82,156.92,0.00095,4
2026-01-05T13:55:00Z,544.35,145.29,0.00147,6
2026-01-05T14:00:00Z,500.94,139.89,0.00144,3
2026-01-05T14:05:00Z,525.65,146.98,0.00112,3
2026-01-05T14:10:00Z,512.87,151.37,0.00060,0
2026-01-05T14:15:00Z,467.51,131.80,0.00060,0
2026-01-05T14:20:00Z,459.15,127.79,0.00057,0
2026-01-05T14:25:00Z,482.04,118.17,0.00131,2
2026-01-05T14:30:00Z,500.95,148.98,0.00225,0
2026-01-05T14:35:00Z,479.52,148.05,0.00236,0
2026-01-05T14:40:00Z,499.84,136.98,0.00160,5
2026-01-05T14:45:00Z,485.62,158.46,0.00142,0
2026-01-05T14:50:00Z,422.02,134.62,0.00185,0
2026-01-05T14:55:00Z,506.83,128.18,0.00179,5
2026-01-05T15:00:00Z,461.73,128.92,0.00109,5
2026-01-05T15:05:00Z,419.41,135.26,0.00159,0
2026-01-05T15:10:00Z,413.82,149.29,0.00198,0
2026-01-05T15:15:00Z,453.46,138.95,0.00195,3
2026-01-05T15:20:00Z,427.80,124.83,0.00239,5
2026-01-05T15:25:00Z,416.35,120.17,0.00152,0
2026-01-05T15:30:00Z,401.60,144.39,0.00190,0
2026-01-05T15:35:00Z,414.70,109.38,0.00103,3
2026-01-05T15:40:00Z,442.92,147.56,0.00159,0
2026-01-05T15:45:00Z,395.82,138.11,0.00143,0
2026-01-05T15:50:00Z,397.09,126.45,0.00100,1
2026-01-05T15:55:00Z,413.45,151.30,0.00138,0
2026-01-05T16:00:00Z,423.06,137.91,0.00239,0
2026-01-05T16:05:00Z,393.48,147.05,0.00194,0
2026-01-05T16:10:00Z,364.65,110.08,0.00082,0
2026-01-05T16:15:00Z,400.56,126.20,0.00155,0
2026-01-05T16:20:00Z,401.62,126.17,0.00080,0
2026-01-05T16:25:00Z,370.88,124.98,0.00054,0
2026-01-05T16:30:00Z,400.01,125.45,0.00157,0
2026-01-05T16:35:00Z,375.20,135.78,0.00096,0
2026-01-05T16:40:00Z,401.64,160.05,0.00142,0
2026-01-05T16:45:00Z,409.69,138.23,0.00109,0
2026-01-05T16:50:00Z,365.17,135.01,0.00108,0
2026-01-05T16:55:00Z,418.41,153.21,0.00133,0
2026-01-05T17:00:00Z,373.21,116.55,0.00226,0
2026-01-05T17:05:00Z,420.00,122.22,0.00174,0
2026-01-05T17:10:00Z,362.82,105.73,0.00099,0
2026-01-05T17:15:00Z,434.54,127.35,0.00137,4
2026-01-05T17:20:00Z,374.94,120.84,0.00163,0
2026-01-05T17:25:00Z,393.11,129.34,0.00101,0
2026-01-05T17:30:00Z,361.48,151.36,0.00125,0
2026-01-05T17:35:00Z,398.26,142.97,0.00115,0
2026-01-05T17:40:00Z,386.18,134.93,0.00109,0
2026-01-05T17:45:00Z,438.30,126.25,0.00148,2
2026-01-05T17:50:00Z,373.51,119.71,0.00276,0
2026-01-05T17:55:00Z,409.00,122.56,0.00139,1
2026-01-05T18:00:00Z,434.03,140.85,0.00229,0
2026-01-05T18:05:00Z,388.09,131.22,0.00273,0
2026-01-05T18:10:00Z,421.76,126.27,0.00139,1
2026-01-05T18:15:00Z,399.18,133.22,0.00245,0
2026-01-05T18:20:00Z,432.86,137.06,0.00189,5
2026-01-05T18:25:00Z,387.41,137.02,0.00131,1
2026-01-05T18:30:00Z,445.69,172.69,0.00104,0
2026-01-05T18:35:00Z,383.90,126.99,0.00075,2
2026-01-05T18:40:00Z,398.36,135.16,0.00122,0
2026-01-05T18:45:00Z,422.60,139.11,0.00238,0
2026-01-05T18:50:00Z,386.49,127.90,0.00157,0
2026-01-05T18:55:00Z,414.19,127.69,0.00102,0
2026-01-05T19:00:00Z,429.86,142.29,0.00202,0
2026-01-05T19:05:00Z,398.25,142.54,0.00163,0
2026-01-05T19:10:00Z,456.72,128.22,0.00162,2
2026-01-05T19:15:00Z,422.45,135.39,0.00024,1
2026-01-05T19:20:00Z,417.48,132.63,0.00054,0
2026-01-05T19:25:00Z,425.67,153.76,0.00110,0
2026-01-05T19:30:00Z,415.51,129.38,0.00308,0
2026-01-05T19:35:00Z,418.74,125.82,0.00109,0
2026-01-05T19:40:00Z,393.48,144.22,0.00199,0
2026-01-05T19:45:00Z,370.94,138.27,0.00176,0
2026-01-05T19:50:00Z,388.15,139.02,0.00212,0
2026-01-05T19:55:00Z,449.51,140.59,0.00174,2
2026-01-05T20:00:00Z,408.10,144.92,0.00190,0
2026-01-05T20:05:00Z,390.33,148.67,0.00065,0
2026-01-05T20:10:00Z,352.37,123.50,0.00237,0
2026-01-05T20:15:00Z,402.63,126.09,0.00097,0
2026-01-05T20:20:00Z,355.04,129.10,0.00170,0
2026-01-05T20:25:00Z,367.55,141.24,0.00173,0
2026-01-05T20:30:00Z,369.45,119.28,0.00267,0
2026-01-05T20:35:00Z,388.55,139.18,0.00173,0
2026-01-05T20:40:00Z,361.65,120.11,0.00276,0
2026-01-05T20:45:00Z,316.42,117.79,0.00168,0
2026-01-05T20:50:00Z,350.32,131.25,0.00069,0
2026-01-05T20:55:00Z,349.96,129.22,0.00216,0
2026-01-05T21:00:00Z,382.14,144.17,0.00137,0
2026-01-05T21:05:00Z,351.21,130.98,0.00273,0
2026-01-05T21:10:00Z,340.05,127.21,0.00207,0
2026-01-05T21:15:00Z,355.00,142.35,0.00163,0
2026-01-05T21:20:00Z,300.59,130.11,0.00188,0
2026-01-05T21:25:00Z,336.07,133.41,0.00146,0
2026-01-05T21:30:00Z,320.51,119.17,0.00157,0
2026-01-05T21:35:00Z,291.13,136.08,0.00232,0
2026-01-05T21:40:00Z,335.73,123.76,0.00101,0
2026-01-05T21:45:00Z,336.73,113.96,0.00170,0
2026-01-05T21:50:00Z,275.77,143.01,0.00046,0
2026-01-05T21:55:00Z,303.96,137.12,0.00246,0
2026-01-05T22:00:00Z,281.87,109.25,0.00191,0
2026-01-05T22:05:00Z,271.15,113.89,0.00100,0
2026-01-05T22:10:00Z,277.49,130.68,0.00130,0
2026-01-05T22:15:00Z,233.54,112.50,0.00039,0
2026-01-05T22:20:00Z,300.36,121.43,0.00188,0
2026-01-05T22:25:00Z,259.44,108.15,0.00206,0
2026-01-05T22:30:00Z,285.58,124.20,0.00084,0
2026-01-05T22:35:00Z,290.34,120.23,0.00181,0
2026-01-05T22:40:00Z,271.40,134.72,0.00210,0
2026-01-05T22:45:00Z,257.03,120.05,0.00219,0
2026-01-05T22:50:00Z,263.45,115.53,0.00125,0
2026-01-05T22:55:00Z,291.39,133.68,0.00047,0
2026-01-05T23:00:00Z,264.10,118.79,0.00198,0
2026-01-05T23:05:00Z,232.62,122.01,0.00139,0
2026-01-05T23:10:00Z,273.77,145.41,0.00183,0
2026-01-05T23:15:00Z,246.54,113.57,0.00116,0
2026-01-05T23:20:00Z,195.31,115.92,0.00159,0
2026-01-05T23:25:00Z,236.65,137.20,0.00125,0
2026-01-05T23:30:00Z,283.32,129.06,0.00145,0
2026-01-05T23:35:00Z,260.19,140.48,0.00179,0
2026-01-05T23:40:00Z,271.19,107.32,0.00097,0
2026-01-05T23:45:00Z,234.31,121.42,0.00219,0
2026-01-05T23:50:00Z,247.52,96.91,0.00060,0
2026-01-05T23:55:00Z,229.29,108.49,0.00227,0
2026-01-06T00:00:00Z,232.95,115.73,0.00211,0
2026-01-06T00:05:00Z,234.23,134.08,0.00082,0
2026-01-06T00:10:00Z,233.77,115.32,0.00110,0
2026-01-06T00:15:00Z,234.37,140.94,0.00125,0
2026-01-06T00:20:00Z,245.42,123.54,0.00234,0
2026-01-06T00:25:00Z,223.92,110.33,0.00192,0
2026-01-06T00:30:00Z,222.17,117.25,0.00195,0
2026-01-06T00:35:00Z,220.62,128.12,0.00112,0
2026-01-06T00:40:00Z,201.52,127.82,0.00163,0
2026-01-06T00:45:00Z,222.70,105.66,0.00166,0
2026-01-06T00:50:00Z,212.04,123.11,0.00225,0
2026-01-06T00:55:00Z,248.58,110.96,0.00120,0
2026-01-06T01:00:00Z,245.91,130.79,0.00201,0
2026-01-06T01:05:00Z,206.21,115.39,0.00121,0
2026-01-06T01:10:00Z,225.25,105.92,0.00156,0
2026-01-06T01:15:00Z,247.13,105.10,0.00114,0
2026-01-06T01:20:00Z,206.61,123.48,0.00192,0
2026-01-06T01:25:00Z,180.74,119.73,0.00217,0
2026-01-06T01:30:00Z,281.00,103.37,0.00075,0
2026-01-06T01:35:00Z,242.50,115.84,0.00234,0
2026-01-06T01:40:00Z,241.70,115.60,0.00152,0
2026-01-06T01:45:00Z,252.63,129.73,0.00170,0
2026-01-06T01:50:00Z,251.59,121.46,0.00100,0
2026-01-06T01:55:00Z,197.35,126.69,0.00116,0
2026-01-06T02:00:00Z,209.98,105.76,0.00159,0
2026-01-06T02:05:00Z,247.72,131.60,0.00186,0
2026-01-06T02:10:00Z,270.48,113.88,0.00127,0
2026-01-06T02:15:00Z,245.15,121.01,0.00286,0
2026-01-06T02:20:00Z,236.25,127.69,0.00054,0
2026-01-06T02:25:00Z,228.92,124.29,0.00006,0
2026-01-06T02:30:00Z,239.35,91.85,0.00145,0
2026-01-06T02:35:00Z,211.82,118.76,0.00164,0
2026-01-06T02:40:00Z,232.27,126.33,0.00122,0
2026-01-06T02:45:00Z,243.74,109.36,0.00247,0
2026-01-06T02:50:00Z,264.16,120.40,0.00130,0
2026-01-06T02:55:00Z,239.82,117.35,0.00202,0
2026-01-06T03:00:00Z,280.28,117.90,0.00005,0
2026-01-06T03:05:00Z,233.81,112.74,0.00278,0
2026-01-06T03:10:00Z,246.69,123.58,0.00188,0
2026-01-06T03:15:00Z,245.38,119.91,0.00215,0
2026-01-06T03:20:00Z,258.09,101.88,0.00280,0
2026-01-06T03:25:00Z,253.69,117.35,0.00194,0
2026-01-06T03:30:00Z,247.74,121.58,0.00132,0
2026-01-06T03:35:00Z,236.48,122.52,0.00193,0
2026-01-06T03:40:00Z,264.56,118.84,0.00216,0
2026-01-06T03:45:00Z,215.43,114.67,0.00217,0
2026-01-06T03:50:00Z,247.84,111.15,0.00137,0
2026-01-06T03:55:00Z,250.52,104.93,0.00130,0
2026-01-06T04:00:00Z,261.26,106.61,0.00124,0
2026-01-06T04:05:00Z,275.36,121.01,0.00250,0
2026-01-06T04:10:00Z,215.11,108.36,0.00179,0
2026-01-06T04:15:00Z,279.79,123.28,0.00205,0
2026-01-06T04:20:00Z,289.55,141.49,0.00208,0
2026-01-06T04:25:00Z,246.65,108.69,0.00237,0
2026-01-06T04:30:00Z,268.80,105.35,0.00123,0
2026-01-06T04:35:00Z,271.31,130.08,0.00048,0
2026-01-06T04:40:00Z,250.63,128.87,0.00129,0
2026-01-06T04:45:00Z,288.82,119.56,0.00163,0
2026-01-06T04:50:00Z,274.77,112.37,0.00181,0
2026-01-06T04:55:00Z,276.98,116.57,0.00066,0
2026-01-06T05:00:00Z,251.26,122.02,0.00134,0
2026-01-06T05:05:00Z,295.46,141.66,0.00063,0
2026-01-06T05:10:00Z,332.98,116.04,0.00154,0
2026-01-06T05:15:00Z,315.55,111.50,0.00214,0
2026-01-06T05:20:00Z,315.86,146.03,0.00144,0
2026-01-06T05:25:00Z,328.26,118.70,0.00030,0
2026-01-06T05:30:00Z,298.59,131.36,0.00192,0
2026-01-06T05:35:00Z,266.38,111.38,0.00124,0
2026-01-06T05:40:00Z,344.52,132.25,0.00224,0
2026-01-06T05:45:00Z,303.22,148.87,0.00064,0
2026-01-06T05:50:00Z,345.80,139.23,0.00133,0
2026-01-06T05:55:00Z,330.46,127.42,0.00135,0
2026-01-06T06:00:00Z,363.11,123.44,0.00302,1
2026-01-06T06:05:00Z,341.91,130.21,0.00291,0
2026-01-06T06:10:00Z,330.67,128.11,0.00191,0
2026-01-06T06:15:00Z,341.22,122.41,0.00131,0
2026-01-06T06:20:00Z,359.52,123.91,0.00235,0
2026-01-06T06:25:00Z,392.45,144.66,0.00120,0
2026-01-06T06:30:00Z,346.64,149.16,0.00207,0
2026-01-06T06:35:00Z,426.87,127.40,0.00000,0
2026-01-06T06:40:00Z,391.87,120.65,0.00198,0
2026-01-06T06:45:00Z,333.42,143.80,0.00168,0
2026-01-06T06:50:00Z,390.65,142.28,0.00151,0
2026-01-06T06:55:00Z,417.78,145.73,0.00290,0
2026-01-06T07:00:00Z,402.69,134.30,0.00121,0
2026-01-06T07:05:00Z,450.32,123.07,0.00151,5
2026-01-06T07:10:00Z,427.55,139.94,0.00176,3
2026-01-06T07:15:00Z,453.99,143.19,0.00240,0
2026-01-06T07:20:00Z,401.27,159.24,0.00138,0
2026-01-06T07:25:00Z,440.17,129.08,0.00177,0
2026-01-06T07:30:00Z,473.18,128.44,0.00236,0
2026-01-06T07:35:00Z,450.12,150.14,0.00185,0
2026-01-06T07:40:00Z,482.53,125.19,0.00170,1
2026-01-06T07:45:00Z,498.36,154.36,0.00176,0
2026-01-06T07:50:00Z,471.11,142.49,0.00285,3
2026-01-06T07:55:00Z,498.28,148.51,0.00151,0
2026-01-06T08:00:00Z,525.06,160.88,0.00246,3
2026-01-06T08:05:00Z,511.04,123.52,0.00210,7
2026-01-06T08:10:00Z,569.72,155.62,0.00245,5
2026-01-06T08:15:00Z,622.48,154.88,0.00271,7
2026-01-06T08:20:00Z,549.15,173.98,0.00203,4
2026-01-06T08:25:00Z,528.79,146.53,0.00046,0
2026-01-06T08:30:00Z,531.34,142.38,0.00213,2
2026-01-06T08:35:00Z,608.11,157.21,0.00146,8
2026-01-06T08:40:00Z,585.68,170.03,0.00133,2
2026-01-06T08:45:00Z,601.14,151.88,0.00166,5
2026-01-06T08:50:00Z,604.45,172.53,0.00188,6
2026-01-06T08:55:00Z,605.87,160.56,0.00074,9
2026-01-06T09:00:00Z,620.46,156.35,0.00213,4
2026-01-06T09:05:00Z,598.57,138.51,0.00115,0
2026-01-06T09:10:00Z,676.64,165.76,0.00203,11
2026-01-06T09:15:00Z,621.57,168.15,0.00159,4
2026-01-06T09:20:00Z,695.99,162.49,0.00159,10
2026-01-06T09:25:00Z,677.43,164.37,0.00135,11
2026-01-06T09:30:00Z,673.62,169.09,0.00186,7
2026-01-06T09:35:00Z,649.78,154.60,0.00146,7
2026-01-06T09:40:00Z,693.31,176.24,0.00127,12
2026-01-06T09:45:00Z,684.66,174.55,0.00137,10
2026-01-06T09:50:00Z,722.14,169.99,0.00277,11
2026-01-06T09:55:00Z,704.12,161.94,0.00175,7
2026-01-06T10:00:00Z,698.71,151.31,0.00169,9
2026-01-06T10:05:00Z,725.93,166.96,0.00212,16
2026-01-06T10:10:00Z,711.10,168.30,0.00019,9
2026-01-06T10:15:00Z,705.14,171.75,0.00143,9
2026-01-06T10:20:00Z,714.69,155.07,0.00126,13
2026-01-06T10:25:00Z,699.22,169.15,0.00095,11
2026-01-06T10:30:00Z,714.19,177.08,0.00169,6
2026-01-06T10:35:00Z,742.98,163.26,0.00146,10
2026-01-06T10:40:00Z,767.74,177.85,0.00276,12
2026-01-06T10:45:00Z,813.67,176.69,0.00271,11
2026-01-06T10:50:00Z,726.69,162.99,0.00184,11
2026-01-06T10:55:00Z,743.33,177.21,0.00251,10
2026-01-06T11:00:00Z,765.08,174.14,0.00204,8
2026-01-06T11:05:00Z,711.51,183.20,0.00216,8
2026-01-06T11:10:00Z,732.78,170.72,0.00316,11
2026-01-06T11:15:00Z,720.36,171.58,0.00299,10
2026-01-06T11:20:00Z,730.81,189.68,0.00179,10
2026-01-06T11:25:00Z,702.78,150.80,0.00254,7
2026-01-06T11:30:00Z,774.76,173.41,0.00257,15
2026-01-06T11:35:00Z,727.60,170.17,0.00107,12
2026-01-06T11:40:00Z,756.23,147.09,0.00317,10
2026-01-06T11:45:00Z,701.60,163.74,0.00216,10
2026-01-06T11:50:00Z,664.87,150.74,0.00340,9
2026-01-06T11:55:00Z,684.75,160.17,0.00237,6
2026-01-06T12:00:00Z,711.74,168.91,0.00289,11
2026-01-06T12:05:00Z,681.05,159.03,0.00208,5
2026-01-06T12:10:00Z,700.43,161.09,0.00140,5
2026-01-06T12:15:00Z,686.81,165.72,0.00179,7
2026-01-06T12:20:00Z,698.03,162.70,0.00226,6
2026-01-06T12:25:00Z,671.39,172.95,0.00173,6
2026-01-06T12:30:00Z,733.68,179.00,0.00313,9
2026-01-06T12:35:00Z,657.54,147.43,0.00271,5
2026-01-06T12:40:00Z,661.12,166.32,0.00111,3
2026-01-06T12:45:00Z,629.80,137.85,0.00149,13
2026-01-06T12:50:00Z,668.62,175.71,0.00168,7
2026-01-06T12:55:00Z,613.91,154.39,0.00233,8
2026-01-06T13:00:00Z,617.67,164.55,0.00242,4
2026-01-06T13:05:00Z,578.10,172.75,0.00058,3
2026-01-06T13:10:00Z,593.07,176.03,0.00176,3
2026-01-06T13:15:00Z,564.34,163.11,0.00152,3
2026-01-06T13:20:00Z,620.74,166.55,0.00242,4
2026-01-06T13:25:00Z,527.80,151.35,0.00167,4
2026-01-06T13:30:00Z,569.72,161.23,0.00159,4
2026-01-06T13:35:00Z,524.24,139.83,0.00294,3
2026-01-06T13:40:00Z,523.08,158.09,0.00186,4
2026-01-06T13:45:00Z,552.45,137.95,0.00181,4
2026-01-06T13:50:00Z,551.86,140.05,0.00102,3
2026-01-06T13:55:00Z,550.80,137.01,0.00080,0
2026-01-06T14:00:00Z,489.58,148.91,0.00070,0
2026-01-06T14:05:00Z,538.35,154.55,0.00141,2
2026-01-06T14:10:00Z,526.30,137.16,0.00130,0
2026-01-06T14:15:00Z,515.96,147.30,0.00139,0
2026-01-06T14:20:00Z,533.35,141.92,0.00161,4
2026-01-06T14:25:00Z,455.60,144.19,0.00177,1
2026-01-06T14:30:00Z,525.76,162.62,0.00053,2
2026-01-06T14:35:00Z,478.28,151.09,0.00062,0
2026-01-06T14:40:00Z,475.78,131.05,0.00185,0
2026-01-06T14:45:00Z,460.42,129.24,0.00135,2
2026-01-06T14:50:00Z,425.89,127.19,0.00117,1
2026-01-06T14:55:00Z,481.09,137.90,0.00084,4
2026-01-06T15:00:00Z,427.13,141.56,0.00162,0
2026-01-06T15:05:00Z,456.08,135.34,0.00095,0
2026-01-06T15:10:00Z,405.69,118.68,0.00255,2
2026-01-06T15:15:00Z,455.63,139.34,0.00197,4
2026-01-06T15:20:00Z,417.86,144.44,0.00286,0
2026-01-06T15:25:00Z,436.34,124.48,0.00080,0
2026-01-06T15:30:00Z,436.36,136.52,0.00215,1
2026-01-06T15:35:00Z,404.86,138.99,0.00000,0
2026-01-06T15:40:00Z,360.63,126.56,0.00165,0
2026-01-06T15:45:00Z,407.69,151.60,0.00221,4
2026-01-06T15:50:00Z,411.07,139.72,0.00245,0
2026-01-06T15:55:00Z,446.70,129.61,0.00174,1
2026-01-06T16:00:00Z,415.66,128.78,0.00134,0
2026-01-06T16:05:00Z,443.10,164.44,0.00082,0
2026-01-06T16:10:00Z,389.81,130.83,0.00105,4
2026-01-06T16:15:00Z,405.68,143.59,0.00188,0
2026-01-06T16:20:00Z,366.64,120.40,0.00108,0
2026-01-06T16:25:00Z,408.83,154.84,0.00135,0
2026-01-06T16:30:00Z,359.94,115.24,0.00247,0
2026-01-06T16:35:00Z,408.01,118.70,0.00212,0
2026-01-06T16:40:00Z,400.87,152.20,0.00107,2
2026-01-06T16:45:00Z,424.57,141.85,0.00157,0
2026-01-06T16:50:00Z,370.68,152.08,0.00089,0
2026-01-06T16:55:00Z,426.00,127.05,0.00092,1
2026-01-06T17:00:00Z,396.53,148.13,0.00259,0
2026-01-06T17:05:00Z,391.40,140.34,0.00216,0
2026-01-06T17:10:00Z,404.84,149.46,0.00082,0
2026-01-06T17:15:00Z,362.72,142.68,0.00076,0
2026-01-06T17:20:00Z,411.26,134.07,0.00144,0
2026-01-06T17:25:00Z,382.77,129.43,0.00084,0
2026-01-06T17:30:00Z,415.55,133.64,0.00132,0
2026-01-06T17:35:00Z,393.21,130.66,0.00115,0
2026-01-06T17:40:00Z,418.23,140.05,0.00204,1
2026-01-06T17:45:00Z,419.86,144.60,0.00210,0
2026-01-06T17:50:00Z,409.17,125.15,0.00192,0
2026-01-06T17:55:00Z,423.22,127.67,0.00204,0
2026-01-06T18:00:00Z,403.56,147.86,0.00113,0
2026-01-06T18:05:00Z,427.82,136.08,0.00192,0
2026-01-06T18:10:00Z,409.95,120.18,0.00176,0
2026-01-06T18:15:00Z,370.80,135.83,0.00153,1
2026-01-06T18:20:00Z,431.44,138.29,0.00093,0
2026-01-06T18:25:00Z,406.33,128.37,0.00019,0
2026-01-06T18:30:00Z,433.42,126.76,0.00173,0
2026-01-06T18:35:00Z,434.21,135.63,0.00141,0
2026-01-06T18:40:00Z,471.20,138.18,0.00075,0
2026-01-06T18:45:00Z,461.76,128.95,0.00047,3
2026-01-06T18:50:00Z,392.92,122.14,0.00211,0
2026-01-06T18:55:00Z,440.05,129.07,0.00166,0
2026-01-06T19:00:00Z,433.11,159.75,0.00151,0
2026-01-06T19:05:00Z,380.25,147.71,0.00142,0
2026-01-06T19:10:00Z,410.18,136.73,0.00144,0
2026-01-06T19:15:00Z,390.29,116.02,0.00000,0
2026-01-06T19:20:00Z,383.99,128.59,0.00126,0
2026-01-06T19:25:00Z,435.07,142.09,0.00115,1
2026-01-06T19:30:00Z,428.86,115.74,0.00120,0
2026-01-06T19:35:00Z,419.32,140.15,0.00107,0
2026-01-06T19:40:00Z,389.01,146.05,0.00162,0
2026-01-06T19:45:00Z,395.50,143.75,0.00130,0
2026-01-06T19:50:00Z,425.23,137.30,0.00096,0
2026-01-06T19:55:00Z,370.64,120.47,0.00244,0
2026-01-06T20:00:00Z,429.50,145.61,0.00209,0
2026-01-06T20:05:00Z,345.51,132.98,0.00136,0
2026-01-06T20:10:00Z,370.01,124.51,0.00129,0
2026-01-06T20:15:00Z,371.16,125.49,0.00136,0
2026-01-06T20:20:00Z,384.54,134.92,0.00108,0
2026-01-06T20:25:00Z,360.54,134.57,0.00257,0
2026-01-06T20:30:00Z,352.87,138.12,0.00027,0
2026-01-06T20:35:00Z,356.07,131.22,0.00221,0
2026-01-06T20:40:00Z,339.18,122.45,0.00258,0
2026-01-06T20:45:00Z,333.66,120.27,0.00269,0
2026-01-06T20:50:00Z,358.89,127.80,0.00159,0
2026-01-06T20:55:00Z,356.46,118.23,0.00144,0
2026-01-06T21:00:00Z,316.78,109.39,0.00161,0
2026-01-06T21:05:00Z,367.54,135.35,0.00165,1
2026-01-06T21:10:00Z,342.29,121.52,0.00146,0
2026-01-06T21:15:00Z,356.35,121.62,0.00128,0
2026-01-06T21:20:00Z,368.56,121.36,0.00114,0
2026-01-06T21:25:00Z,330.56,108.37,0.00000,0
2026-01-06T21:30:00Z,314.24,115.48,0.00284,0
2026-01-06T21:35:00Z,325.12,131.60,0.00138,0
2026-01-06T21:40:00Z,338.50,141.55,0.00320,0
2026-01-06T21:45:00Z,285.37,115.48,0.00334,0
2026-01-06T21:50:00Z,279.88,118.40,0.00204,0
2026-01-06T21:55:00Z,281.03,113.13,0.00136,0
2026-01-06T22:00:00Z,353.80,133.47,0.00132,0
2026-01-06T22:05:00Z,298.42,127.52,0.00256,0
2026-01-06T22:10:00Z,315.34,123.60,0.00206,0
2026-01-06T22:15:00Z,305.71,128.41,0.00226,0
2026-01-06T22:20:00Z,298.99,138.90,0.00135,0
2026-01-06T22:25:00Z,292.81,123.49,0.00234,0
2026-01-06T22:30:00Z,306.87,126.59,0.00111,0
2026-01-06T22:35:00Z,283.16,120.71,0.00239,0
2026-01-06T22:40:00Z,278.64,114.14,0.00120,0
2026-01-06T22:45:00Z,276.61,108.27,0.00020,0
2026-01-06T22:50:00Z,267.88,104.03,0.00114,0
2026-01-06T22:55:00Z,242.83,109.24,0.00267,0
2026-01-06T23:00:00Z,251.58,114.25,0.00086,0
2026-01-06T23:05:00Z,290.85,127.37,0.00146,0
2026-01-06T23:10:00Z,264.29,119.03,0.00122,0
2026-01-06T23:15:00Z,263.83,114.20,0.00142,0
2026-01-06T23:20:00Z,308.84,119.43,0.00230,0
2026-01-06T23:25:00Z,234.52,105.15,0.00137,0
2026-01-06T23:30:00Z,235.09,126.82,0.00072,0
2026-01-06T23:35:00Z,243.87,104.75,0.00071,0
2026-01-06T23:40:00Z,232.36,118.66,0.00145,0
2026-01-06T23:45:00Z,265.95,99.85,0.00118,0
2026-01-06T23:50:00Z,235.50,126.77,0.00086,0
2026-01-06T23:55:00Z,241.85,108.35,0.00199,0
2026-01-07T00:00:00Z,204.73,116.47,0.00218,0
2026-01-07T00:05:00Z,203.17,109.13,0.00174,0
2026-01-07T00:10:00Z,248.68,122.74,0.00152,0
2026-01-07T00:15:00Z,187.68,105.59,0.00228,0
2026-01-07T00:20:00Z,228.16,104.58,0.00136,0
2026-01-07T00:25:00Z,237.33,122.59,0.00151,0
2026-01-07T00:30:00Z,230.80,115.10,0.00059,0
2026-01-07T00:35:00Z,244.78,120.64,0.00113,0
2026-01-07T00:40:00Z,234.09,100.71,0.00116,0
2026-01-07T00:45:00Z,224.54,117.05,0.00037,0
2026-01-07T00:50:00Z,265.82,138.90,0.00136,0
2026-01-07T00:55:00Z,262.41,116.14,0.00291,0
2026-01-07T01:00:00Z,189.64,111.23,0.00324,0
2026-01-07T01:05:00Z,244.66,119.01,0.00187,0
2026-01-07T01:10:00Z,240.51,115.60,0.00115,0
2026-01-07T01:15:00Z,235.68,99.94,0.00203,0
2026-01-07T01:20:00Z,255.31,131.55,0.00112,0
2026-01-07T01:25:00Z,233.98,108.46,0.00113,0
2026-01-07T01:30:00Z,301.19,117.83,0.00165,0
2026-01-07T01:35:00Z,252.64,117.07,0.00156,0
2026-01-07T01:40:00Z,290.78,138.14,0.00144,0
2026-01-07T01:45:00Z,228.06,109.82,0.00167,0
2026-01-07T01:50:00Z,212.39,121.83,0.00169,0
2026-01-07T01:55:00Z,216.91,117.66,0.00171,0
2026-01-07T02:00:00Z,247.80,128.95,0.00173,0
2026-01-07T02:05:00Z,222.54,108.59,0.00225,0
2026-01-07T02:10:00Z,233.12,108.47,0.00088,0
2026-01-07T02:15:00Z,223.84,94.69,0.00216,0
2026-01-07T02:20:00Z,279.07,111.58,0.00148,0
2026-01-07T02:25:00Z,234.66,121.05,0.00000,0
2026-01-07T02:30:00Z,242.25,115.45,0.00184,0
2026-01-07T02:35:00Z,246.75,126.13,0.00027,0
2026-01-07T02:40:00Z,241.41,120.17,0.00157,0
2026-01-07T02:45:00Z,216.70,127.04,0.00089,0
2026-01-07T02:50:00Z,211.98,116.83,0.00149,0
2026-01-07T02:55:00Z,227.63,119.88,0.00252,0
2026-01-07T03:00:00Z,225.09,127.53,0.00174,0
2026-01-07T03:05:00Z,247.51,96.85,0.00198,0
2026-01-07T03:10:00Z,213.65,127.03,0.00194,0
2026-01-07T03:15:00Z,253.62,97.88,0.00113,0
2026-01-07T03:20:00Z,231.56,99.62,0.00136,0
2026-01-07T03:25:00Z,219.00,95.34,0.00185,0
2026-01-07T03:30:00Z,262.54,102.24,0.00112,0
2026-01-07T03:35:00Z,249.01,100.61,0.00190,0
2026-01-07T03:40:00Z,248.77,127.39,0.00167,0
2026-01-07T03:45:00Z,241.26,117.43,0.00163,0
2026-01-07T03:50:00Z,241.04,109.04,0.00198,0
2026-01-07T03:55:00Z,243.30,124.26,0.00254,0
2026-01-07T04:00:00Z,262.69,108.16,0.00243,0
2026-01-07T04:05:00Z,232.56,109.23,0.00132,0
2026-01-07T04:10:00Z,281.87,114.49,0.00097,0
2026-01-07T04:15:00Z,251.42,98.20,0.00057,0
2026-01-07T04:20:00Z,260.35,127.54,0.00110,0
2026-01-07T04:25:00Z,267.47,121.75,0.00160,0
2026-01-07T04:30:00Z,266.46,135.10,0.00097,0
2026-01-07T04:35:00Z,244.90,107.41,0.00254,0
2026-01-07T04:40:00Z,233.87,113.37,0.00244,0
2026-01-07T04:45:00Z,283.81,131.34,0.00053,0
2026-01-07T04:50:00Z,272.02,130.38,0.00036,0
2026-01-07T04:55:00Z,269.46,125.72,0.00182,0
2026-01-07T05:00:00Z,283.48,113.39,0.00164,0
2026-01-07T05:05:00Z,320.22,129.56,0.00163,0
2026-01-07T05:10:00Z,251.71,93.18,0.00238,0
2026-01-07T05:15:00Z,276.35,127.60,0.00117,0
2026-01-07T05:20:00Z,302.29,123.48,0.00198,0
2026-01-07T05:25:00Z,311.37,103.88,0.00176,0
2026-01-07T05:30:00Z,303.25,96.06,0.00200,0
2026-01-07T05:35:00Z,274.54,129.75,0.00174,0
2026-01-07T05:40:00Z,297.65,118.27,0.00215,0
2026-01-07T05:45:00Z,312.23,93.29,0.00165,0
2026-01-07T05:50:00Z,307.04,131.02,0.00134,0
2026-01-07T05:55:00Z,336.48,126.02,0.00166,0
2026-01-07T06:00:00Z,341.49,116.62,0.00127,0
2026-01-07T06:05:00Z,320.44,118.48,0.00142,0
2026-01-07T06:10:00Z,346.70,125.63,0.00104,0
2026-01-07T06:15:00Z,323.47,126.97,0.00224,0
2026-01-07T06:20:00Z,377.48,131.93,0.00184,0
2026-01-07T06:25:00Z,351.29,133.01,0.00087,0
2026-01-07T06:30:00Z,415.78,134.25,0.00146,0
2026-01-07T06:35:00Z,401.23,158.94,0.00158,0
2026-01-07T06:40:00Z,387.79,146.56,0.00171,0
2026-01-07T06:45:00Z,374.96,133.52,0.00291,0
2026-01-07T06:50:00Z,436.08,107.60,0.00158,0
2026-01-07T06:55:00Z,414.04,131.11,0.00274,1
2026-01-07T07:00:00Z,405.74,141.23,0.00098,0
2026-01-07T07:05:00Z,360.89,120.69,0.00111,0
2026-01-07T07:10:00Z,406.36,140.29,0.00216,0
2026-01-07T07:15:00Z,435.20,140.64,0.00279,0
2026-01-07T07:20:00Z,425.47,137.95,0.00241,0
2026-01-07T07:25:00Z,451.07,112.54,0.00131,1
2026-01-07T07:30:00Z,508.99,147.85,0.00065,2
2026-01-07T07:35:00Z,513.38,140.92,0.00173,3
2026-01-07T07:40:00Z,469.35,140.62,0.00190,0
2026-01-07T07:45:00Z,531.25,156.16,0.00069,1
2026-01-07T07:50:00Z,517.98,151.32,0.00207,4
2026-01-07T07:55:00Z,518.94,155.38,0.00141,2
2026-01-07T08:00:00Z,523.34,137.96,0.00000,3
2026-01-07T08:05:00Z,497.85,146.58,0.00134,3
2026-01-07T08:10:00Z,527.90,160.93,0.00239,5
2026-01-07T08:15:00Z,523.37,136.82,0.00125,4
2026-01-07T08:20:00Z,549.66,145.82,0.00063,7
2026-01-07T08:25:00Z,556.88,148.44,0.00208,0
2026-01-07T08:30:00Z,541.73,158.18,0.00087,3
2026-01-07T08:35:00Z,608.93,149.28,0.00151,2
2026-01-07T08:40:00Z,617.46,164.87,0.00154,6
2026-01-07T08:45:00Z,631.39,165.50,0.00345,8
2026-01-07T08:50:00Z,625.48,178.57,0.00225,8
2026-01-07T08:55:00Z,615.12,139.28,0.00175,7
2026-01-07T09:00:00Z,651.77,146.43,0.00225,3
2026-01-07T09:05:00Z,616.84,158.55,0.00157,7
2026-01-07T09:10:00Z,605.85,146.00,0.00174,9
2026-01-07T09:15:00Z,678.55,165.63,0.00151,11
2026-01-07T09:20:00Z,651.83,162.66,0.00097,4
2026-01-07T09:25:00Z,670.98,156.48,0.00326,12
2026-01-07T09:30:00Z,648.97,149.86,0.00100,5
2026-01-07T09:35:00Z,669.76,168.38,0.00141,7
2026-01-07T09:40:00Z,692.79,160.37,0.00141,7
2026-01-07T09:45:00Z,687.37,161.45,0.00129,8
2026-01-07T09:50:00Z,712.64,163.54,0.00069,11
2026-01-07T09:55:00Z,691.90,195.08,0.00159,8
2026-01-07T10:00:00Z,682.80,169.05,0.00106,8
2026-01-07T10:05:00Z,703.83,168.14,0.00210,10
2026-01-07T10:10:00Z,730.64,182.14,0.00252,13
2026-01-07T10:15:00Z,686.28,166.26,0.00139,8
2026-01-07T10:20:00Z,766.48,188.17,0.00206,11
2026-01-07T10:25:00Z,669.44,167.20,0.00271,7
2026-01-07T10:30:00Z,738.94,173.51,0.00169,18
2026-01-07T10:35:00Z,707.31,168.92,0.00198,13
2026-01-07T10:40:00Z,753.31,165.90,0.00235,11
2026-01-07T10:45:00Z,731.92,187.93,0.00173,10
2026-01-07T10:50:00Z,708.36,152.40,0.00182,9
2026-01-07T10:55:00Z,711.70,166.53,0.00347,11
2026-01-07T11:00:00Z,730.58,181.23,0.00185,11
2026-01-07T11:05:00Z,735.37,161.32,0.00107,9
2026-01-07T11:10:00Z,713.90,177.11,0.00242,10
2026-01-07T11:15:00Z,741.74,157.34,0.00134,10
2026-01-07T11:20:00Z,750.81,170.77,0.00187,11
2026-01-07T11:25:00Z,737.84,159.05,0.00153,15
2026-01-07T11:30:00Z,741.68,162.74,0.00277,11
2026-01-07T11:35:00Z,696.58,144.21,0.00242,8
2026-01-07T11:40:00Z,712.29,164.07,0.00169,8
2026-01-07T11:45:00Z,690.76,162.47,0.00256,6
2026-01-07T11:50:00Z,696.82,145.35,0.00280,9
2026-01-07T11:55:00Z,701.27,166.91,0.00243,10
2026-01-07T12:00:00Z,716.32,162.16,0.00148,7
2026-01-07T12:05:00Z,681.26,153.09,0.00151,14
2026-01-07T12:10:00Z,668.18,149.60,0.00135,6
2026-01-07T12:15:00Z,705.88,161.69,0.00154,6
2026-01-07T12:20:00Z,698.67,184.51,0.00241,6
2026-01-07T12:25:00Z,673.94,170.71,0.00245,10
2026-01-07T12:30:00Z,683.03,158.49,0.00234,10
2026-01-07T12:35:00Z,620.12,138.60,0.00118,7
2026-01-07T12:40:00Z,677.08,133.47,0.00192,8
2026-01-07T12:45:00Z,623.78,156.90,0.00226,7
2026-01-07T12:50:00Z,651.66,175.04,0.00147,8
2026-01-07T12:55:00Z,649.32,135.87,0.00100,6
2026-01-07T13:00:00Z,610.34,152.88,0.00126,4
2026-01-07T13:05:00Z,616.34,164.09,0.00081,5
2026-01-07T13:10:00Z,610.49,166.11,0.00164,9
2026-01-07T13:15:00Z,552.05,156.74,0.00186,6
2026-01-07T13:20:00Z,579.36,159.55,0.00280,2
2026-01-07T13:25:00Z,632.89,164.99,0.00141,9
2026-01-07T13:30:00Z,566.24,151.55,0.00107,2
2026-01-07T13:35:00Z,542.12,142.13,0.00120,3
2026-01-07T13:40:00Z,522.41,151.99,0.00166,1
2026-01-07T13:45:00Z,565.99,160.19,0.00118,4
2026-01-07T13:50:00Z,542.71,133.17,0.00119,4
2026-01-07T13:55:00Z,496.17,166.39,0.00193,6
2026-01-07T14:00:00Z,518.57,134.59,0.00152,1
2026-01-07T14:05:00Z,539.87,142.05,0.00133,0
2026-01-07T14:10:00Z,550.74,150.38,0.00039,5
2026-01-07T14:15:00Z,514.81,144.92,0.00134,3
2026-01-07T14:20:00Z,499.08,156.76,0.00057,0
2026-01-07T14:25:00Z,501.17,158.44,0.00123,0
2026-01-07T14:30:00Z,505.41,145.61,0.00069,4
2026-01-07T14:35:00Z,472.30,124.91,0.00184,3
2026-01-07T14:40:00Z,511.28,154.37,0.00191,2
2026-01-07T14:45:00Z,463.72,135.15,0.00000,1
2026-01-07T14:50:00Z,444.93,135.31,0.00065,0
2026-01-07T14:55:00Z,478.62,138.77,0.00211,5
2026-01-07T15:00:00Z,486.84,143.27,0.00164,0
2026-01-07T15:05:00Z,430.60,139.97,0.00148,0
2026-01-07T15:10:00Z,439.26,155.75,0.00232,2
2026-01-07T15:15:00Z,451.77,153.58,0.00128,2
2026-01-07T15:20:00Z,431.10,146.00,0.00239,1
2026-01-07T15:25:00Z,409.68,118.71,0.00231,0
2026-01-07T15:30:00Z,455.49,137.34,0.00189,0
2026-01-07T15:35:00Z,390.38,130.47,0.00036,0
2026-01-07T15:40:00Z,436.70,128.67,0.00211,0
2026-01-07T15:45:00Z,361.87,122.31,0.00073,0
2026-01-07T15:50:00Z,345.39,121.11,0.00142,0
2026-01-07T15:55:00Z,437.91,129.84,0.00094,1
2026-01-07T16:00:00Z,376.16,127.01,0.00256,0
2026-01-07T16:05:00Z,390.68,131.30,0.00179,0
2026-01-07T16:10:00Z,393.34,127.61,0.00069,0
2026-01-07T16:15:00Z,444.56,144.66,0.00000,0
2026-01-07T16:20:00Z,443.70,144.50,0.00140,2
2026-01-07T16:25:00Z,394.97,132.76,0.00170,0
2026-01-07T16:30:00Z,454.51,133.71,0.00162,4
2026-01-07T16:35:00Z,390.54,126.25,0.00169,0
2026-01-07T16:40:00Z,426.78,128.13,0.00266,0
2026-01-07T16:45:00Z,414.30,122.56,0.00189,1
2026-01-07T16:50:00Z,363.75,129.12,0.00178,0
2026-01-07T16:55:00Z,407.10,122.15,0.00222,0
2026-01-07T17:00:00Z,383.04,108.01,0.00237,0
2026-01-07T17:05:00Z,395.75,131.37,0.00079,2
2026-01-07T17:10:00Z,400.13,125.63,0.00027,2
2026-01-07T17:15:00Z,460.11,152.44,0.00269,2
2026-01-07T17:20:00Z,438.02,154.17,0.00131,1
2026-01-07T17:25:00Z,410.82,107.38,0.00131,0
2026-01-07T17:30:00Z,369.43,142.66,0.00105,0
2026-01-07T17:35:00Z,394.55,136.76,0.00142,0
2026-01-07T17:40:00Z,405.22,115.77,0.00185,0
2026-01-07T17:45:00Z,371.46,141.90,0.00037,0
2026-01-07T17:50:00Z,402.11,141.00,0.00168,0
2026-01-07T17:55:00Z,411.06,120.98,0.00312,0
2026-01-07T18:00:00Z,419.87,139.01,0.00156,0
2026-01-07T18:05:00Z,441.87,133.47,0.00220,0
2026-01-07T18:10:00Z,385.65,130.56,0.00076,0
2026-01-07T18:15:00Z,416.62,137.23,0.00175,3
2026-01-07T18:20:00Z,428.22,127.32,0.00067,0
2026-01-07T18:25:00Z,415.64,144.66,0.00185,0
2026-01-07T18:30:00Z,440.83,127.33,0.00155,2
2026-01-07T18:35:00Z,376.78,140.82,0.00139,0
2026-01-07T18:40:00Z,418.18,129.25,0.00170,0
2026-01-07T18:45:00Z,442.32,144.20,0.00056,1
2026-01-07T18:50:00Z,464.67,148.93,0.00018,0
2026-01-07T18:55:00Z,445.41,139.26,0.00069,3
2026-01-07T19:00:00Z,445.09,144.22,0.00231,0
2026-01-07T19:05:00Z,434.01,128.32,0.00051,2
2026-01-07T19:10:00Z,444.92,130.45,0.00140,0
2026-01-07T19:15:00Z,410.04,136.30,0.00108,0
2026-01-07T19:20:00Z,405.88,146.70,0.00091,0
2026-01-07T19:25:00Z,432.01,137.52,0.00198,0
2026-01-07T19:30:00Z,382.14,144.13,0.00234,0
2026-01-07T19:35:00Z,419.80,143.92,0.00130,0
2026-01-07T19:40:00Z,378.34,115.89,0.00092,0
2026-01-07T19:45:00Z,406.57,128.62,0.00126,0
2026-01-07T19:50:00Z,385.90,132.23,0.00112,0
2026-01-07T19:55:00Z,380.47,134.34,0.00139,0
2026-01-07T20:00:00Z,403.75,148.08,0.00000,0
2026-01-07T20:05:00Z,435.87,163.13,0.00138,0
2026-01-07T20:10:00Z,394.36,148.14,0.00109,0
2026-01-07T20:15:00Z,394.54,108.91,0.00133,1
2026-01-07T20:20:00Z,375.12,139.36,0.00166,0
2026-01-07T20:25:00Z,402.75,154.92,0.00254,0
2026-01-07T20:30:00Z,377.41,142.34,0.00119,0
2026-01-07T20:35:00Z,350.29,105.84,0.00162,0
2026-01-07T20:40:00Z,362.55,125.66,0.00119,0
2026-01-07T20:45:00Z,363.74,118.04,0.00167,0
2026-01-07T20:50:00Z,335.19,122.11,0.00053,0
2026-01-07T20:55:00Z,337.46,123.84,0.00177,0
2026-01-07T21:00:00Z,349.16,141.59,0.00169,0
2026-01-07T21:05:00Z,345.95,108.84,0.00178,0
2026-01-07T21:10:00Z,331.31,121.70,0.00077,0
2026-01-07T21:15:00Z,373.49,135.91,0.00111,0
2026-01-07T21:20:00Z,305.78,131.45,0.00250,0
2026-01-07T21:25:00Z,304.44,106.39,0.00056,0
2026-01-07T21:30:00Z,337.32,111.54,0.00049,0
2026-01-07T21:35:00Z,272.04,90.60,0.00138,0
2026-01-07T21:40:00Z,313.56,121.08,0.00162,0
2026-01-07T21:45:00Z,294.22,146.16,0.00226,0
2026-01-07T21:50:00Z,302.52,133.08,0.00138,0
2026-01-07T21:55:00Z,308.67,145.97,0.00224,0
2026-01-07T22:00:00Z,305.76,129.58,0.00087,0
2026-01-07T22:05:00Z,305.54,130.69,0.00143,0
2026-01-07T22:10:00Z,339.92,144.65,0.00108,0
2026-01-07T22:15:00Z,306.10,142.85,0.00208,0
2026-01-07T22:20:00Z,304.83,117.86,0.00094,0
2026-01-07T22:25:00Z,281.94,113.88,0.00125,0
2026-01-07T22:30:00Z,256.79,113.94,0.00213,0
2026-01-07T22:35:00Z,263.76,102.85,0.00103,0
2026-01-07T22:40:00Z,236.91,104.49,0.00109,0
2026-01-07T22:45:00Z,291.76,109.53,0.00205,0
2026-01-07T22:50:00Z,257.09,138.34,0.00150,0
2026-01-07T22:55:00Z,229.34,126.92,0.00227,0
2026-01-07T23:00:00Z,267.64,106.72,0.00269,0
2026-01-07T23:05:00Z,245.42,108.53,0.00155,0
2026-01-07T23:10:00Z,275.09,110.71,0.00150,0
2026-01-07T23:15:00Z,231.84,137.61,0.00155,0
2026-01-07T23:20:00Z,274.84,122.84,0.00167,0
2026-01-07T23:25:00Z,304.21,123.97,0.00206,0
2026-01-07T23:30:00Z,271.15,112.42,0.00037,0
2026-01-07T23:35:00Z,245.85,131.97,0.00159,0
2026-01-07T23:40:00Z,278.83,116.76,0.00209,0
2026-01-07T23:45:00Z,239.09,112.12,0.00161,0
2026-01-07T23:50:00Z,270.69,113.04,0.00102,0
2026-01-07T23:55:00Z,257.81,118.46,0.00156,0
2026-01-08T00:00:00Z,246.45,108.31,0.00158,0
2026-01-08T00:05:00Z,203.39,121.89,0.00351,0
2026-01-08T00:10:00Z,239.76,122.31,0.00156,0
2026-01-08T00:15:00Z,209.37,102.96,0.00109,0
2026-01-08T00:20:00Z,207.83,126.51,0.00243,0
2026-01-08T00:25:00Z,241.41,112.01,0.00201,0
2026-01-08T00:30:00Z,189.84,119.28,0.00000,0
2026-01-08T00:35:00Z,193.83,90.72,0.00093,0
2026-01-08T00:40:00Z,238.78,128.24,0.00182,0
2026-01-08T00:45:00Z,254.51,108.43,0.00174,0
2026-01-08T00:50:00Z,214.84,102.23,0.00136,0
2026-01-08T00:55:00Z,266.41,121.48,0.00199,0
2026-01-08T01:00:00Z,206.23,112.29,0.00206,0
2026-01-08T01:05:00Z,226.97,110.20,0.00089,0
2026-01-08T01:10:00Z,257.16,116.94,0.00174,0
2026-01-08T01:15:00Z,219.68,111.64,0.00231,0
2026-01-08T01:20:00Z,195.66,121.08,0.00170,0
2026-01-08T01:25:00Z,212.76,130.56,0.00142,0
2026-01-08T01:30:00Z,208.11,107.15,0.00297,0
2026-01-08T01:35:00Z,271.66,112.89,0.00129,0
2026-01-08T01:40:00Z,220.92,108.58,0.00188,0
2026-01-08T01:45:00Z,247.50,122.78,0.00195,0
2026-01-08T01:50:00Z,253.76,102.93,0.00231,0
2026-01-08T01:55:00Z,251.14,99.14,0.00082,0
2026-01-08T02:00:00Z,220.11,111.22,0.00066,0
2026-01-08T02:05:00Z,226.90,114.11,0.00245,0
2026-01-08T02:10:00Z,225.72,106.79,0.00195,0
2026-01-08T02:15:00Z,229.02,129.97,0.00161,0
2026-01-08T02:20:00Z,289.82,113.49,0.00119,0
2026-01-08T02:25:00Z,197.70,111.81,0.00130,0
2026-01-08T02:30:00Z,162.81,117.68,0.00136,0
2026-01-08T02:35:00Z,256.49,125.71,0.00132,0
2026-01-08T02:40:00Z,239.31,114.08,0.00144,0
2026-01-08T02:45:00Z,201.08,112.36,0.00059,0
2026-01-08T02:50:00Z,217.67,110.63,0.00228,0
2026-01-08T02:55:00Z,228.87,121.70,0.00099,0
2026-01-08T03:00:00Z,246.27,116.05,0.00000,0
2026-01-08T03:05:00Z,244.35,127.78,0.00143,0
2026-01-08T03:10:00Z,257.81,118.23,0.00164,0
2026-01-08T03:15:00Z,231.43,113.00,0.00185,0
2026-01-08T03:20:00Z,272.80,138.55,0.00237,0
2026-01-08T03:25:00Z,223.01,114.99,0.00217,0
2026-01-08T03:30:00Z,203.75,110.60,0.00089,0
2026-01-08T03:35:00Z,230.35,111.37,0.00099,0
2026-01-08T03:40:00Z,272.59,112.68,0.00220,0
2026-01-08T03:45:00Z,226.90,106.97,0.00055,0
2026-01-08T03:50:00Z,283.62,118.64,0.00205,0
2026-01-08T03:55:00Z,238.97,96.36,0.00202,0
2026-01-08T04:00:00Z,273.32,103.44,0.00190,0
2026-01-08T04:05:00Z,243.57,101.41,0.00154,0
2026-01-08T04:10:00Z,297.35,117.45,0.00216,0
2026-01-08T04:15:00Z,261.18,103.09,0.00155,0
2026-01-08T04:20:00Z,244.61,137.47,0.00143,0
2026-01-08T04:25:00Z,243.59,108.20,0.00077,0
2026-01-08T04:30:00Z,295.49,137.36,0.00163,0
2026-01-08T04:35:00Z,238.11,120.81,0.00080,0
2026-01-08T04:40:00Z,275.46,121.48,0.00164,0
2026-01-08T04:45:00Z,273.37,121.36,0.00106,0
2026-01-08T04:50:00Z,230.38,110.57,0.00081,0
2026-01-08T04:55:00Z,275.83,109.33,0.00157,0
2026-01-08T05:00:00Z,332.02,129.44,0.00136,0
2026-01-08T05:05:00Z,310.25,124.84,0.00107,0
2026-01-08T05:10:00Z,287.96,88.58,0.00174,0
2026-01-08T05:15:00Z,314.51,100.86,0.00141,0
2026-01-08T05:20:00Z,265.98,145.02,0.00215,0
2026-01-08T05:25:00Z,293.95,110.20,0.00233,0
2026-01-08T05:30:00Z,302.49,143.53,0.00076,0
2026-01-08T05:35:00Z,279.28,130.32,0.00048,0
2026-01-08T05:40:00Z,310.08,132.80,0.00066,0
2026-01-08T05:45:00Z,321.31,112.73,0.00205,0
2026-01-08T05:50:00Z,314.72,122.45,0.00171,0
2026-01-08T05:55:00Z,351.18,142.72,0.00267,2
2026-01-08T06:00:00Z,325.13,120.44,0.00124,0
2026-01-08T06:05:00Z,359.65,111.03,0.00123,0
2026-01-08T06:10:00Z,360.36,110.32,0.00044,0
2026-01-08T06:15:00Z,337.85,130.05,0.00077,0
2026-01-08T06:20:00Z,337.64,147.89,0.00186,0
2026-01-08T06:25:00Z,385.05,133.78,0.00181,0
2026-01-08T06:30:00Z,371.88,122.13,0.00091,0
2026-01-08T06:35:00Z,389.40,138.39,0.00158,0
2026-01-08T06:40:00Z,355.86,127.32,0.00187,0
2026-01-08T06:45:00Z,376.58,129.85,0.00230,0
2026-01-08T06:50:00Z,401.51,141.28,0.00027,0
2026-01-08T06:55:00Z,367.49,117.79,0.00198,2
2026-01-08T07:00:00Z,455.96,145.41,0.00143,2
2026-01-08T07:05:00Z,428.16,130.48,0.00067,0
2026-01-08T07:10:00Z,399.89,145.04,0.00239,1
2026-01-08T07:15:00Z,408.24,128.46,0.00163,0
2026-01-08T07:20:00Z,448.25,125.00,0.00000,0
2026-01-08T07:25:00Z,421.96,116.90,0.00177,0
2026-01-08T07:30:00Z,460.37,151.19,0.00197,0
2026-01-08T07:35:00Z,486.92,143.95,0.00034,2
2026-01-08T07:40:00Z,466.36,157.76,0.00184,0
2026-01-08T07:45:00Z,478.35,131.12,0.00000,0
2026-01-08T07:50:00Z,495.99,137.66,0.00120,2
2026-01-08T07:55:00Z,530.90,139.11,0.00000,5
2026-01-08T08:00:00Z,504.33,126.32,0.00179,4
2026-01-08T08:05:00Z,534.08,153.13,0.00169,1
2026-01-08T08:10:00Z,543.34,161.00,0.00115,5
2026-01-08T08:15:00Z,542.84,152.98,0.00059,1
2026-01-08T08:20:00Z,574.00,124.78,0.00089,5
2026-01-08T08:25:00Z,558.84,153.86,0.00101,2
2026-01-08T08:30:00Z,574.86,149.14,0.00037,5
2026-01-08T08:35:00Z,546.60,138.71,0.00219,0
2026-01-08T08:40:00Z,632.28,166.37,0.00065,9
2026-01-08T08:45:00Z,576.00,142.02,0.00152,4
2026-01-08T08:50:00Z,608.21,163.49,0.00169,9
2026-01-08T08:55:00Z,570.59,148.99,0.00184,2
2026-01-08T09:00:00Z,616.69,140.44,0.00272,6
2026-01-08T09:05:00Z,652.18,186.98,0.00239,12
2026-01-08T09:10:00Z,645.52,163.34,0.00090,4
2026-01-08T09:15:00Z,656.10,176.74,0.00127,8
2026-01-08T09:20:00Z,705.30,181.39,0.00155,13
2026-01-08T09:25:00Z,661.13,154.05,0.00272,7
2026-01-08T09:30:00Z,672.02,155.17,0.00315,9
2026-01-08T09:35:00Z,700.51,166.53,0.00224,12
2026-01-08T09:40:00Z,699.72,172.04,0.00219,7
2026-01-08T09:45:00Z,647.57,161.18,0.00187,6
2026-01-08T09:50:00Z,672.52,147.95,0.00179,8
2026-01-08T09:55:00Z,707.95,152.38,0.00005,8
2026-01-08T10:00:00Z,671.57,159.62,0.00053,3
2026-01-08T10:05:00Z,729.85,153.04,0.00242,9
2026-01-08T10:10:00Z,673.60,142.70,0.00195,9
2026-01-08T10:15:00Z,729.32,207.88,0.00270,6
2026-01-08T10:20:00Z,736.62,165.08,0.00180,12
2026-01-08T10:25:00Z,721.25,169.95,0.00172,9
2026-01-08T10:30:00Z,712.64,170.47,0.00293,8
2026-01-08T10:35:00Z,707.07,145.56,0.00316,10
2026-01-08T10:40:00Z,726.38,173.69,0.00352,11
2026-01-08T10:45:00Z,681.40,176.39,0.00111,11
2026-01-08T10:50:00Z,719.85,169.30,0.00216,11
2026-01-08T10:55:00Z,735.78,189.58,0.00267,13
2026-01-08T11:00:00Z,702.79,159.43,0.00114,10
2026-01-08T11:05:00Z,731.93,183.42,0.00174,7
2026-01-08T11:10:00Z,741.57,167.24,0.00198,11
2026-01-08T11:15:00Z,688.63,163.23,0.00210,8
2026-01-08T11:20:00Z,770.77,165.60,0.00164,14
2026-01-08T11:25:00Z,719.80,178.04,0.00015,10
2026-01-08T11:30:00Z,697.19,169.05,0.00262,8
2026-01-08T11:35:00Z,714.84,149.18,0.00062,8
2026-01-08T11:40:00Z,734.68,183.84,0.00352,11
2026-01-08T11:45:00Z,683.75,159.32,0.00192,12
2026-01-08T11:50:00Z,693.84,174.01,0.00235,13
2026-01-08T11:55:00Z,678.01,175.05,0.00185,8
2026-01-08T12:00:00Z,720.54,174.21,0.00083,8
2026-01-08T12:05:00Z,702.30,153.32,0.00274,9
2026-01-08T12:10:00Z,645.70,153.23,0.00178,6
2026-01-08T12:15:00Z,716.86,145.26,0.00247,9
2026-01-08T12:20:00Z,726.05,161.45,0.00034,9
2026-01-08T12:25:00Z,644.91,169.62,0.00223,12
2026-01-08T12:30:00Z,672.54,166.56,0.00196,8
2026-01-08T12:35:00Z,680.15,177.16,0.00198,5
2026-01-08T12:40:00Z,634.94,166.65,0.00267,10
2026-01-08T12:45:00Z,639.63,160.24,0.00086,9
2026-01-08T12:50:00Z,611.33,142.03,0.00265,5
2026-01-08T12:55:00Z,622.84,171.94,0.00000,7
2026-01-08T13:00:00Z,596.15,163.35,0.00093,6
2026-01-08T13:05:00Z,615.26,146.68,0.00077,9
2026-01-08T13:10:00Z,619.93,150.39,0.00056,7
2026-01-08T13:15:00Z,589.46,152.18,0.00000,8
2026-01-08T13:20:00Z,590.26,154.52,0.00147,6
2026-01-08T13:25:00Z,610.56,145.10,0.00281,4
2026-01-08T13:30:00Z,571.79,148.57,0.00221,4
2026-01-08T13:35:00Z,548.84,161.17,0.00204,3
2026-01-08T13:40:00Z,593.38,152.35,0.00000,8
2026-01-08T13:45:00Z,537.20,139.58,0.00150,1
2026-01-08T13:50:00Z,540.67,142.33,0.00124,4
2026-01-08T13:55:00Z,519.85,150.07,0.00299,1
2026-01-08T14:00:00Z,537.86,144.94,0.00096,6
2026-01-08T14:05:00Z,472.16,143.17,0.00253,1
2026-01-08T14:10:00Z,476.49,156.21,0.00168,0
2026-01-08T14:15:00Z,469.65,126.64,0.00182,1
2026-01-08T14:20:00Z,501.85,147.84,0.00170,1
2026-01-08T14:25:00Z,459.10,126.62,0.00069,5
2026-01-08T14:30:00Z,507.91,149.49,0.00179,8
2026-01-08T14:35:00Z,443.81,139.75,0.00041,0
2026-01-08T14:40:00Z,458.92,132.21,0.00151,4
2026-01-08T14:45:00Z,450.90,150.12,0.00056,0
2026-01-08T14:50:00Z,454.26,139.96,0.00241,3
2026-01-08T14:55:00Z,496.25,156.15,0.00120,2
2026-01-08T15:00:00Z,448.26,120.00,0.00049,0
2026-01-08T15:05:00Z,439.68,151.49,0.00209,0
2026-01-08T15:10:00Z,426.06,115.33,0.00130,3
2026-01-08T15:15:00Z,432.31,125.75,0.00267,0
2026-01-08T15:20:00Z,422.54,134.53,0.00038,0
2026-01-08T15:25:00Z,465.51,126.32,0.00131,0
2026-01-08T15:30:00Z,454.32,131.85,0.00151,0
2026-01-08T15:35:00Z,384.51,141.56,0.00107,0
2026-01-08T15:40:00Z,423.80,126.95,0.00138,0
2026-01-08T15:45:00Z,393.84,136.13,0.00254,0
2026-01-08T15:50:00Z,417.04,135.41,0.00212,0
2026-01-08T15:55:00Z,379.72,140.74,0.00099,0
2026-01-08T16:00:00Z,396.60,144.46,0.00130,0
2026-01-08T16:05:00Z,417.63,139.62,0.00063,0
2026-01-08T16:10:00Z,355.47,113.64,0.00196,0
2026-01-08T16:15:00Z,426.59,121.90,0.00345,0
2026-01-08T16:20:00Z,399.17,132.14,0.00116,0
2026-01-08T16:25:00Z,374.46,125.13,0.00077,0
2026-01-08T16:30:00Z,449.23,148.88,0.00178,0
2026-01-08T16:35:00Z,376.63,128.28,0.00057,0
2026-01-08T16:40:00Z,413.74,129.83,0.00136,2
2026-01-08T16:45:00Z,375.15,147.43,0.00140,0
2026-01-08T16:50:00Z,408.30,140.76,0.00102,0
2026-01-08T16:55:00Z,403.76,116.31,0.00169,0
2026-01-08T17:00:00Z,419.98,122.60,0.00074,0
2026-01-08T17:05:00Z,426.09,142.49,0.00083,0
2026-01-08T17:10:00Z,384.95,146.48,0.00238,0
2026-01-08T17:15:00Z,371.50,112.29,0.00069,0
2026-01-08T17:20:00Z,380.54,113.47,0.00109,0
2026-01-08T17:25:00Z,383.01,130.05,0.00151,3
2026-01-08T17:30:00Z,379.25,134.40,0.00103,0
2026-01-08T17:35:00Z,397.46,131.85,0.00108,0
2026-01-08T17:40:00Z,420.57,120.16,0.00087,0
2026-01-08T17:45:00Z,407.13,128.30,0.00199,0
2026-01-08T17:50:00Z,426.68,129.23,0.00109,2
2026-01-08T17:55:00Z,428.72,126.69,0.00218,0
2026-01-08T18:00:00Z,386.00,131.12,0.00200,0
2026-01-08T18:05:00Z,390.91,124.55,0.00052,0
2026-01-08T18:10:00Z,405.91,146.13,0.00256,0
2026-01-08T18:15:00Z,425.71,139.68,0.00112,0
2026-01-08T18:20:00Z,418.24,131.69,0.00107,0
2026-01-08T18:25:00Z,398.63,158.17,0.00220,0
2026-01-08T18:30:00Z,415.97,126.54,0.00129,2
2026-01-08T18:35:00Z,424.06,149.95,0.00064,0
2026-01-08T18:40:00Z,439.58,148.59,0.00166,2
2026-01-08T18:45:00Z,427.08,157.08,0.00169,0
2026-01-08T18:50:00Z,424.72,124.81,0.00127,0
2026-01-08T18:55:00Z,387.65,139.03,0.00072,2
2026-01-08T19:00:00Z,479.78,122.70,0.00044,1
2026-01-08T19:05:00Z,382.99,133.44,0.00198,0
2026-01-08T19:10:00Z,414.48,134.37,0.00233,0
2026-01-08T19:15:00Z,386.97,128.16,0.00173,0
2026-01-08T19:20:00Z,424.64,127.81,0.00227,2
2026-01-08T19:25:00Z,414.76,139.15,0.00213,0
2026-01-08T19:30:00Z,394.09,128.00,0.00150,0
2026-01-08T19:35:00Z,413.55,139.69,0.00260,4
2026-01-08T19:40:00Z,432.50,155.40,0.00213,0
2026-01-08T19:45:00Z,396.79,141.46,0.00172,2
2026-01-08T19:50:00Z,403.22,142.36,0.00191,2
2026-01-08T19:55:00Z,384.42,139.36,0.00000,0
2026-01-08T20:00:00Z,417.31,166.34,0.00054,0
2026-01-08T20:05:00Z,407.31,129.05,0.00063,0
2026-01-08T20:10:00Z,399.79,134.96,0.00136,0
2026-01-08T20:15:00Z,366.38,116.05,0.00137,0
2026-01-08T20:20:00Z,373.13,114.66,0.00069,0
2026-01-08T20:25:00Z,371.95,118.37,0.00205,0
2026-01-08T20:30:00Z,355.32,131.61,0.00111,0
2026-01-08T20:35:00Z,367.39,133.11,0.00128,0
2026-01-08T20:40:00Z,387.35,124.19,0.00157,0
2026-01-08T20:45:00Z,383.38,132.14,0.00181,0
2026-01-08T20:50:00Z,330.13,112.05,0.00142,1
2026-01-08T20:55:00Z,365.25,144.19,0.00063,0
2026-01-08T21:00:00Z,321.13,98.30,0.00223,0
2026-01-08T21:05:00Z,362.51,104.94,0.00201,0
2026-01-08T21:10:00Z,344.49,147.40,0.00119,0
2026-01-08T21:15:00Z,338.34,138.14,0.00125,0
2026-01-08T21:20:00Z,328.69,127.02,0.00066,0
2026-01-08T21:25:00Z,377.61,137.09,0.00113,0
2026-01-08T21:30:00Z,328.03,127.20,0.00217,0
2026-01-08T21:35:00Z,279.52,97.83,0.00155,0
2026-01-08T21:40:00Z,297.92,111.92,0.00179,0
2026-01-08T21:45:00Z,330.73,120.03,0.00142,0
2026-01-08T21:50:00Z,302.95,131.90,0.00147,0
2026-01-08T21:55:00Z,256.26,117.05,0.00114,0
2026-01-08T22:00:00Z,307.71,114.52,0.00227,0
2026-01-08T22:05:00Z,316.66,137.48,0.00008,0
2026-01-08T22:10:00Z,279.36,120.53,0.00252,0
2026-01-08T22:15:00Z,286.02,130.37,0.00111,0
2026-01-08T22:20:00Z,340.31,125.94,0.00108,0
2026-01-08T22:25:00Z,300.86,115.56,0.00079,0
2026-01-08T22:30:00Z,286.91,131.60,0.00146,0
2026-01-08T22:35:00Z,278.58,107.39,0.00200,0
2026-01-08T22:40:00Z,282.62,117.38,0.00223,0
2026-01-08T22:45:00Z,301.13,134.39,0.00179,0
2026-01-08T22:50:00Z,272.11,113.19,0.00085,0
2026-01-08T22:55:00Z,203.43,107.94,0.00072,0
2026-01-08T23:00:00Z,303.76,123.78,0.00163,0
2026-01-08T23:05:00Z,263.64,117.53,0.00077,0
2026-01-08T23:10:00Z,253.28,116.64,0.00154,0
2026-01-08T23:15:00Z,261.92,99.98,0.00080,0
2026-01-08T23:20:00Z,207.58,116.28,0.00095,0
2026-01-08T23:25:00Z,287.92,125.98,0.00135,0
2026-01-08T23:30:00Z,295.07,94.76,0.00156,0
2026-01-08T23:35:00Z,233.79,117.52,0.00123,0
2026-01-08T23:40:00Z,264.33,136.60,0.00241,0
2026-01-08T23:45:00Z,235.48,113.40,0.00362,0
2026-01-08T23:50:00Z,192.62,143.84,0.00148,0
2026-01-08T23:55:00Z,205.04,117.96,0.00133,0
2026-01-09T00:00:00Z,218.24,115.14,0.00201,0
2026-01-09T00:05:00Z,234.02,110.90,0.00227,0
2026-01-09T00:10:00Z,221.32,115.94,0.00237,0
2026-01-09T00:15:00Z,216.37,128.61,0.00152,0
2026-01-09T00:20:00Z,251.94,123.67,0.00132,0
2026-01-09T00:25:00Z,218.98,123.50,0.00126,0
2026-01-09T00:30:00Z,160.89,113.67,0.00058,0
2026-01-09T00:35:00Z,238.09,114.94,0.00092,0
2026-01-09T00:40:00Z,200.29,120.65,0.00125,0
2026-01-09T00:45:00Z,197.44,136.85,0.00226,0
2026-01-09T00:50:00Z,220.08,108.32,0.00255,0
2026-01-09T00:55:00Z,222.59,115.23,0.00194,0
2026-01-09T01:00:00Z,203.57,114.82,0.00135,0
2026-01-09T01:05:00Z,254.77,117.64,0.00182,0
2026-01-09T01:10:00Z,235.66,118.91,0.00249,0
2026-01-09T01:15:00Z,152.87,132.93,0.00075,0
2026-01-09T01:20:00Z,202.13,106.08,0.00189,0
2026-01-09T01:25:00Z,248.63,130.36,0.00126,0
2026-01-09T01:30:00Z,240.51,79.08,0.00082,0
2026-01-09T01:35:00Z,198.73,98.41,0.00182,0
2026-01-09T01:40:00Z,242.37,120.22,0.00034,0
2026-01-09T01:45:00Z,243.85,126.12,0.00211,0
2026-01-09T01:50:00Z,219.06,119.45,0.00242,0
2026-01-09T01:55:00Z,229.08,111.07,0.00180,0
2026-01-09T02:00:00Z,258.29,130.14,0.00045,0
2026-01-09T02:05:00Z,265.05,102.40,0.00059,0
2026-01-09T02:10:00Z,271.89,117.16,0.00128,0
2026-01-09T02:15:00Z,258.81,127.73,0.00079,0
2026-01-09T02:20:00Z,247.88,113.69,0.00246,0
2026-01-09T02:25:00Z,220.18,120.58,0.00103,0
2026-01-09T02:30:00Z,256.87,121.61,0.00251,0
2026-01-09T02:35:00Z,216.58,114.94,0.00130,0
2026-01-09T02:40:00Z,229.37,128.12,0.00201,0
2026-01-09T02:45:00Z,244.44,95.60,0.00116,0
2026-01-09T02:50:00Z,228.41,113.40,0.00202,0
2026-01-09T02:55:00Z,248.50,100.35,0.00183,0
2026-01-09T03:00:00Z,232.76,137.01,0.00105,0
2026-01-09T03:05:00Z,196.68,112.76,0.00236,0
2026-01-09T03:10:00Z,236.98,127.67,0.00225,0
2026-01-09T03:15:00Z,260.89,110.03,0.00239,0
2026-01-09T03:20:00Z,223.53,125.04,0.00122,0
2026-01-09T03:25:00Z,282.12,115.39,0.00040,0
2026-01-09T03:30:00Z,236.31,106.81,0.00178,0
2026-01-09T03:35:00Z,247.71,128.38,0.00225,0
2026-01-09T03:40:00Z,258.47,134.38,0.00000,0
2026-01-09T03:45:00Z,240.28,126.51,0.00286,0
2026-01-09T03:50:00Z,238.66,124.09,0.00126,0
2026-01-09T03:55:00Z,235.99,115.85,0.00261,0
2026-01-09T04:00:00Z,227.01,131.20,0.00159,0
2026-01-09T04:05:00Z,262.80,121.46,0.00107,0
2026-01-09T04:10:00Z,248.86,121.34,0.00002,0
2026-01-09T04:15:00Z,254.90,102.00,0.00223,0
2026-01-09T04:20:00Z,296.37,143.80,0.00092,0
2026-01-09T04:25:00Z,247.62,120.12,0.00086,0
2026-01-09T04:30:00Z,259.55,118.42,0.00199,0
2026-01-09T04:35:00Z,246.90,91.54,0.00063,0
2026-01-09T04:40:00Z,249.63,99.96,0.00214,0
2026-01-09T04:45:00Z,277.69,130.76,0.00077,0
2026-01-09T04:50:00Z,280.44,114.69,0.00150,0
2026-01-09T04:55:00Z,257.19,131.36,0.00144,0
2026-01-09T05:00:00Z,280.66,122.81,0.00174,0
2026-01-09T05:05:00Z,296.36,123.14,0.00056,0
2026-01-09T05:10:00Z,317.87,133.84,0.00247,1
2026-01-09T05:15:00Z,316.97,136.96,0.00235,0
2026-01-09T05:20:00Z,288.38,118.57,0.00000,0
2026-01-09T05:25:00Z,293.68,107.29,0.00171,0
2026-01-09T05:30:00Z,330.74,138.22,0.00204,0
2026-01-09T05:35:00Z,288.95,115.90,0.00176,0
2026-01-09T05:40:00Z,319.42,133.03,0.00089,0
2026-01-09T05:45:00Z,339.92,128.84,0.00274,0
2026-01-09T05:50:00Z,325.82,125.28,0.00069,0
2026-01-09T05:55:00Z,341.68,137.91,0.00131,0
2026-01-09T06:00:00Z,353.04,124.09,0.00165,0
2026-01-09T06:05:00Z,367.58,124.44,0.00234,0
2026-01-09T06:10:00Z,376.90,137.65,0.00169,0
2026-01-09T06:15:00Z,386.61,130.50,0.00226,0
2026-01-09T06:20:00Z,347.70,132.50,0.00070,0
2026-01-09T06:25:00Z,374.81,126.43,0.00234,1
2026-01-09T06:30:00Z,330.83,136.20,0.00124,0
2026-01-09T06:35:00Z,421.77,135.04,0.00189,0
2026-01-09T06:40:00Z,423.49,109.38,0.00275,1
2026-01-09T06:45:00Z,364.24,129.22,0.00221,0
2026-01-09T06:50:00Z,405.62,126.56,0.00178,0
2026-01-09T06:55:00Z,416.22,126.83,0.00253,0
2026-01-09T07:00:00Z,413.29,138.75,0.00138,2
2026-01-09T07:05:00Z,425.52,124.30,0.00093,0
2026-01-09T07:10:00Z,443.70,143.15,0.00164,0
2026-01-09T07:15:00Z,449.14,145.63,0.00134,0
2026-01-09T07:20:00Z,466.58,141.16,0.00246,4
2026-01-09T07:25:00Z,484.02,153.14,0.00110,1
2026-01-09T07:30:00Z,470.65,149.64,0.00072,3
2026-01-09T07:35:00Z,466.26,143.31,0.00243,0
2026-01-09T07:40:00Z,495.11,145.42,0.00162,3
2026-01-09T07:45:00Z,490.74,151.96,0.00071,0
2026-01-09T07:50:00Z,532.73,148.21,0.00239,1
2026-01-09T07:55:00Z,504.64,157.43,0.00265,5
2026-01-09T08:00:00Z,529.06,142.35,0.00210,3
2026-01-09T08:05:00Z,513.26,146.93,0.00240,2
2026-01-09T08:10:00Z,507.65,131.87,0.00120,1
2026-01-09T08:15:00Z,559.42,158.58,0.00101,4
2026-01-09T08:20:00Z,518.16,137.41,0.00043,2
2026-01-09T08:25:00Z,568.71,150.18,0.00122,10
2026-01-09T08:30:00Z,553.73,172.16,0.00078,6
2026-01-09T08:35:00Z,610.84,165.68,0.00203,4
2026-01-09T08:40:00Z,612.84,157.99,0.00252,4
2026-01-09T08:45:00Z,589.83,164.81,0.00019,3
2026-01-09T08:50:00Z,605.03,170.80,0.00146,5
2026-01-09T08:55:00Z,623.06,174.92,0.00168,9
2026-01-09T09:00:00Z,584.25,140.25,0.00194,7
2026-01-09T09:05:00Z,599.05,160.36,0.00204,5
2026-01-09T09:10:00Z,599.86,156.65,0.00086,5
2026-01-09T09:15:00Z,633.78,161.48,0.00200,5
2026-01-09T09:20:00Z,652.44,175.43,0.00083,5
2026-01-09T09:25:00Z,656.24,165.51,0.00195,10
2026-01-09T09:30:00Z,600.55,161.65,0.00178,4
2026-01-09T09:35:00Z,695.97,171.10,0.00114,4
2026-01-09T09:40:00Z,736.00,178.09,0.00255,11
2026-01-09T09:45:00Z,781.94,177.93,0.00150,14
2026-01-09T09:50:00Z,765.15,196.36,0.00289,10
2026-01-09T09:55:00Z,756.50,180.90,0.00136,10
2026-01-09T10:00:00Z,767.66,171.93,0.00316,15
2026-01-09T10:05:00Z,811.41,164.79,0.00231,13
2026-01-09T10:10:00Z,813.86,188.25,0.00337,12
2026-01-09T10:15:00Z,827.84,197.90,0.00469,13
2026-01-09T10:20:00Z,843.94,191.26,0.00428,16
2026-01-09T10:25:00Z,857.98,199.02,0.00419,14
2026-01-09T10:30:00Z,860.54,205.84,0.00307,15
2026-01-09T10:35:00Z,826.82,170.05,0.00346,15
2026-01-09T10:40:00Z,758.14,168.37,0.00188,12
2026-01-09T10:45:00Z,756.76,162.31,0.00239,10
2026-01-09T10:50:00Z,796.67,187.61,0.00317,13
2026-01-09T10:55:00Z,806.96,200.86,0.00220,13
2026-01-09T11:00:00Z,719.95,181.01,0.00172,8
2026-01-09T11:05:00Z,724.45,163.88,0.00221,13
2026-01-09T11:10:00Z,731.29,180.60,0.00244,12
2026-01-09T11:15:00Z,731.71,184.20,0.00196,8
2026-01-09T11:20:00Z,701.74,151.58,0.00033,5
2026-01-09T11:25:00Z,747.38,185.36,0.00144,10
2026-01-09T11:30:00Z,739.15,170.20,0.00204,11
2026-01-09T11:35:00Z,704.63,164.13,0.00170,11
2026-01-09T11:40:00Z,709.92,177.62,0.00149,9
2026-01-09T11:45:00Z,706.64,157.29,0.00259,9
2026-01-09T11:50:00Z,729.71,170.96,0.00134,8
2026-01-09T11:55:00Z,689.33,155.31,0.00063,7
2026-01-09T12:00:00Z,695.99,148.74,0.00274,8
2026-01-09T12:05:00Z,695.90,161.10,0.00190,11
2026-01-09T12:10:00Z,651.65,144.42,0.00072,6
2026-01-09T12:15:00Z,649.22,157.45,0.00230,8
2026-01-09T12:20:00Z,713.72,183.37,0.00170,6
2026-01-09T12:25:00Z,663.05,151.08,0.00112,8
2026-01-09T12:30:00Z,659.99,169.02,0.00075,6
2026-01-09T12:35:00Z,654.30,147.10,0.00220,7
2026-01-09T12:40:00Z,651.86,162.86,0.00116,10
2026-01-09T12:45:00Z,623.07,178.43,0.00183,7
2026-01-09T12:50:00Z,641.23,158.59,0.00167,8
2026-01-09T12:55:00Z,591.26,145.73,0.00123,5
2026-01-09T13:00:00Z,621.10,168.31,0.00079,9
2026-01-09T13:05:00Z,616.05,168.93,0.00335,7
2026-01-09T13:10:00Z,647.37,149.33,0.00152,6
2026-01-09T13:15:00Z,546.02,161.02,0.00131,4
2026-01-09T13:20:00Z,584.23,168.02,0.00209,7
2026-01-09T13:25:00Z,577.33,153.41,0.00191,4
2026-01-09T13:30:00Z,562.92,154.19,0.00162,5
2026-01-09T13:35:00Z,608.37,163.44,0.00118,7
2026-01-09T13:40:00Z,519.08,133.71,0.00148,2
2026-01-09T13:45:00Z,571.24,150.82,0.00136,3
2026-01-09T13:50:00Z,582.36,169.99,0.00162,3
2026-01-09T13:55:00Z,528.78,144.82,0.00310,3
2026-01-09T14:00:00Z,522.85,131.46,0.00103,3
2026-01-09T14:05:00Z,513.40,165.48,0.00186,3
2026-01-09T14:10:00Z,546.15,138.04,0.00167,6
2026-01-09T14:15:00Z,475.63,151.02,0.00092,1
2026-01-09T14:20:00Z,486.59,140.42,0.00028,4
2026-01-09T14:25:00Z,487.37,144.00,0.00209,3
2026-01-09T14:30:00Z,487.93,133.49,0.00209,0
2026-01-09T14:35:00Z,487.93,157.78,0.00350,3
2026-01-09T14:40:00Z,441.44,147.74,0.00091,0
2026-01-09T14:45:00Z,479.05,136.12,0.00178,3
2026-01-09T14:50:00Z,449.92,132.58,0.00000,0
2026-01-09T14:55:00Z,424.15,147.87,0.00244,0
2026-01-09T15:00:00Z,408.51,118.29,0.00164,3
2026-01-09T15:05:00Z,470.42,152.60,0.00226,1
2026-01-09T15:10:00Z,433.89,127.78,0.00086,0
2026-01-09T15:15:00Z,402.11,147.19,0.00097,2
2026-01-09T15:20:00Z,399.96,138.23,0.00109,3
2026-01-09T15:25:00Z,387.03,118.65,0.00091,1
2026-01-09T15:30:00Z,369.25,131.41,0.00217,0
2026-01-09T15:35:00Z,401.04,135.31,0.00141,0
2026-01-09T15:40:00Z,429.25,152.98,0.00280,0
2026-01-09T15:45:00Z,439.07,125.68,0.00019,3
2026-01-09T15:50:00Z,402.68,129.93,0.00101,0
2026-01-09T15:55:00Z,432.15,143.73,0.00160,3
2026-01-09T16:00:00Z,370.35,146.86,0.00010,0
2026-01-09T16:05:00Z,411.50,148.16,0.00152,1
2026-01-09T16:10:00Z,401.18,136.26,0.00122,3
2026-01-09T16:15:00Z,448.44,128.44,0.00213,5
2026-01-09T16:20:00Z,387.41,123.25,0.00133,0
2026-01-09T16:25:00Z,356.65,135.98,0.00239,0
2026-01-09T16:30:00Z,368.54,137.42,0.00110,0
2026-01-09T16:35:00Z,400.25,144.64,0.00119,0
2026-01-09T16:40:00Z,363.29,138.11,0.00041,2
2026-01-09T16:45:00Z,364.58,119.21,0.00000,0
2026-01-09T16:50:00Z,400.03,124.53,0.00175,0
2026-01-09T16:55:00Z,417.97,134.01,0.00136,0
2026-01-09T17:00:00Z,432.21,136.46,0.00157,2
2026-01-09T17:05:00Z,397.60,133.95,0.00186,0
2026-01-09T17:10:00Z,406.81,147.67,0.00113,0
2026-01-09T17:15:00Z,404.32,142.38,0.00124,0
2026-01-09T17:20:00Z,392.49,116.84,0.00227,0
2026-01-09T17:25:00Z,411.03,125.78,0.00185,0
2026-01-09T17:30:00Z,401.61,128.95,0.00044,4
2026-01-09T17:35:00Z,434.78,129.05,0.00208,5
2026-01-09T17:40:00Z,406.00,144.00,0.00150,0
2026-01-09T17:45:00Z,428.28,127.68,0.00209,1
2026-01-09T17:50:00Z,386.15,133.58,0.00102,0
2026-01-09T17:55:00Z,387.98,128.06,0.00067,0
2026-01-09T18:00:00Z,398.20,138.61,0.00137,0
2026-01-09T18:05:00Z,438.73,133.19,0.00098,4
2026-01-09T18:10:00Z,450.92,136.18,0.00234,1
2026-01-09T18:15:00Z,371.87,132.31,0.00043,1
2026-01-09T18:20:00Z,413.03,140.75,0.00234,0
2026-01-09T18:25:00Z,392.34,121.67,0.00173,0
2026-01-09T18:30:00Z,442.50,147.17,0.00172,0
2026-01-09T18:35:00Z,396.56,144.48,0.00148,0
2026-01-09T18:40:00Z,415.46,128.60,0.00182,1
2026-01-09T18:45:00Z,378.17,165.14,0.00096,0
2026-01-09T18:50:00Z,417.30,135.11,0.00041,0
2026-01-09T18:55:00Z,455.17,133.23,0.00070,0
2026-01-09T19:00:00Z,412.15,124.97,0.00121,2
2026-01-09T19:05:00Z,436.77,143.12,0.00192,1
2026-01-09T19:10:00Z,394.43,143.16,0.00045,0
2026-01-09T19:15:00Z,432.32,138.83,0.00226,0
2026-01-09T19:20:00Z,393.12,130.93,0.00106,0
2026-01-09T19:25:00Z,432.56,151.98,0.00128,0
2026-01-09T19:30:00Z,394.21,128.34,0.00216,0
2026-01-09T19:35:00Z,367.27,124.27,0.00172,0
2026-01-09T19:40:00Z,401.04,147.39,0.00038,0
2026-01-09T19:45:00Z,388.80,133.33,0.00120,0
2026-01-09T19:50:00Z,446.49,141.74,0.00123,2
2026-01-09T19:55:00Z,397.76,122.44,0.00105,0
2026-01-09T20:00:00Z,373.05,133.03,0.00119,0
2026-01-09T20:05:00Z,401.02,109.46,0.00110,0
2026-01-09T20:10:00Z,403.88,134.83,0.00120,0
2026-01-09T20:15:00Z,371.39,143.66,0.00246,0
2026-01-09T20:20:00Z,366.66,132.15,0.00172,0
2026-01-09T20:25:00Z,417.57,125.66,0.00144,0
2026-01-09T20:30:00Z,349.46,130.20,0.00038,0
2026-01-09T20:35:00Z,403.40,141.79,0.00120,0
2026-01-09T20:40:00Z,350.72,125.46,0.00265,0
2026-01-09T20:45:00Z,369.15,114.51,0.00151,0
2026-01-09T20:50:00Z,337.88,126.17,0.00128,0
2026-01-09T20:55:00Z,348.43,146.42,0.00174,0
2026-01-09T21:00:00Z,375.23,122.93,0.00223,1
2026-01-09T21:05:00Z,338.97,126.70,0.00218,0
2026-01-09T21:10:00Z,333.15,130.74,0.00054,0
2026-01-09T21:15:00Z,365.15,140.40,0.00104,0
2026-01-09T21:20:00Z,316.89,116.18,0.00102,0
2026-01-09T21:25:00Z,287.77,128.16,0.00155,0
2026-01-09T21:30:00Z,355.13,142.94,0.00049,0
2026-01-09T21:35:00Z,308.84,131.45,0.00228,0
2026-01-09T21:40:00Z,261.79,123.70,0.00090,0
2026-01-09T21:45:00Z,246.48,131.12,0.00134,0
2026-01-09T21:50:00Z,315.52,137.19,0.00099,0
2026-01-09T21:55:00Z,336.15,120.52,0.00146,0
2026-01-09T22:00:00Z,306.87,142.07,0.00008,0
2026-01-09T22:05:00Z,296.85,104.97,0.00151,0
2026-01-09T22:10:00Z,340.65,130.85,0.00161,0
2026-01-09T22:15:00Z,288.12,105.67,0.00083,0
2026-01-09T22:20:00Z,294.30,113.06,0.00181,0
2026-01-09T22:25:00Z,274.45,120.62,0.00148,0
2026-01-09T22:30:00Z,280.47,130.40,0.00183,0
2026-01-09T22:35:00Z,276.45,107.98,0.00140,0
2026-01-09T22:40:00Z,292.87,124.70,0.00174,0
2026-01-09T22:45:00Z,304.35,126.93,0.00118,0
2026-01-09T22:50:00Z,262.17,104.47,0.00152,0
2026-01-09T22:55:00Z,240.29,136.67,0.00007,0
2026-01-09T23:00:00Z,253.52,138.12,0.00134,0
2026-01-09T23:05:00Z,295.80,108.91,0.00292,0
2026-01-09T23:10:00Z,218.13,123.79,0.00095,0
2026-01-09T23:15:00Z,247.78,122.16,0.00243,0
2026-01-09T23:20:00Z,287.91,125.14,0.00182,0
2026-01-09T23:25:00Z,268.18,118.87,0.00141,0
2026-01-09T23:30:00Z,238.90,133.74,0.00130,0
2026-01-09T23:35:00Z,235.95,110.15,0.00222,0
2026-01-09T23:40:00Z,235.30,125.98,0.00126,0
2026-01-09T23:45:00Z,232.59,109.94,0.00187,0
2026-01-09T23:50:00Z,220.17,99.09,0.00224,0
2026-01-09T23:55:00Z,216.97,97.88,0.00143,0
2026-01-10T00:00:00Z,185.79,89.04,0.00252,0
2026-01-10T00:05:00Z,160.15,112.08,0.00173,0
2026-01-10T00:10:00Z,175.10,108.50,0.00164,0
2026-01-10T00:15:00Z,185.76,100.26,0.00129,0
2026-01-10T00:20:00Z,174.74,90.21,0.00241,0
2026-01-10T00:25:00Z,185.08,108.93,0.00233,0
2026-01-10T00:30:00Z,161.46,98.91,0.00194,0
2026-01-10T00:35:00Z,147.26,92.66,0.00156,0
2026-01-10T00:40:00Z,169.98,110.51,0.00088,0
2026-01-10T00:45:00Z,201.43,89.98,0.00049,0
2026-01-10T00:50:00Z,160.89,117.22,0.00075,0
2026-01-10T00:55:00Z,203.06,109.67,0.00191,0
2026-01-10T01:00:00Z,193.39,93.11,0.00066,0
2026-01-10T01:05:00Z,178.06,105.82,0.00105,0
2026-01-10T01:10:00Z,194.11,114.36,0.00098,0
2026-01-10T01:15:00Z,109.62,102.97,0.00136,0
2026-01-10T01:20:00Z,147.77,108.75,0.00070,0
2026-01-10T01:25:00Z,195.70,119.21,0.00073,0
2026-01-10T01:30:00Z,164.49,114.66,0.00209,0
2026-01-10T01:35:00Z,199.35,103.85,0.00102,0
2026-01-10T01:40:00Z,182.91,106.60,0.00170,0
2026-01-10T01:45:00Z,162.87,92.53,0.00045,0
2026-01-10T01:50:00Z,195.14,132.60,0.00224,0
2026-01-10T01:55:00Z,163.82,105.18,0.00234,0
2026-01-10T02:00:00Z,207.66,113.58,0.00131,0
2026-01-10T02:05:00Z,182.28,102.79,0.00149,0
2026-01-10T02:10:00Z,170.73,99.66,0.00112,0
2026-01-10T02:15:00Z,125.02,107.09,0.00108,0
2026-01-10T02:20:00Z,230.42,105.21,0.00198,0
2026-01-10T02:25:00Z,171.49,97.67,0.00072,0
2026-01-10T02:30:00Z,129.72,100.42,0.00097,0
2026-01-10T02:35:00Z,162.35,118.72,0.00197,0
2026-01-10T02:40:00Z,173.63,112.07,0.00185,0
2026-01-10T02:45:00Z,206.70,124.41,0.00123,0
2026-01-10T02:50:00Z,155.85,97.97,0.00146,0
2026-01-10T02:55:00Z,201.94,109.62,0.00228,0
2026-01-10T03:00:00Z,162.90,110.76,0.00111,0
2026-01-10T03:05:00Z,166.33,109.00,0.00170,0
2026-01-10T03:10:00Z,143.86,108.96,0.00284,0
2026-01-10T03:15:00Z,138.71,117.98,0.00089,0
2026-01-10T03:20:00Z,149.97,104.75,0.00003,0
2026-01-10T03:25:00Z,186.29,105.84,0.00044,0
2026-01-10T03:30:00Z,171.31,100.68,0.00141,0
2026-01-10T03:35:00Z,206.80,104.60,0.00117,0
2026-01-10T03:40:00Z,185.24,121.60,0.00247,0
2026-01-10T03:45:00Z,173.77,120.51,0.00198,0
2026-01-10T03:50:00Z,207.49,127.35,0.00173,0
2026-01-10T03:55:00Z,212.81,107.30,0.00014,0
2026-01-10T04:00:00Z,195.21,122.15,0.00192,0
2026-01-10T04:05:00Z,181.66,118.21,0.00109,0
2026-01-10T04:10:00Z,130.17,103.25,0.00180,0
2026-01-10T04:15:00Z,193.53,124.23,0.00144,0
2026-01-10T04:20:00Z,158.66,115.22,0.00122,0
2026-01-10T04:25:00Z,183.74,100.42,0.00072,0
2026-01-10T04:30:00Z,161.60,115.69,0.00185,0
2026-01-10T04:35:00Z,178.94,120.44,0.00122,0
2026-01-10T04:40:00Z,239.47,107.00,0.00177,0
2026-01-10T04:45:00Z,218.19,134.79,0.00082,0
2026-01-10T04:50:00Z,174.45,112.30,0.00261,0
2026-01-10T04:55:00Z,213.58,120.45,0.00154,0
2026-01-10T05:00:00Z,216.20,125.03,0.00129,0
2026-01-10T05:05:00Z,227.69,120.65,0.00177,0
2026-01-10T05:10:00Z,223.70,122.47,0.00123,0
2026-01-10T05:15:00Z,230.43,124.11,0.00021,0
2026-01-10T05:20:00Z,207.30,88.81,0.00221,0
2026-01-10T05:25:00Z,202.34,110.10,0.00230,0
2026-01-10T05:30:00Z,236.09,125.25,0.00057,0
2026-01-10T05:35:00Z,206.42,118.39,0.00288,0
2026-01-10T05:40:00Z,193.48,117.50,0.00052,0
2026-01-10T05:45:00Z,261.36,116.62,0.00081,0
2026-01-10T05:50:00Z,199.29,95.68,0.00056,0
2026-01-10T05:55:00Z,267.25,115.93,0.00192,0
2026-01-10T06:00:00Z,249.13,119.37,0.00190,0
2026-01-10T06:05:00Z,258.55,114.85,0.00168,0
2026-01-10T06:10:00Z,217.69,108.07,0.00253,0
2026-01-10T06:15:00Z,224.93,113.58,0.00113,0
2026-01-10T06:20:00Z,262.04,110.00,0.00133,0
2026-01-10T06:25:00Z,262.85,136.70,0.00183,0
2026-01-10T06:30:00Z,299.66,125.03,0.00125,0
2026-01-10T06:35:00Z,212.36,112.08,0.00172,0
2026-01-10T06:40:00Z,261.52,105.39,0.00170,0
2026-01-10T06:45:00Z,272.60,111.28,0.00074,0
2026-01-10T06:50:00Z,258.10,115.40,0.00234,0
2026-01-10T06:55:00Z,280.34,123.57,0.00039,0
2026-01-10T07:00:00Z,294.91,140.99,0.00202,0
2026-01-10T07:05:00Z,329.53,134.63,0.00136,0
2026-01-10T07:10:00Z,329.22,125.92,0.00203,1
2026-01-10T07:15:00Z,308.55,109.09,0.00076,0
2026-01-10T07:20:00Z,309.35,110.33,0.00125,0
2026-01-10T07:25:00Z,280.04,118.10,0.00148,0
2026-01-10T07:30:00Z,354.03,105.93,0.00073,0
2026-01-10T07:35:00Z,351.00,118.70,0.00093,0
2026-01-10T07:40:00Z,362.28,128.93,0.00116,0
2026-01-10T07:45:00Z,298.78,116.10,0.00266,0
2026-01-10T07:50:00Z,347.20,142.19,0.00118,0
2026-01-10T07:55:00Z,409.25,123.79,0.00152,0
2026-01-10T08:00:00Z,346.47,141.98,0.00147,0
2026-01-10T08:05:00Z,346.83,109.95,0.00110,0
2026-01-10T08:10:00Z,389.38,133.39,0.00169,0
2026-01-10T08:15:00Z,383.13,123.13,0.00008,0
2026-01-10T08:20:00Z,407.24,149.64,0.00242,0
2026-01-10T08:25:00Z,360.44,158.13,0.00117,0
2026-01-10T08:30:00Z,431.41,144.01,0.00124,3
2026-01-10T08:35:00Z,415.83,141.99,0.00136,4
2026-01-10T08:40:00Z,427.95,125.74,0.00006,1
2026-01-10T08:45:00Z,444.81,135.67,0.00076,0
2026-01-10T08:50:00Z,430.32,125.92,0.00173,2
2026-01-10T08:55:00Z,422.50,147.51,0.00000,0
2026-01-10T09:00:00Z,445.13,140.58,0.00015,1
2026-01-10T09:05:00Z,449.49,142.79,0.00100,1
2026-01-10T09:10:00Z,481.98,145.43,0.00140,0
2026-01-10T09:15:00Z,478.64,134.86,0.00200,3
2026-01-10T09:20:00Z,497.40,176.07,0.00185,3
2026-01-10T09:25:00Z,484.85,141.68,0.00247,5
2026-01-10T09:30:00Z,500.19,146.64,0.00128,4
2026-01-10T09:35:00Z,489.15,150.76,0.00149,5
2026-01-10T09:40:00Z,476.68,155.50,0.00290,6
2026-01-10T09:45:00Z,463.37,144.03,0.00205,1
2026-01-10T09:50:00Z,507.23,156.33,0.00145,3
2026-01-10T09:55:00Z,503.51,152.87,0.00076,2
2026-01-10T10:00:00Z,486.89,124.60,0.00211,0
2026-01-10T10:05:00Z,515.51,149.75,0.00253,7
2026-01-10T10:10:00Z,497.78,139.92,0.00251,3
2026-01-10T10:15:00Z,549.06,145.98,0.00169,0
2026-01-10T10:20:00Z,536.35,152.46,0.00125,3
2026-01-10T10:25:00Z,492.41,148.86,0.00189,3
2026-01-10T10:30:00Z,525.58,149.70,0.00064,3
2026-01-10T10:35:00Z,559.84,138.79,0.00233,4
2026-01-10T10:40:00Z,524.97,137.37,0.00109,1
2026-01-10T10:45:00Z,531.12,150.83,0.00226,3
2026-01-10T10:50:00Z,521.90,161.26,0.00087,3
2026-01-10T10:55:00Z,516.65,145.85,0.00000,3
2026-01-10T11:00:00Z,517.84,115.44,0.00235,4
2026-01-10T11:05:00Z,511.99,146.32,0.00087,2
2026-01-10T11:10:00Z,582.44,160.86,0.00174,3
2026-01-10T11:15:00Z,511.71,143.36,0.00154,0
2026-01-10T11:20:00Z,484.57,156.84,0.00125,6
2026-01-10T11:25:00Z,490.78,120.09,0.00182,2
2026-01-10T11:30:00Z,548.05,157.92,0.00220,4
2026-01-10T11:35:00Z,518.18,141.57,0.00147,4
2026-01-10T11:40:00Z,524.51,149.23,0.00072,5
2026-01-10T11:45:00Z,512.31,155.31,0.00261,0
2026-01-10T11:50:00Z,546.04,146.07,0.00069,2
2026-01-10T11:55:00Z,548.94,136.52,0.00184,4
2026-01-10T12:00:00Z,529.89,160.23,0.00078,5
2026-01-10T12:05:00Z,511.84,155.04,0.00094,2
2026-01-10T12:10:00Z,512.94,160.11,0.00118,4
2026-01-10T12:15:00Z,500.22,124.96,0.00045,3
2026-01-10T12:20:00Z,441.33,142.04,0.00150,1
2026-01-10T12:25:00Z,471.05,130.25,0.00218,0
2026-01-10T12:30:00Z,515.01,148.33,0.00240,2
2026-01-10T12:35:00Z,428.04,154.41,0.00271,2
2026-01-10T12:40:00Z,422.34,137.62,0.00169,0
2026-01-10T12:45:00Z,509.63,146.88,0.00138,0
2026-01-10T12:50:00Z,434.20,128.07,0.00124,0
2026-01-10T12:55:00Z,468.91,144.62,0.00185,0
2026-01-10T13:00:00Z,459.16,150.67,0.00142,0
2026-01-10T13:05:00Z,458.48,159.77,0.00133,0
2026-01-10T13:10:00Z,460.75,151.86,0.00180,0
2026-01-10T13:15:00Z,456.87,143.71,0.00030,1
2026-01-10T13:20:00Z,452.44,153.88,0.00128,0
2026-01-10T13:25:00Z,400.90,131.95,0.00192,0
2026-01-10T13:30:00Z,378.65,125.12,0.00285,0
2026-01-10T13:35:00Z,445.88,149.72,0.00222,0
2026-01-10T13:40:00Z,426.43,139.62,0.00233,0
2026-01-10T13:45:00Z,370.72,137.53,0.00255,0
2026-01-10T13:50:00Z,372.24,138.24,0.00262,0
2026-01-10T13:55:00Z,378.56,126.21,0.00253,0
2026-01-10T14:00:00Z,410.99,148.36,0.00074,0
2026-01-10T14:05:00Z,412.80,120.32,0.00158,0
2026-01-10T14:10:00Z,421.92,127.73,0.00224,1
2026-01-10T14:15:00Z,356.99,127.37,0.00122,2
2026-01-10T14:20:00Z,357.86,129.62,0.00082,0
2026-01-10T14:25:00Z,362.45,128.62,0.00209,0
2026-01-10T14:30:00Z,350.48,121.54,0.00000,1
2026-01-10T14:35:00Z,392.71,127.16,0.00174,0
2026-01-10T14:40:00Z,328.36,123.46,0.00083,0
2026-01-10T14:45:00Z,343.37,117.74,0.00228,0
2026-01-10T14:50:00Z,312.57,133.75,0.00126,0
2026-01-10T14:55:00Z,280.64,120.58,0.00009,0
2026-01-10T15:00:00Z,327.62,133.43,0.00166,0
2026-01-10T15:05:00Z,380.62,136.40,0.00128,0
2026-01-10T15:10:00Z,289.37,108.34,0.00207,0
2026-01-10T15:15:00Z,316.57,125.91,0.00237,0
2026-01-10T15:20:00Z,312.86,125.88,0.00103,0
2026-01-10T15:25:00Z,326.98,116.08,0.00107,0
2026-01-10T15:30:00Z,322.64,118.85,0.00207,0
2026-01-10T15:35:00Z,281.20,123.82,0.00185,0
2026-01-10T15:40:00Z,273.41,131.99,0.00049,0
2026-01-10T15:45:00Z,290.24,110.32,0.00145,0
2026-01-10T15:50:00Z,320.30,125.93,0.00143,0
2026-01-10T15:55:00Z,345.56,112.55,0.00169,0
2026-01-10T16:00:00Z,315.25,108.77,0.00139,0
2026-01-10T16:05:00Z,305.55,129.04,0.00072,0
2026-01-10T16:10:00Z,286.54,129.35,0.00000,0
2026-01-10T16:15:00Z,320.86,127.14,0.00119,0
2026-01-10T16:20:00Z,262.93,138.93,0.00175,0
2026-01-10T16:25:00Z,282.29,115.98,0.00146,0
2026-01-10T16:30:00Z,285.35,120.27,0.00213,0
2026-01-10T16:35:00Z,299.97,122.67,0.00144,0
2026-01-10T16:40:00Z,267.16,129.45,0.00126,0
2026-01-10T16:45:00Z,265.59,114.40,0.00079,0
2026-01-10T16:50:00Z,261.84,119.22,0.00177,0
2026-01-10T16:55:00Z,255.08,138.42,0.00257,0
2026-01-10T17:00:00Z,302.41,138.81,0.00238,0
2026-01-10T17:05:00Z,283.85,125.12,0.00223,0
2026-01-10T17:10:00Z,279.95,144.56,0.00077,0
2026-01-10T17:15:00Z,253.13,105.77,0.00212,0
2026-01-10T17:20:00Z,313.01,116.24,0.00122,0
2026-01-10T17:25:00Z,314.28,162.00,0.00204,0
2026-01-10T17:30:00Z,336.51,136.05,0.00154,0
2026-01-10T17:35:00Z,313.16,115.17,0.00149,0
2026-01-10T17:40:00Z,274.10,136.73,0.00066,0
2026-01-10T17:45:00Z,293.57,132.60,0.00116,0
2026-01-10T17:50:00Z,284.98,141.43,0.00220,0
2026-01-10T17:55:00Z,288.09,126.20,0.00163,0
2026-01-10T18:00:00Z,320.93,129.34,0.00223,0
2026-01-10T18:05:00Z,293.48,122.40,0.00184,0
2026-01-10T18:10:00Z,320.99,138.09,0.00065,0
2026-01-10T18:15:00Z,297.04,129.93,0.00148,0
2026-01-10T18:20:00Z,314.73,125.79,0.00203,0
2026-01-10T18:25:00Z,303.49,118.10,0.00181,0
2026-01-10T18:30:00Z,266.31,123.36,0.00102,0
2026-01-10T18:35:00Z,285.44,123.59,0.00081,0
2026-01-10T18:40:00Z,302.20,118.68,0.00122,0
2026-01-10T18:45:00Z,336.83,125.71,0.00080,0
2026-01-10T18:50:00Z,308.73,120.64,0.00191,0
2026-01-10T18:55:00Z,325.38,121.96,0.00045,0
2026-01-10T19:00:00Z,282.17,124.71,0.00187,0
2026-01-10T19:05:00Z,284.92,112.32,0.00263,0
2026-01-10T19:10:00Z,310.55,125.81,0.00045,0
2026-01-10T19:15:00Z,345.83,155.67,0.00127,0
2026-01-10T19:20:00Z,285.77,133.53,0.00080,0
2026-01-10T19:25:00Z,337.75,118.11,0.00088,0
2026-01-10T19:30:00Z,285.15,105.65,0.00105,0
2026-01-10T19:35:00Z,312.82,113.68,0.00091,0
2026-01-10T19:40:00Z,275.78,107.30,0.00157,0
2026-01-10T19:45:00Z,267.10,114.45,0.00145,0
2026-01-10T19:50:00Z,322.55,132.11,0.00246,0
2026-01-10T19:55:00Z,279.09,107.18,0.00180,0
2026-01-10T20:00:00Z,286.02,114.86,0.00219,0
2026-01-10T20:05:00Z,277.63,132.61,0.00238,0
2026-01-10T20:10:00Z,309.35,123.31,0.00149,0
2026-01-10T20:15:00Z,254.57,112.86,0.00156,0
2026-01-10T20:20:00Z,280.64,121.77,0.00221,0
2026-01-10T20:25:00Z,299.57,126.98,0.00241,0
2026-01-10T20:30:00Z,229.31,115.32,0.00179,0
2026-01-10T20:35:00Z,222.08,128.76,0.00276,0
2026-01-10T20:40:00Z,300.20,121.32,0.00174,0
2026-01-10T20:45:00Z,294.16,136.85,0.00178,0
2026-01-10T20:50:00Z,273.04,129.92,0.00000,0
2026-01-10T20:55:00Z,260.27,117.33,0.00309,0
2026-01-10T21:00:00Z,219.06,130.76,0.00193,0
2026-01-10T21:05:00Z,259.72,114.96,0.00134,0
2026-01-10T21:10:00Z,225.60,120.58,0.00146,0
2026-01-10T21:15:00Z,208.68,111.54,0.00198,0
2026-01-10T21:20:00Z,219.48,119.86,0.00137,0
2026-01-10T21:25:00Z,261.45,130.39,0.00200,0
2026-01-10T21:30:00Z,264.31,128.16,0.00103,0
2026-01-10T21:35:00Z,206.32,126.30,0.00170,0
2026-01-10T21:40:00Z,194.72,102.80,0.00064,0
2026-01-10T21:45:00Z,215.17,109.73,0.00106,0
2026-01-10T21:50:00Z,197.35,119.87,0.00261,0
2026-01-10T21:55:00Z,243.97,120.94,0.00006,0
2026-01-10T22:00:00Z,226.21,98.77,0.00152,0
2026-01-10T22:05:00Z,198.16,116.81,0.00123,0
2026-01-10T22:10:00Z,177.40,104.80,0.00117,0
2026-01-10T22:15:00Z,188.12,118.91,0.00036,0
2026-01-10T22:20:00Z,198.40,101.43,0.00069,0
2026-01-10T22:25:00Z,194.14,107.72,0.00140,0
2026-01-10T22:30:00Z,163.95,127.84,0.00155,0
2026-01-10T22:35:00Z,185.44,109.56,0.00184,0
2026-01-10T22:40:00Z,167.57,96.51,0.00103,0
2026-01-10T22:45:00Z,232.83,131.38,0.00190,0
2026-01-10T22:50:00Z,193.28,100.21,0.00125,0
2026-01-10T22:55:00Z,203.85,103.24,0.00181,0
2026-01-10T23:00:00Z,189.24,104.28,0.00005,0
2026-01-10T23:05:00Z,213.61,121.58,0.00208,0
2026-01-10T23:10:00Z,165.08,107.40,0.00153,0
2026-01-10T23:15:00Z,206.17,111.32,0.00159,0
2026-01-10T23:20:00Z,148.33,99.61,0.00104,0
2026-01-10T23:25:00Z,157.86,87.38,0.00184,0
2026-01-10T23:30:00Z,162.15,117.66,0.00160,0
2026-01-10T23:35:00Z,161.92,98.12,0.00151,0
2026-01-10T23:40:00Z,173.00,129.10,0.00130,0
2026-01-10T23:45:00Z,188.55,120.31,0.00102,0
2026-01-10T23:50:00Z,171.70,105.80,0.00102,0
2026-01-10T23:55:00Z,129.31,92.86,0.00061,0
2026-01-11T00:00:00Z,148.95,117.20,0.00239,0
2026-01-11T00:05:00Z,120.42,94.06,0.00147,0
2026-01-11T00:10:00Z,180.34,124.72,0.00096,0
2026-01-11T00:15:00Z,186.60,90.39,0.00105,0
2026-01-11T00:20:00Z,174.27,122.33,0.00127,0
2026-01-11T00:25:00Z,144.22,77.82,0.00193,0
2026-01-11T00:30:00Z,163.54,110.62,0.00137,0
2026-01-11T00:35:00Z,116.39,96.44,0.00089,0
2026-01-11T00:40:00Z,136.40,80.75,0.00178,0
2026-01-11T00:45:00Z,183.62,125.07,0.00223,0
2026-01-11T00:50:00Z,159.58,113.27,0.00162,0
2026-01-11T00:55:00Z,145.15,89.02,0.00184,0
2026-01-11T01:00:00Z,147.62,96.03,0.00260,0
2026-01-11T01:05:00Z,140.36,125.75,0.00195,0
2026-01-11T01:10:00Z,164.90,104.64,0.00135,0
2026-01-11T01:15:00Z,148.43,87.92,0.00135,0
2026-01-11T01:20:00Z,190.00,100.29,0.00153,0
2026-01-11T01:25:00Z,154.57,106.77,0.00204,0
2026-01-11T01:30:00Z,174.29,103.90,0.00166,0
2026-01-11T01:35:00Z,151.66,103.93,0.00022,0
2026-01-11T01:40:00Z,172.26,110.10,0.00186,0
2026-01-11T01:45:00Z,174.63,111.82,0.00102,0
2026-01-11T01:50:00Z,174.75,118.62,0.00136,0
2026-01-11T01:55:00Z,169.69,124.11,0.00109,0
2026-01-11T02:00:00Z,158.30,108.65,0.00141,0
2026-01-11T02:05:00Z,149.99,100.55,0.00031,0
2026-01-11T02:10:00Z,169.57,120.92,0.00149,0
2026-01-11T02:15:00Z,192.71,93.54,0.00091,0
2026-01-11T02:20:00Z,115.33,102.52,0.00120,0
2026-01-11T02:25:00Z,181.52,114.52,0.00226,0
2026-01-11T02:30:00Z,200.85,108.19,0.00119,0
2026-01-11T02:35:00Z,165.87,109.99,0.00190,0
2026-01-11T02:40:00Z,173.51,97.78,0.00098,0
2026-01-11T02:45:00Z,161.65,101.71,0.00118,0
2026-01-11T02:50:00Z,160.68,88.17,0.00105,0
2026-01-11T02:55:00Z,164.81,112.36,0.00209,0
2026-01-11T03:00:00Z,137.97,108.89,0.00165,0
2026-01-11T03:05:00Z,168.27,108.16,0.00174,0
2026-01-11T03:10:00Z,165.53,119.89,0.00146,0
2026-01-11T03:15:00Z,197.23,112.45,0.00184,0
2026-01-11T03:20:00Z,173.33,120.64,0.00164,0
2026-01-11T03:25:00Z,155.94,112.20,0.00213,0
2026-01-11T03:30:00Z,167.55,110.63,0.00109,0
2026-01-11T03:35:00Z,161.70,102.18,0.00077,0
2026-01-11T03:40:00Z,187.59,119.14,0.00281,0
2026-01-11T03:45:00Z,177.38,115.90,0.00108,0
2026-01-11T03:50:00Z,209.30,94.18,0.00236,0
2026-01-11T03:55:00Z,181.34,119.49,0.00097,0
2026-01-11T04:00:00Z,211.17,128.32,0.00160,0
2026-01-11T04:05:00Z,194.59,91.79,0.00250,0
2026-01-11T04:10:00Z,184.38,124.13,0.00202,0
2026-01-11T04:15:00Z,149.34,119.76,0.00098,0
2026-01-11T04:20:00Z,191.45,109.17,0.00193,0
2026-01-11T04:25:00Z,168.86,128.31,0.00176,0
2026-01-11T04:30:00Z,177.97,121.58,0.00179,0
2026-01-11T04:35:00Z,207.70,141.80,0.00222,0
2026-01-11T04:40:00Z,196.68,109.61,0.00086,0
2026-01-11T04:45:00Z,185.05,110.48,0.00242,0
2026-01-11T04:50:00Z,189.18,124.45,0.00081,0
2026-01-11T04:55:00Z,198.19,108.67,0.00205,0
2026-01-11T05:00:00Z,210.92,107.04,0.00111,0
2026-01-11T05:05:00Z,178.80,113.37,0.00106,0
2026-01-11T05:10:00Z,251.11,129.88,0.00162,0
2026-01-11T05:15:00Z,234.07,126.26,0.00166,0
2026-01-11T05:20:00Z,213.00,103.59,0.00232,0
2026-01-11T05:25:00Z,210.23,102.52,0.00243,0
2026-01-11T05:30:00Z,240.60,117.01,0.00086,0
2026-01-11T05:35:00Z,175.86,121.21,0.00150,0
2026-01-11T05:40:00Z,280.96,114.28,0.00142,0
2026-01-11T05:45:00Z,167.01,107.82,0.00061,0
2026-01-11T05:50:00Z,232.56,107.68,0.00115,0
2026-01-11T05:55:00Z,263.28,107.89,0.00208,0
2026-01-11T06:00:00Z,231.60,124.18,0.00228,0
2026-01-11T06:05:00Z,260.01,118.79,0.00205,0
2026-01-11T06:10:00Z,250.45,117.71,0.00154,0
2026-01-11T06:15:00Z,288.59,124.54,0.00000,0
2026-01-11T06:20:00Z,247.45,140.45,0.00232,0
2026-01-11T06:25:00Z,239.75,121.62,0.00060,0
2026-01-11T06:30:00Z,252.52,102.71,0.00234,0
2026-01-11T06:35:00Z,277.00,113.17,0.00175,0
2026-01-11T06:40:00Z,264.18,127.52,0.00062,0
2026-01-11T06:45:00Z,283.26,138.96,0.00105,0
2026-01-11T06:50:00Z,325.78,128.55,0.00058,0
2026-01-11T06:55:00Z,287.17,114.65,0.00144,0
2026-01-11T07:00:00Z,324.06,119.97,0.00144,0
2026-01-11T07:05:00Z,302.11,112.31,0.00058,0
2026-01-11T07:10:00Z,292.34,123.80,0.00138,0
2026-01-11T07:15:00Z,318.87,131.69,0.00076,0
2026-01-11T07:20:00Z,332.58,131.10,0.00084,0
2026-01-11T07:25:00Z,325.91,137.01,0.00186,0
2026-01-11T07:30:00Z,365.84,143.99,0.00046,0
2026-01-11T07:35:00Z,347.40,116.55,0.00255,0
2026-01-11T07:40:00Z,344.26,134.49,0.00127,0
2026-01-11T07:45:00Z,354.86,130.99,0.00112,0
2026-01-11T07:50:00Z,364.00,135.17,0.00105,2
2026-01-11T07:55:00Z,370.48,138.31,0.00253,0
2026-01-11T08:00:00Z,328.01,128.95,0.00124,0
2026-01-11T08:05:00Z,349.08,120.61,0.00121,0
2026-01-11T08:10:00Z,369.40,114.35,0.00158,0
2026-01-11T08:15:00Z,402.63,125.04,0.00153,0
2026-01-11T08:20:00Z,414.24,118.62,0.00112,3
2026-01-11T08:25:00Z,389.81,128.81,0.00092,1
2026-01-11T08:30:00Z,421.81,115.55,0.00165,1
2026-01-11T08:35:00Z,369.23,132.12,0.00180,0
2026-01-11T08:40:00Z,443.43,128.49,0.00203,0
2026-01-11T08:45:00Z,431.89,127.49,0.00230,2
2026-01-11T08:50:00Z,446.47,134.57,0.00230,0
2026-01-11T08:55:00Z,400.92,135.44,0.00055,0
2026-01-11T09:00:00Z,502.96,142.32,0.00158,3
2026-01-11T09:05:00Z,459.96,132.01,0.00142,5
2026-01-11T09:10:00Z,434.98,135.15,0.00222,0
2026-01-11T09:15:00Z,381.69,113.45,0.00181,0
2026-01-11T09:20:00Z,475.67,131.02,0.00216,4
2026-01-11T09:25:00Z,466.46,139.76,0.00137,0
2026-01-11T09:30:00Z,525.05,125.67,0.00158,3
2026-01-11T09:35:00Z,489.81,141.54,0.00116,2
2026-01-11T09:40:00Z,493.31,140.36,0.00238,3
2026-01-11T09:45:00Z,483.72,136.22,0.00223,4
2026-01-11T09:50:00Z,519.88,159.13,0.00054,0
2026-01-11T09:55:00Z,481.11,158.09,0.00185,2
2026-01-11T10:00:00Z,503.98,151.16,0.00009,2
2026-01-11T10:05:00Z,501.64,160.26,0.00246,5
2026-01-11T10:10:00Z,505.98,145.77,0.00165,3
2026-01-11T10:15:00Z,482.34,145.38,0.00049,4
2026-01-11T10:20:00Z,490.23,158.45,0.00048,3
2026-01-11T10:25:00Z,529.90,171.53,0.00037,2
2026-01-11T10:30:00Z,494.32,135.67,0.00247,5
2026-01-11T10:35:00Z,536.35,125.20,0.00260,1
2026-01-11T10:40:00Z,516.29,175.27,0.00207,5
2026-01-11T10:45:00Z,540.12,134.34,0.00126,0
2026-01-11T10:50:00Z,549.88,166.65,0.00152,4
2026-01-11T10:55:00Z,527.89,128.32,0.00200,3
2026-01-11T11:00:00Z,535.53,150.56,0.00031,4
2026-01-11T11:05:00Z,539.16,127.95,0.00190,4
2026-01-11T11:10:00Z,519.84,134.23,0.00184,1
2026-01-11T11:15:00Z,529.06,133.90,0.00156,0
2026-01-11T11:20:00Z,539.68,153.78,0.00179,6
2026-01-11T11:25:00Z,513.52,157.91,0.00158,0
2026-01-11T11:30:00Z,538.10,149.68,0.00168,6
2026-01-11T11:35:00Z,514.20,122.91,0.00143,2
2026-01-11T11:40:00Z,520.63,163.29,0.00117,3
2026-01-11T11:45:00Z,507.78,137.71,0.00142,5
2026-01-11T11:50:00Z,527.75,143.51,0.00123,4
2026-01-11T11:55:00Z,518.04,144.96,0.00144,3
2026-01-11T12:00:00Z,472.73,124.21,0.00262,0
2026-01-11T12:05:00Z,491.83,139.00,0.00158,0
2026-01-11T12:10:00Z,515.99,152.37,0.00114,1
2026-01-11T12:15:00Z,501.41,135.25,0.00240,4
2026-01-11T12:20:00Z,476.57,154.17,0.00266,2
2026-01-11T12:25:00Z,457.10,149.56,0.00153,0
2026-01-11T12:30:00Z,476.10,135.58,0.00030,1
2026-01-11T12:35:00Z,483.42,152.34,0.00137,2
2026-01-11T12:40:00Z,420.08,163.16,0.00143,0
2026-01-11T12:45:00Z,473.87,138.24,0.00137,4
2026-01-11T12:50:00Z,456.06,115.55,0.00112,2
2026-01-11T12:55:00Z,478.71,153.61,0.00223,1
2026-01-11T13:00:00Z,479.82,155.68,0.00291,0
2026-01-11T13:05:00Z,423.97,153.18,0.00088,0
2026-01-11T13:10:00Z,426.69,138.55,0.00206,0
2026-01-11T13:15:00Z,433.88,170.19,0.00168,0
2026-01-11T13:20:00Z,431.17,136.74,0.00238,0
2026-01-11T13:25:00Z,415.71,141.75,0.00114,0
2026-01-11T13:30:00Z,417.56,111.03,0.00120,0
2026-01-11T13:35:00Z,425.80,134.07,0.00141,0
2026-01-11T13:40:00Z,349.24,131.68,0.00256,0
2026-01-11T13:45:00Z,410.44,129.11,0.00102,0
2026-01-11T13:50:00Z,357.79,119.22,0.00074,0
2026-01-11T13:55:00Z,391.91,139.36,0.00139,0
2026-01-11T14:00:00Z,419.22,149.35,0.00161,0
2026-01-11T14:05:00Z,353.98,127.71,0.00150,0
2026-01-11T14:10:00Z,372.56,131.29,0.00185,0
2026-01-11T14:15:00Z,393.95,135.74,0.00116,0
2026-01-11T14:20:00Z,357.95,136.78,0.00219,0
2026-01-11T14:25:00Z,358.19,133.05,0.00213,0
2026-01-11T14:30:00Z,334.29,134.72,0.00109,0
2026-01-11T14:35:00Z,358.48,119.84,0.00183,0
2026-01-11T14:40:00Z,322.88,113.34,0.00159,0
2026-01-11T14:45:00Z,337.03,125.34,0.00053,0
2026-01-11T14:50:00Z,341.99,133.06,0.00233,0
2026-01-11T14:55:00Z,319.31,123.28,0.00104,0
2026-01-11T15:00:00Z,325.97,127.61,0.00224,0
2026-01-11T15:05:00Z,312.26,95.37,0.00105,0
2026-01-11T15:10:00Z,294.70,113.28,0.00177,0
2026-01-11T15:15:00Z,332.14,118.57,0.00085,0
2026-01-11T15:20:00Z,349.03,143.88,0.00066,0
2026-01-11T15:25:00Z,320.06,118.16,0.00135,0
2026-01-11T15:30:00Z,310.38,114.50,0.00103,0
2026-01-11T15:35:00Z,283.80,125.78,0.00119,0
2026-01-11T15:40:00Z,337.58,132.16,0.00120,0
2026-01-11T15:45:00Z,263.44,119.22,0.00109,0
2026-01-11T15:50:00Z,283.40,125.15,0.00284,0
2026-01-11T15:55:00Z,341.36,137.31,0.00107,0
2026-01-11T16:00:00Z,293.14,141.20,0.00232,0
2026-01-11T16:05:00Z,317.96,119.74,0.00137,0
2026-01-11T16:10:00Z,302.06,138.60,0.00164,0
2026-01-11T16:15:00Z,304.97,126.44,0.00046,0
2026-01-11T16:20:00Z,278.01,133.14,0.00164,0
2026-01-11T16:25:00Z,316.03,133.79,0.00176,0
2026-01-11T16:30:00Z,261.45,107.94,0.00195,0
2026-01-11T16:35:00Z,280.26,129.24,0.00161,0
2026-01-11T16:40:00Z,278.20,120.59,0.00172,0
2026-01-11T16:45:00Z,283.77,118.08,0.00196,0
2026-01-11T16:50:00Z,267.79,107.07,0.00150,0
2026-01-11T16:55:00Z,266.08,127.47,0.00220,0
2026-01-11T17:00:00Z,261.62,115.53,0.00121,0
2026-01-11T17:05:00Z,248.77,131.23,0.00112,0
2026-01-11T17:10:00Z,317.38,140.48,0.00285,3
2026-01-11T17:15:00Z,314.84,134.47,0.00175,0
2026-01-11T17:20:00Z,289.64,120.48,0.00052,0
2026-01-11T17:25:00Z,329.47,125.91,0.00259,0
2026-01-11T17:30:00Z,282.64,119.47,0.00127,0
2026-01-11T17:35:00Z,295.53,103.33,0.00177,0
2026-01-11T17:40:00Z,307.86,123.64,0.00076,0
2026-01-11T17:45:00Z,301.34,124.76,0.00176,0
2026-01-11T17:50:00Z,274.92,120.85,0.00077,0
2026-01-11T17:55:00Z,274.46,131.31,0.00058,0
2026-01-11T18:00:00Z,318.55,109.87,0.00221,0
2026-01-11T18:05:00Z,280.12,125.40,0.00184,0
2026-01-11T18:10:00Z,287.08,100.93,0.00085,0
2026-01-11T18:15:00Z,311.17,129.35,0.00226,0
2026-01-11T18:20:00Z,287.83,106.19,0.00165,0
2026-01-11T18:25:00Z,308.94,110.51,0.00189,0
2026-01-11T18:30:00Z,283.04,130.64,0.00190,0
2026-01-11T18:35:00Z,305.27,110.99,0.00232,0
2026-01-11T18:40:00Z,311.95,100.41,0.00184,0
2026-01-11T18:45:00Z,315.70,106.49,0.00248,0
2026-01-11T18:50:00Z,291.92,113.48,0.00069,0
2026-01-11T18:55:00Z,295.10,120.73,0.00263,0
2026-01-11T19:00:00Z,266.70,111.49,0.00196,0
2026-01-11T19:05:00Z,307.66,108.51,0.00098,0
2026-01-11T19:10:00Z,287.43,114.77,0.00110,0
2026-01-11T19:15:00Z,261.63,138.44,0.00253,0
2026-01-11T19:20:00Z,308.95,109.76,0.00172,0
2026-01-11T19:25:00Z,230.34,115.46,0.00057,0
2026-01-11T19:30:00Z,298.54,140.93,0.00232,0
2026-01-11T19:35:00Z,268.20,117.35,0.00167,0
2026-01-11T19:40:00Z,318.10,115.73,0.00197,0
2026-01-11T19:45:00Z,271.35,121.33,0.00273,0
2026-01-11T19:50:00Z,325.79,138.07,0.00076,0
2026-01-11T19:55:00Z,310.20,116.37,0.00152,0
2026-01-11T20:00:00Z,320.67,135.61,0.00174,0
2026-01-11T20:05:00Z,290.78,146.32,0.00189,0
2026-01-11T20:10:00Z,327.34,124.36,0.00177,0
2026-01-11T20:15:00Z,247.10,113.61,0.00141,0
2026-01-11T20:20:00Z,264.99,112.75,0.00265,0
2026-01-11T20:25:00Z,277.30,123.04,0.00203,0
2026-01-11T20:30:00Z,259.27,143.03,0.00125,0
2026-01-11T20:35:00Z,251.13,112.88,0.00116,0
2026-01-11T20:40:00Z,274.90,107.64,0.00094,0
2026-01-11T20:45:00Z,218.64,119.34,0.00077,0
2026-01-11T20:50:00Z,253.48,103.63,0.00170,0
2026-01-11T20:55:00Z,231.58,112.12,0.00209,0
2026-01-11T21:00:00Z,281.03,128.77,0.00174,0
2026-01-11T21:05:00Z,296.59,136.06,0.00193,0
2026-01-11T21:10:00Z,262.51,128.84,0.00162,0
2026-01-11T21:15:00Z,278.99,123.49,0.00213,0
2026-01-11T21:20:00Z,228.57,114.61,0.00094,0
2026-01-11T21:25:00Z,268.34,114.33,0.00168,0
2026-01-11T21:30:00Z,253.77,120.64,0.00096,0
2026-01-11T21:35:00Z,244.23,110.53,0.00131,0
2026-01-11T21:40:00Z,198.97,101.01,0.00225,0
2026-01-11T21:45:00Z,216.52,118.76,0.00055,0
2026-01-11T21:50:00Z,191.04,104.69,0.00196,0
2026-01-11T21:55:00Z,234.30,133.48,0.00080,0
2026-01-11T22:00:00Z,201.91,113.08,0.00074,0
2026-01-11T22:05:00Z,192.12,95.14,0.00120,0
2026-01-11T22:10:00Z,165.08,108.40,0.00161,0
2026-01-11T22:15:00Z,206.17,128.14,0.00017,0
2026-01-11T22:20:00Z,167.11,114.83,0.00290,0
2026-01-11T22:25:00Z,221.44,118.74,0.00241,0
2026-01-11T22:30:00Z,219.02,118.08,0.00301,0
2026-01-11T22:35:00Z,202.74,132.77,0.00181,0
2026-01-11T22:40:00Z,184.87,123.98,0.00062,0
2026-01-11T22:45:00Z,207.89,107.43,0.00164,0
2026-01-11T22:50:00Z,156.17,89.45,0.00055,0
2026-01-11T22:55:00Z,179.83,127.19,0.00172,0
2026-01-11T23:00:00Z,207.74,108.13,0.00272,0
2026-01-11T23:05:00Z,187.34,110.63,0.00060,0
2026-01-11T23:10:00Z,180.39,117.54,0.00122,0
2026-01-11T23:15:00Z,205.64,120.98,0.00135,0
2026-01-11T23:20:00Z,188.47,104.37,0.00109,0
2026-01-11T23:25:00Z,205.14,120.64,0.00030,0
2026-01-11T23:30:00Z,151.67,122.89,0.00151,0
2026-01-11T23:35:00Z,211.79,127.30,0.00200,0
2026-01-11T23:40:00Z,192.49,98.93,0.00034,0
2026-01-11T23:45:00Z,177.82,116.73,0.00113,0
2026-01-11T23:50:00Z,170.37,102.46,0.00096,0
2026-01-11T23:55:00Z,180.79,114.66,0.00090,0
2026-01-12T00:00:00Z,233.50,115.72,0.00006,0
2026-01-12T00:05:00Z,208.40,126.54,0.00132,0
2026-01-12T00:10:00Z,235.29,117.70,0.00110,0
2026-01-12T00:15:00Z,225.96,104.79,0.00020,0
2026-01-12T00:20:00Z,229.19,126.39,0.00159,0
2026-01-12T00:25:00Z,205.74,98.27,0.00197,0
2026-01-12T00:30:00Z,214.23,112.96,0.00061,0
2026-01-12T00:35:00Z,229.01,117.85,0.00166,0
2026-01-12T00:40:00Z,247.46,121.79,0.00282,0
2026-01-12T00:45:00Z,254.15,139.06,0.00187,0
2026-01-12T00:50:00Z,192.81,108.37,0.00226,0
2026-01-12T00:55:00Z,234.33,122.78,0.00174,0
2026-01-12T01:00:00Z,258.36,124.11,0.00214,0
2026-01-12T01:05:00Z,168.59,108.23,0.00200,0
2026-01-12T01:10:00Z,214.00,104.62,0.00192,0
2026-01-12T01:15:00Z,206.53,112.54,0.00213,0
2026-01-12T01:20:00Z,186.74,112.62,0.00283,0
2026-01-12T01:25:00Z,240.51,135.38,0.00217,0
2026-01-12T01:30:00Z,253.82,115.29,0.00118,0
2026-01-12T01:35:00Z,223.81,101.63,0.00109,0
2026-01-12T01:40:00Z,217.05,102.41,0.00177,0
2026-01-12T01:45:00Z,257.63,108.73,0.00120,0
2026-01-12T01:50:00Z,230.55,121.37,0.00136,0
2026-01-12T01:55:00Z,269.01,124.49,0.00220,0
2026-01-12T02:00:00Z,257.65,107.20,0.00138,0
2026-01-12T02:05:00Z,209.89,109.96,0.00183,0
2026-01-12T02:10:00Z,207.83,105.64,0.00100,0
2026-01-12T02:15:00Z,236.76,113.35,0.00132,0
2026-01-12T02:20:00Z,215.16,94.30,0.00094,0
2026-01-12T02:25:00Z,206.90,116.90,0.00182,0
2026-01-12T02:30:00Z,250.70,132.01,0.00213,0
2026-01-12T02:35:00Z,243.51,104.39,0.00250,0
2026-01-12T02:40:00Z,249.43,127.00,0.00143,0
2026-01-12T02:45:00Z,267.41,108.49,0.00102,0
2026-01-12T02:50:00Z,229.45,114.99,0.00095,0
2026-01-12T02:55:00Z,201.77,103.41,0.00028,0
2026-01-12T03:00:00Z,213.22,114.51,0.00101,0
2026-01-12T03:05:00Z,238.62,127.32,0.00092,0
2026-01-12T03:10:00Z,251.94,127.75,0.00177,0
2026-01-12T03:15:00Z,250.61,121.46,0.00097,0
2026-01-12T03:20:00Z,242.70,134.60,0.00054,0
2026-01-12T03:25:00Z,267.98,125.71,0.00211,0
2026-01-12T03:30:00Z,275.94,130.02,0.00237,0
2026-01-12T03:35:00Z,191.29,104.35,0.00145,0
2026-01-12T03:40:00Z,254.12,120.44,0.00163,0
2026-01-12T03:45:00Z,230.25,119.27,0.00178,0
2026-01-12T03:50:00Z,223.50,125.68,0.00104,0
2026-01-12T03:55:00Z,275.25,125.63,0.00106,0
2026-01-12T04:00:00Z,238.37,112.29,0.00114,0
2026-01-12T04:05:00Z,253.18,118.12,0.00106,0
2026-01-12T04:10:00Z,241.72,121.10,0.00157,0
2026-01-12T04:15:00Z,276.06,117.20,0.00251,0
2026-01-12T04:20:00Z,261.76,110.53,0.00119,0
2026-01-12T04:25:00Z,296.05,112.20,0.00128,0
2026-01-12T04:30:00Z,287.00,114.63,0.00117,0
2026-01-12T04:35:00Z,264.17,126.98,0.00171,0
2026-01-12T04:40:00Z,244.69,124.39,0.00000,0
2026-01-12T04:45:00Z,266.05,116.04,0.00166,0
2026-01-12T04:50:00Z,254.95,127.65,0.00177,0
2026-01-12T04:55:00Z,318.33,117.00,0.00056,0
2026-01-12T05:00:00Z,278.49,130.55,0.00295,0
2026-01-12T05:05:00Z,303.33,119.21,0.00197,0
2026-01-12T05:10:00Z,288.20,132.67,0.00290,0
2026-01-12T05:15:00Z,313.73,119.13,0.00156,0
2026-01-12T05:20:00Z,313.39,133.13,0.00034,0
2026-01-12T05:25:00Z,317.11,132.59,0.00089,0
2026-01-12T05:30:00Z,300.05,127.34,0.00018,0
2026-01-12T05:35:00Z,307.59,135.44,0.00241,0
2026-01-12T05:40:00Z,344.08,124.07,0.00157,0
2026-01-12T05:45:00Z,293.26,127.22,0.00053,0
2026-01-12T05:50:00Z,312.48,126.97,0.00109,1
2026-01-12T05:55:00Z,331.98,126.83,0.00035,0
2026-01-12T06:00:00Z,330.62,121.36,0.00109,0
2026-01-12T06:05:00Z,359.39,121.34,0.00186,0
2026-01-12T06:10:00Z,355.45,117.72,0.00144,0
2026-01-12T06:15:00Z,347.39,148.95,0.00157,0
2026-01-12T06:20:00Z,368.93,123.47,0.00101,0
2026-01-12T06:25:00Z,393.89,120.70,0.00175,0
2026-01-12T06:30:00Z,381.81,120.89,0.00162,0
2026-01-12T06:35:00Z,381.84,135.92,0.00082,0
2026-01-12T06:40:00Z,405.31,127.43,0.00095,0
2026-01-12T06:45:00Z,406.76,126.96,0.00042,0
2026-01-12T06:50:00Z,358.27,118.87,0.00226,0
2026-01-12T06:55:00Z,346.15,126.02,0.00095,0
2026-01-12T07:00:00Z,370.03,136.13,0.00300,0
2026-01-12T07:05:00Z,390.58,132.49,0.00119,0
2026-01-12T07:10:00Z,426.39,149.32,0.00004,2
2026-01-12T07:15:00Z,461.44,118.29,0.00046,0
2026-01-12T07:20:00Z,473.65,149.88,0.00212,0
2026-01-12T07:25:00Z,500.93,139.12,0.00093,5
2026-01-12T07:30:00Z,462.56,133.99,0.00171,2
2026-01-12T07:35:00Z,451.00,134.26,0.00129,3
2026-01-12T07:40:00Z,426.95,133.48,0.00117,0
2026-01-12T07:45:00Z,451.14,149.83,0.00174,0
2026-01-12T07:50:00Z,485.93,161.72,0.00121,0
2026-01-12T07:55:00Z,510.48,144.29,0.00131,5
2026-01-12T08:00:00Z,501.07,153.91,0.00145,4
2026-01-12T08:05:00Z,560.75,148.74,0.00154,3
2026-01-12T08:10:00Z,518.64,154.16,0.00187,2
2026-01-12T08:15:00Z,512.00,149.26,0.00241,6
2026-01-12T08:20:00Z,495.72,141.46,0.00154,4
2026-01-12T08:25:00Z,519.91,154.52,0.00168,1
2026-01-12T08:30:00Z,549.67,156.92,0.00277,5
2026-01-12T08:35:00Z,576.60,161.34,0.00151,6
2026-01-12T08:40:00Z,586.61,154.39,0.00099,5
2026-01-12T08:45:00Z,613.39,141.23,0.00234,8
2026-01-12T08:50:00Z,592.95,143.85,0.00124,6
2026-01-12T08:55:00Z,605.85,146.50,0.00112,10
2026-01-12T09:00:00Z,635.21,157.03,0.00168,5
2026-01-12T09:05:00Z,646.15,162.02,0.00129,9
2026-01-12T09:10:00Z,655.83,156.03,0.00163,9
2026-01-12T09:15:00Z,650.43,154.93,0.00090,5
2026-01-12T09:20:00Z,635.88,161.19,0.00216,4
2026-01-12T09:25:00Z,650.43,139.51,0.00114,5
2026-01-12T09:30:00Z,676.41,155.16,0.00096,6
2026-01-12T09:35:00Z,698.50,172.42,0.00227,10
2026-01-12T09:40:00Z,683.84,174.81,0.00191,6
2026-01-12T09:45:00Z,724.22,157.75,0.00188,8
2026-01-12T09:50:00Z,722.59,165.06,0.00098,8
2026-01-12T09:55:00Z,701.74,142.08,0.00166,5
2026-01-12T10:00:00Z,686.17,143.86,0.00147,8
2026-01-12T10:05:00Z,719.89,170.40,0.00204,11
2026-01-12T10:10:00Z,708.02,169.96,0.00224,9
2026-01-12T10:15:00Z,711.89,169.06,0.00134,8
2026-01-12T10:20:00Z,724.13,175.16,0.00135,9
2026-01-12T10:25:00Z,741.46,155.81,0.00149,9
2026-01-12T10:30:00Z,712.93,170.19,0.00235,12
2026-01-12T10:35:00Z,759.16,165.96,0.00334,12
2026-01-12T10:40:00Z,772.51,179.85,0.00148,10
2026-01-12T10:45:00Z,689.73,163.40,0.00268,9
2026-01-12T10:50:00Z,731.92,173.84,0.00217,11
2026-01-12T10:55:00Z,729.75,175.35,0.00190,9
2026-01-12T11:00:00Z,723.05,157.91,0.00173,9
2026-01-12T11:05:00Z,728.23,172.46,0.00228,13
2026-01-12T11:10:00Z,707.54,162.73,0.00139,13
2026-01-12T11:15:00Z,737.29,171.78,0.00342,13
2026-01-12T11:20:00Z,766.10,167.64,0.00293,7
2026-01-12T11:25:00Z,723.09,166.04,0.00206,10
2026-01-12T11:30:00Z,693.18,168.60,0.00226,14
2026-01-12T11:35:00Z,730.93,155.16,0.00304,12
2026-01-12T11:40:00Z,717.49,191.18,0.00207,12
2026-01-12T11:45:00Z,729.25,166.33,0.00310,11
2026-01-12T11:50:00Z,684.45,172.21,0.00267,8
2026-01-12T11:55:00Z,712.48,161.05,0.00091,7
2026-01-12T12:00:00Z,688.77,158.79,0.00124,10
2026-01-12T12:05:00Z,691.86,176.24,0.00216,12
2026-01-12T12:10:00Z,688.86,166.79,0.00109,11
2026-01-12T12:15:00Z,708.90,165.12,0.00047,12
2026-01-12T12:20:00Z,697.16,170.26,0.00214,7
2026-01-12T12:25:00Z,648.73,152.48,0.00150,8
2026-01-12T12:30:00Z,626.75,179.18,0.00089,7
2026-01-12T12:35:00Z,686.43,167.65,0.00182,8
2026-01-12T12:40:00Z,636.50,164.77,0.00137,4
2026-01-12T12:45:00Z,653.61,152.15,0.00203,6
2026-01-12T12:50:00Z,617.33,175.31,0.00081,11
2026-01-12T12:55:00Z,667.95,160.28,0.00174,9
2026-01-12T13:00:00Z,608.12,160.81,0.00149,4
2026-01-12T13:05:00Z,631.82,159.76,0.00197,7
2026-01-12T13:10:00Z,588.55,160.11,0.00161,5
2026-01-12T13:15:00Z,595.93,146.21,0.00151,6
2026-01-12T13:20:00Z,570.04,149.71,0.00210,2
2026-01-12T13:25:00Z,564.99,156.12,0.00289,4
2026-01-12T13:30:00Z,575.88,134.53,0.00155,4
2026-01-12T13:35:00Z,522.83,151.50,0.00052,0
2026-01-12T13:40:00Z,538.16,143.87,0.00139,0
2026-01-12T13:45:00Z,546.54,145.68,0.00162,2
2026-01-12T13:50:00Z,571.22,152.00,0.00036,3
2026-01-12T13:55:00Z,509.92,149.91,0.00096,5
2026-01-12T14:00:00Z,531.53,138.05,0.00224,1
2026-01-12T14:05:00Z,498.74,139.96,0.00233,3
2026-01-12T14:10:00Z,517.81,132.35,0.00126,6
2026-01-12T14:15:00Z,503.38,159.53,0.00094,0
2026-01-12T14:20:00Z,464.61,146.57,0.00165,1
2026-01-12T14:25:00Z,528.02,128.53,0.00032,4
2026-01-12T14:30:00Z,507.84,141.17,0.00004,0
2026-01-12T14:35:00Z,440.11,127.65,0.00167,0
2026-01-12T14:40:00Z,473.02,141.17,0.00149,2
2026-01-12T14:45:00Z,422.95,138.87,0.00224,1
2026-01-12T14:50:00Z,488.21,133.48,0.00125,2
2026-01-12T14:55:00Z,456.31,141.81,0.00161,4
2026-01-12T15:00:00Z,468.43,140.69,0.00152,0
2026-01-12T15:05:00Z,492.37,148.48,0.00155,3
2026-01-12T15:10:00Z,408.64,124.02,0.00087,0
2026-01-12T15:15:00Z,410.68,138.76,0.00151,0
2026-01-12T15:20:00Z,434.42,144.80,0.00126,0
2026-01-12T15:25:00Z,418.05,147.08,0.00230,0
2026-01-12T15:30:00Z,435.58,130.09,0.00154,0
2026-01-12T15:35:00Z,429.19,131.92,0.00126,0
2026-01-12T15:40:00Z,380.94,120.84,0.00096,0
2026-01-12T15:45:00Z,436.15,137.28,0.00187,0
2026-01-12T15:50:00Z,384.07,136.08,0.00144,0
2026-01-12T15:55:00Z,369.50,134.61,0.00101,0
2026-01-12T16:00:00Z,398.49,121.59,0.00206,1
2026-01-12T16:05:00Z,381.53,133.26,0.00135,0
2026-01-12T16:10:00Z,417.82,135.48,0.00056,0
2026-01-12T16:15:00Z,406.02,129.09,0.00069,0
2026-01-12T16:20:00Z,390.87,131.63,0.00139,1
2026-01-12T16:25:00Z,386.25,144.71,0.00190,0
2026-01-12T16:30:00Z,395.09,131.38,0.00116,0
2026-01-12T16:35:00Z,408.72,111.31,0.00181,0
2026-01-12T16:40:00Z,333.01,141.85,0.00100,0
2026-01-12T16:45:00Z,403.88,130.12,0.00127,0
2026-01-12T16:50:00Z,362.87,111.70,0.00173,0
2026-01-12T16:55:00Z,396.61,136.48,0.00145,0
2026-01-12T17:00:00Z,379.23,150.78,0.00141,0
2026-01-12T17:05:00Z,381.91,129.21,0.00067,0
2026-01-12T17:10:00Z,394.39,138.61,0.00068,0
2026-01-12T17:15:00Z,429.66,129.51,0.00139,0
2026-01-12T17:20:00Z,427.01,155.04,0.00178,0
2026-01-12T17:25:00Z,441.88,139.26,0.00192,0
2026-01-12T17:30:00Z,384.66,123.42,0.00201,0
2026-01-12T17:35:00Z,393.62,130.94,0.00171,0
2026-01-12T17:40:00Z,392.79,142.30,0.00107,0
2026-01-12T17:45:00Z,400.59,134.50,0.00141,0
2026-01-12T17:50:00Z,380.75,145.18,0.00205,0
2026-01-12T17:55:00Z,392.44,143.09,0.00138,0
2026-01-12T18:00:00Z,360.12,144.98,0.00127,0
2026-01-12T18:05:00Z,423.45,148.80,0.00117,0
2026-01-12T18:10:00Z,426.42,130.47,0.00099,0
2026-01-12T18:15:00Z,400.67,126.57,0.00238,0
2026-01-12T18:20:00Z,430.78,140.22,0.00183,0
2026-01-12T18:25:00Z,423.59,126.18,0.00121,0
2026-01-12T18:30:00Z,438.25,136.43,0.00173,0
2026-01-12T18:35:00Z,398.01,131.95,0.00152,0
2026-01-12T18:40:00Z,401.48,130.80,0.00307,1
2026-01-12T18:45:00Z,394.00,128.13,0.00129,0
2026-01-12T18:50:00Z,415.84,150.93,0.00179,0
2026-01-12T18:55:00Z,410.04,136.39,0.00126,0
2026-01-12T19:00:00Z,405.06,134.51,0.00196,0
2026-01-12T19:05:00Z,453.65,146.15,0.00113,2
2026-01-12T19:10:00Z,391.66,144.43,0.00186,0
2026-01-12T19:15:00Z,437.17,122.10,0.00071,0
2026-01-12T19:20:00Z,399.06,133.39,0.00234,0
2026-01-12T19:25:00Z,418.35,124.05,0.00167,1
2026-01-12T19:30:00Z,369.78,119.72,0.00148,0
2026-01-12T19:35:00Z,416.95,131.15,0.00074,0
2026-01-12T19:40:00Z,470.07,126.03,0.00128,0
2026-01-12T19:45:00Z,409.91,119.95,0.00135,0
2026-01-12T19:50:00Z,435.67,152.01,0.00144,2
2026-01-12T19:55:00Z,360.77,153.37,0.00011,0
2026-01-12T20:00:00Z,384.51,118.44,0.00160,0
2026-01-12T20:05:00Z,370.04,133.45,0.00103,0
2026-01-12T20:10:00Z,367.56,126.00,0.00190,0
2026-01-12T20:15:00Z,384.79,134.04,0.00174,1
2026-01-12T20:20:00Z,411.07,139.02,0.00080,3
2026-01-12T20:25:00Z,381.89,154.49,0.00242,0
2026-01-12T20:30:00Z,350.45,108.69,0.00294,0
2026-01-12T20:35:00Z,326.58,124.19,0.00244,1
2026-01-12T20:40:00Z,377.58,148.21,0.00096,0
2026-01-12T20:45:00Z,361.96,126.98,0.00100,0
2026-01-12T20:50:00Z,329.61,111.67,0.00132,0
2026-01-12T20:55:00Z,338.85,135.79,0.00132,0
2026-01-12T21:00:00Z,396.76,131.07,0.00129,0
2026-01-12T21:05:00Z,315.50,122.45,0.00077,0
2026-01-12T21:10:00Z,353.36,125.94,0.00106,0
2026-01-12T21:15:00Z,301.43,123.02,0.00129,0
2026-01-12T21:20:00Z,354.82,123.06,0.00190,0
2026-01-12T21:25:00Z,280.00,120.53,0.00322,0
2026-01-12T21:30:00Z,299.65,114.93,0.00182,0
2026-01-12T21:35:00Z,321.40,114.14,0.00032,0
2026-01-12T21:40:00Z,311.93,109.36,0.00176,0
2026-01-12T21:45:00Z,288.12,128.71,0.00245,0
2026-01-12T21:50:00Z,279.12,94.94,0.00183,0
2026-01-12T21:55:00Z,318.05,136.67,0.00223,0
2026-01-12T22:00:00Z,287.18,114.89,0.00244,0
2026-01-12T22:05:00Z,337.46,120.20,0.00137,0
2026-01-12T22:10:00Z,275.10,122.37,0.00218,0
2026-01-12T22:15:00Z,329.86,112.90,0.00226,0
2026-01-12T22:20:00Z,290.45,119.72,0.00198,0
2026-01-12T22:25:00Z,273.25,119.25,0.00065,0
2026-01-12T22:30:00Z,234.29,121.83,0.00224,0
2026-01-12T22:35:00Z,259.77,123.24,0.00127,0
2026-01-12T22:40:00Z,314.63,132.99,0.00291,0
2026-01-12T22:45:00Z,265.87,140.63,0.00141,0
2026-01-12T22:50:00Z,302.78,111.30,0.00146,0
2026-01-12T22:55:00Z,275.02,122.65,0.00158,0
2026-01-12T23:00:00Z,284.45,115.24,0.00173,0
2026-01-12T23:05:00Z,268.48,138.25,0.00109,0
2026-01-12T23:10:00Z,212.38,124.32,0.00136,0
2026-01-12T23:15:00Z,268.88,125.00,0.00044,0
2026-01-12T23:20:00Z,250.42,107.72,0.00194,0
2026-01-12T23:25:00Z,240.06,117.77,0.00183,0
2026-01-12T23:30:00Z,253.03,129.31,0.00200,0
2026-01-12T23:35:00Z,246.24,124.81,0.00093,0
2026-01-12T23:40:00Z,247.64,80.21,0.00080,0
2026-01-12T23:45:00Z,237.65,123.77,0.00113,0
2026-01-12T23:50:00Z,277.83,106.90,0.00071,0
2026-01-12T23:55:00Z,262.17,104.08,0.00190,0
2026-01-13T00:00:00Z,243.55,128.72,0.00196,0
2026-01-13T00:05:00Z,197.49,114.19,0.00145,0
2026-01-13T00:10:00Z,277.79,132.60,0.00233,0
2026-01-13T00:15:00Z,223.56,115.72,0.00108,0
2026-01-13T00:20:00Z,209.22,99.60,0.00057,0
2026-01-13T00:25:00Z,235.72,134.96,0.00063,0
2026-01-13T00:30:00Z,178.91,118.74,0.00127,0
2026-01-13T00:35:00Z,285.49,112.55,0.00162,0
2026-01-13T00:40:00Z,186.44,103.37,0.00044,0
2026-01-13T00:45:00Z,222.67,118.73,0.00191,0
2026-01-13T00:50:00Z,210.55,106.76,0.00056,0
2026-01-13T00:55:00Z,215.08,96.28,0.00102,0
2026-01-13T01:00:00Z,215.22,118.00,0.00188,0
2026-01-13T01:05:00Z,242.26,107.97,0.00089,0
2026-01-13T01:10:00Z,208.41,105.27,0.00127,0
2026-01-13T01:15:00Z,219.39,100.31,0.00233,0
2026-01-13T01:20:00Z,203.02,109.04,0.00140,0
2026-01-13T01:25:00Z,237.94,117.96,0.00298,0
2026-01-13T01:30:00Z,199.52,109.34,0.00121,0
2026-01-13T01:35:00Z,249.97,114.43,0.00206,0
2026-01-13T01:40:00Z,211.10,117.59,0.00107,0
2026-01-13T01:45:00Z,236.71,106.06,0.00200,0
2026-01-13T01:50:00Z,278.25,129.55,0.00152,0
2026-01-13T01:55:00Z,246.00,92.39,0.00153,0
2026-01-13T02:00:00Z,256.86,129.22,0.00103,0
2026-01-13T02:05:00Z,226.33,114.25,0.00193,0
2026-01-13T02:10:00Z,238.25,122.46,0.00113,0
2026-01-13T02:15:00Z,167.97,73.97,0.00162,0
2026-01-13T02:20:00Z,229.54,127.07,0.00182,0
2026-01-13T02:25:00Z,271.83,113.78,0.00258,0
2026-01-13T02:30:00Z,236.37,110.00,0.00266,0
2026-01-13T02:35:00Z,273.89,137.46,0.00261,0
2026-01-13T02:40:00Z,234.12,119.29,0.00122,0
2026-01-13T02:45:00Z,209.62,111.81,0.00144,0
2026-01-13T02:50:00Z,246.05,129.16,0.00181,0
2026-01-13T02:55:00Z,266.19,105.29,0.00033,0
2026-01-13T03:00:00Z,240.47,123.53,0.00081,0
2026-01-13T03:05:00Z,254.04,103.42,0.00238,0
2026-01-13T03:10:00Z,222.94,116.11,0.00316,0
2026-01-13T03:15:00Z,261.20,120.08,0.00119,0
2026-01-13T03:20:00Z,232.36,126.04,0.00099,0
2026-01-13T03:25:00Z,264.72,113.98,0.00102,0
2026-01-13T03:30:00Z,277.19,109.75,0.00138,0
2026-01-13T03:35:00Z,253.79,101.48,0.00110,0
2026-01-13T03:40:00Z,231.19,109.09,0.00198,0
2026-01-13T03:45:00Z,230.68,127.23,0.00167,0
2026-01-13T03:50:00Z,249.78,125.35,0.00240,0
2026-01-13T03:55:00Z,254.47,128.67,0.00061,0
2026-01-13T04:00:00Z,308.01,136.00,0.00102,0
2026-01-13T04:05:00Z,202.24,121.18,0.00116,0
2026-01-13T04:10:00Z,287.55,130.39,0.00198,0
2026-01-13T04:15:00Z,255.46,120.24,0.00251,0
2026-01-13T04:20:00Z,218.69,115.84,0.00203,0
2026-01-13T04:25:00Z,237.84,122.20,0.00230,0
2026-01-13T04:30:00Z,253.16,125.74,0.00074,0
2026-01-13T04:35:00Z,267.64,128.60,0.00000,0
2026-01-13T04:40:00Z,288.89,136.18,0.00081,0
2026-01-13T04:45:00Z,265.51,121.42,0.00139,0
2026-01-13T04:50:00Z,335.87,126.15,0.00227,2
2026-01-13T04:55:00Z,273.06,127.57,0.00064,0
2026-01-13T05:00:00Z,327.51,134.81,0.00200,0
2026-01-13T05:05:00Z,258.14,104.24,0.00253,0
2026-01-13T05:10:00Z,272.72,107.54,0.00116,0
2026-01-13T05:15:00Z,287.89,138.30,0.00172,0
2026-01-13T05:20:00Z,337.30,139.08,0.00000,0
2026-01-13T05:25:00Z,311.89,109.47,0.00242,0
2026-01-13T05:30:00Z,305.94,115.26,0.00198,0
2026-01-13T05:35:00Z,269.52,96.89,0.00250,0
2026-01-13T05:40:00Z,309.65,117.39,0.00095,0
2026-01-13T05:45:00Z,307.32,115.00,0.00270,0
2026-01-13T05:50:00Z,323.35,126.00,0.00108,0
2026-01-13T05:55:00Z,324.00,123.59,0.00100,0
2026-01-13T06:00:00Z,357.70,143.20,0.00143,1
2026-01-13T06:05:00Z,330.68,140.09,0.00147,0
2026-01-13T06:10:00Z,345.18,135.70,0.00172,0
2026-01-13T06:15:00Z,337.25,133.00,0.00118,0
2026-01-13T06:20:00Z,336.01,144.58,0.00116,2
2026-01-13T06:25:00Z,344.09,117.62,0.00113,0
2026-01-13T06:30:00Z,362.48,135.74,0.00109,0
2026-01-13T06:35:00Z,379.59,128.41,0.00186,0
2026-01-13T06:40:00Z,348.04,138.82,0.00075,0
2026-01-13T06:45:00Z,402.78,128.25,0.00065,4
2026-01-13T06:50:00Z,412.27,134.45,0.00238,3
2026-01-13T06:55:00Z,435.04,128.30,0.00117,0
2026-01-13T07:00:00Z,407.30,148.72,0.00169,0
2026-01-13T07:05:00Z,388.68,147.82,0.00162,0
2026-01-13T07:10:00Z,488.20,153.66,0.00238,3
2026-01-13T07:15:00Z,393.08,145.60,0.00137,1
2026-01-13T07:20:00Z,443.77,129.28,0.00155,0
2026-01-13T07:25:00Z,407.19,110.49,0.00145,0
2026-01-13T07:30:00Z,468.21,158.20,0.00070,0
2026-01-13T07:35:00Z,486.90,149.10,0.00178,0
2026-01-13T07:40:00Z,481.01,166.36,0.00076,3
2026-01-13T07:45:00Z,529.10,138.62,0.00116,4
2026-01-13T07:50:00Z,457.47,139.12,0.00000,0
2026-01-13T07:55:00Z,481.52,148.29,0.00008,1
2026-01-13T08:00:00Z,535.54,122.30,0.00096,2
2026-01-13T08:05:00Z,511.29,142.65,0.00158,3
2026-01-13T08:10:00Z,526.62,149.69,0.00141,2
2026-01-13T08:15:00Z,497.28,138.41,0.00232,2
2026-01-13T08:20:00Z,537.94,148.27,0.00088,5
2026-01-13T08:25:00Z,574.99,165.75,0.00146,6
2026-01-13T08:30:00Z,585.38,151.59,0.00204,5
2026-01-13T08:35:00Z,568.92,172.83,0.00204,1
2026-01-13T08:40:00Z,559.29,161.29,0.00198,7
2026-01-13T08:45:00Z,586.91,158.57,0.00167,4
2026-01-13T08:50:00Z,626.51,178.92,0.00082,5
2026-01-13T08:55:00Z,635.31,153.89,0.00090,6
2026-01-13T09:00:00Z,583.30,146.47,0.00146,3
2026-01-13T09:05:00Z,622.10,162.95,0.00174,3
2026-01-13T09:10:00Z,648.37,148.85,0.00108,9
2026-01-13T09:15:00Z,656.85,144.42,0.00177,5
2026-01-13T09:20:00Z,647.09,138.53,0.00000,7
2026-01-13T09:25:00Z,666.05,164.18,0.00125,9
2026-01-13T09:30:00Z,637.73,153.68,0.00117,5
2026-01-13T09:35:00Z,656.37,171.41,0.00163,12
2026-01-13T09:40:00Z,717.68,168.05,0.00208,8
2026-01-13T09:45:00Z,679.81,155.31,0.00257,9
2026-01-13T09:50:00Z,726.35,169.00,0.00162,9
2026-01-13T09:55:00Z,677.32,157.00,0.00136,11
2026-01-13T10:00:00Z,698.46,162.06,0.00165,8
2026-01-13T10:05:00Z,726.23,161.73,0.00102,9
2026-01-13T10:10:00Z,722.11,154.68,0.00251,10
2026-01-13T10:15:00Z,660.90,148.93,0.00163,7
2026-01-13T10:20:00Z,749.59,173.32,0.00340,10
2026-01-13T10:25:00Z,718.88,169.68,0.00301,9
2026-01-13T10:30:00Z,673.49,161.04,0.00024,9
2026-01-13T10:35:00Z,761.05,176.47,0.00225,9
2026-01-13T10:40:00Z,757.02,184.57,0.00304,14
2026-01-13T10:45:00Z,711.41,177.63,0.00287,4
2026-01-13T10:50:00Z,734.09,167.63,0.00177,13
2026-01-13T10:55:00Z,732.14,178.89,0.00288,10
2026-01-13T11:00:00Z,678.69,154.04,0.00146,9
2026-01-13T11:05:00Z,726.31,157.04,0.00128,11
2026-01-13T11:10:00Z,769.42,162.95,0.00191,8
2026-01-13T11:15:00Z,739.41,187.28,0.00165,13
2026-01-13T11:20:00Z,747.61,178.03,0.00183,9
2026-01-13T11:25:00Z,715.99,155.65,0.00262,8
2026-01-13T11:30:00Z,703.08,182.33,0.00171,9
2026-01-13T11:35:00Z,731.34,187.38,0.00200,10
2026-01-13T11:40:00Z,671.26,168.08,0.00264,9
2026-01-13T11:45:00Z,675.12,161.43,0.00313,6
2026-01-13T11:50:00Z,707.84,157.44,0.00173,10
2026-01-13T11:55:00Z,722.83,182.92,0.00271,6
2026-01-13T12:00:00Z,716.96,151.07,0.00233,11
2026-01-13T12:05:00Z,704.32,176.33,0.00197,8
2026-01-13T12:10:00Z,667.42,165.06,0.00224,9
2026-01-13T12:15:00Z,714.82,179.11,0.00087,10
2026-01-13T12:20:00Z,698.05,142.78,0.00094,4
2026-01-13T12:25:00Z,649.75,166.90,0.00150,5
2026-01-13T12:30:00Z,688.76,161.14,0.00148,9
2026-01-13T12:35:00Z,657.60,172.27,0.00214,9
2026-01-13T12:40:00Z,652.14,157.49,0.00102,7
2026-01-13T12:45:00Z,631.29,159.58,0.00117,10
2026-01-13T12:50:00Z,641.72,171.30,0.00197,4
2026-01-13T12:55:00Z,594.61,148.56,0.00074,4
2026-01-13T13:00:00Z,661.79,170.92,0.00173,10
2026-01-13T13:05:00Z,613.40,162.77,0.00073,6
2026-01-13T13:10:00Z,580.21,145.92,0.00247,2
2026-01-13T13:15:00Z,640.66,160.74,0.00094,8
2026-01-13T13:20:00Z,591.16,155.66,0.00184,3
2026-01-13T13:25:00Z,549.83,155.81,0.00114,8
2026-01-13T13:30:00Z,566.45,131.39,0.00053,4
2026-01-13T13:35:00Z,600.40,163.31,0.00168,4
2026-01-13T13:40:00Z,514.64,155.75,0.00031,6
2026-01-13T13:45:00Z,549.89,158.99,0.00134,4
2026-01-13T13:50:00Z,537.25,166.95,0.00121,3
2026-01-13T13:55:00Z,581.51,152.14,0.00206,5
2026-01-13T14:00:00Z,523.15,147.58,0.00170,3
2026-01-13T14:05:00Z,506.97,145.27,0.00001,2
2026-01-13T14:10:00Z,494.81,121.39,0.00033,2
2026-01-13T14:15:00Z,501.86,156.37,0.00194,4
2026-01-13T14:20:00Z,504.21,155.26,0.00171,4
2026-01-13T14:25:00Z,499.34,135.69,0.00187,0
2026-01-13T14:30:00Z,496.22,136.30,0.00132,3
2026-01-13T14:35:00Z,459.61,128.18,0.00207,2
2026-01-13T14:40:00Z,490.06,137.10,0.00203,4
2026-01-13T14:45:00Z,436.28,134.04,0.00251,0
2026-01-13T14:50:00Z,423.35,128.45,0.00167,0
2026-01-13T14:55:00Z,459.32,164.71,0.00111,0
2026-01-13T15:00:00Z,419.71,145.21,0.00039,0
2026-01-13T15:05:00Z,412.18,134.12,0.00178,0
2026-01-13T15:10:00Z,451.04,150.58,0.00158,0
2026-01-13T15:15:00Z,443.55,143.18,0.00139,0
2026-01-13T15:20:00Z,424.25,148.26,0.00178,0
2026-01-13T15:25:00Z,419.45,128.60,0.00194,0
2026-01-13T15:30:00Z,389.60,159.25,0.00023,0
2026-01-13T15:35:00Z,418.44,149.45,0.00193,1
2026-01-13T15:40:00Z,435.72,130.17,0.00095,0
2026-01-13T15:45:00Z,405.68,111.07,0.00163,2
2026-01-13T15:50:00Z,394.44,137.11,0.00000,0
2026-01-13T15:55:00Z,400.70,135.74,0.00160,0
2026-01-13T16:00:00Z,397.38,132.01,0.00106,0
2026-01-13T16:05:00Z,419.36,145.10,0.00094,0
2026-01-13T16:10:00Z,408.26,130.05,0.00178,0
2026-01-13T16:15:00Z,387.48,152.08,0.00234,1
2026-01-13T16:20:00Z,398.17,149.98,0.00239,0
2026-01-13T16:25:00Z,384.19,126.11,0.00101,0
2026-01-13T16:30:00Z,408.17,155.69,0.00180,0
2026-01-13T16:35:00Z,391.30,149.36,0.00098,0
2026-01-13T16:40:00Z,429.54,153.85,0.00183,2
2026-01-13T16:45:00Z,389.77,144.35,0.00090,0
2026-01-13T16:50:00Z,430.22,138.71,0.00171,2
2026-01-13T16:55:00Z,399.99,125.37,0.00249,2
2026-01-13T17:00:00Z,405.47,130.42,0.00227,0
2026-01-13T17:05:00Z,380.02,135.21,0.00104,0
2026-01-13T17:10:00Z,429.99,131.45,0.00000,0
2026-01-13T17:15:00Z,438.22,135.56,0.00167,1
2026-01-13T17:20:00Z,419.71,130.07,0.00240,0
2026-01-13T17:25:00Z,391.92,122.45,0.00101,0
2026-01-13T17:30:00Z,350.34,152.88,0.00241,0
2026-01-13T17:35:00Z,402.86,149.28,0.00117,0
2026-01-13T17:40:00Z,398.86,135.02,0.00122,0
2026-01-13T17:45:00Z,387.84,117.00,0.00049,0
2026-01-13T17:50:00Z,379.75,123.21,0.00166,0
2026-01-13T17:55:00Z,394.76,127.58,0.00182,0
2026-01-13T18:00:00Z,412.81,137.97,0.00226,0
2026-01-13T18:05:00Z,441.28,136.56,0.00295,3
2026-01-13T18:10:00Z,451.27,146.64,0.00118,0
2026-01-13T18:15:00Z,415.25,142.76,0.00088,0
2026-01-13T18:20:00Z,415.20,135.58,0.00194,0
2026-01-13T18:25:00Z,413.53,125.58,0.00141,0
2026-01-13T18:30:00Z,424.83,130.78,0.00216,0
2026-01-13T18:35:00Z,403.52,151.47,0.00146,2
2026-01-13T18:40:00Z,422.82,126.03,0.00175,0
2026-01-13T18:45:00Z,408.92,143.06,0.00160,2
2026-01-13T18:50:00Z,429.79,145.11,0.00052,1
2026-01-13T18:55:00Z,442.49,144.97,0.00191,0
2026-01-13T19:00:00Z,408.79,120.43,0.00166,0
2026-01-13T19:05:00Z,383.72,117.72,0.00213,0
2026-01-13T19:10:00Z,441.47,126.70,0.00146,0
2026-01-13T19:15:00Z,417.87,145.48,0.00142,0
2026-01-13T19:20:00Z,417.59,111.93,0.00143,0
2026-01-13T19:25:00Z,385.60,139.61,0.00231,0
2026-01-13T19:30:00Z,450.08,139.12,0.00200,2
2026-01-13T19:35:00Z,385.61,149.98,0.00198,0
2026-01-13T19:40:00Z,432.20,120.06,0.00058,0
2026-01-13T19:45:00Z,421.94,136.87,0.00151,0
2026-01-13T19:50:00Z,408.36,113.02,0.00210,0
2026-01-13T19:55:00Z,356.13,125.86,0.00100,0
2026-01-13T20:00:00Z,387.87,123.06,0.00099,1
2026-01-13T20:05:00Z,379.48,133.89,0.00287,0
2026-01-13T20:10:00Z,366.23,128.33,0.00199,0
2026-01-13T20:15:00Z,399.07,141.32,0.00237,0
2026-01-13T20:20:00Z,411.69,154.28,0.00189,0
2026-01-13T20:25:00Z,407.13,125.33,0.00205,0
2026-01-13T20:30:00Z,326.38,107.36,0.00055,0
2026-01-13T20:35:00Z,373.57,141.66,0.00154,0
2026-01-13T20:40:00Z,377.36,125.52,0.00219,0
2026-01-13T20:45:00Z,332.19,125.16,0.00000,0
2026-01-13T20:50:00Z,334.02,119.74,0.00126,0
2026-01-13T20:55:00Z,344.89,129.18,0.00202,0
2026-01-13T21:00:00Z,366.64,137.04,0.00164,0
2026-01-13T21:05:00Z,349.34,132.03,0.00183,1
2026-01-13T21:10:00Z,330.02,122.89,0.00095,0
2026-01-13T21:15:00Z,325.15,131.71,0.00212,0
2026-01-13T21:20:00Z,326.46,132.56,0.00247,0
2026-01-13T21:25:00Z,256.14,116.50,0.00162,0
2026-01-13T21:30:00Z,278.75,129.63,0.00118,0
2026-01-13T21:35:00Z,267.03,127.80,0.00109,0
2026-01-13T21:40:00Z,281.03,140.52,0.00028,0
2026-01-13T21:45:00Z,291.08,121.29,0.00129,0
2026-01-13T21:50:00Z,284.39,130.56,0.00157,0
2026-01-13T21:55:00Z,278.80,119.43,0.00241,0
2026-01-13T22:00:00Z,234.88,111.49,0.00179,0
2026-01-13T22:05:00Z,306.05,149.57,0.00219,0
2026-01-13T22:10:00Z,322.82,136.75,0.00174,0
2026-01-13T22:15:00Z,274.52,107.15,0.00161,0
2026-01-13T22:20:00Z,252.19,129.82,0.00192,0
2026-01-13T22:25:00Z,334.03,124.88,0.00057,0
2026-01-13T22:30:00Z,268.86,113.73,0.00192,0
2026-01-13T22:35:00Z,232.53,125.64,0.00221,0
2026-01-13T22:40:00Z,240.80,121.46,0.00180,0
2026-01-13T22:45:00Z,283.77,139.60,0.00154,0
2026-01-13T22:50:00Z,242.84,115.09,0.00191,0
2026-01-13T22:55:00Z,293.46,127.69,0.00012,0
2026-01-13T23:00:00Z,288.80,141.19,0.00181,0
2026-01-13T23:05:00Z,284.41,117.36,0.00075,0
2026-01-13T23:10:00Z,256.81,128.58,0.00121,0
2026-01-13T23:15:00Z,257.21,134.84,0.00147,0
2026-01-13T23:20:00Z,238.88,100.85,0.00147,0
2026-01-13T23:25:00Z,225.24,118.86,0.00201,0
2026-01-13T23:30:00Z,261.10,132.91,0.00121,0
2026-01-13T23:35:00Z,286.86,128.52,0.00149,0
2026-01-13T23:40:00Z,247.13,133.30,0.00126,0
2026-01-13T23:45:00Z,239.85,121.57,0.00176,0
2026-01-13T23:50:00Z,232.57,119.26,0.00206,0
2026-01-13T23:55:00Z,239.79,114.81,0.00153,0
2026-01-14T00:00:00Z,230.72,123.84,0.00151,0
2026-01-14T00:05:00Z,202.31,107.02,0.00154,0
2026-01-14T00:10:00Z,203.12,107.72,0.00162,0
2026-01-14T00:15:00Z,191.01,124.04,0.00118,0
2026-01-14T00:20:00Z,260.72,114.19,0.00163,0
2026-01-14T00:25:00Z,203.57,117.84,0.00248,0
2026-01-14T00:30:00Z,233.69,121.28,0.00247,0
2026-01-14T00:35:00Z,250.79,110.68,0.00073,0
2026-01-14T00:40:00Z,210.85,120.24,0.00124,0
2026-01-14T00:45:00Z,251.93,103.43,0.00092,0
2026-01-14T00:50:00Z,209.74,134.52,0.00168,0
2026-01-14T00:55:00Z,277.97,133.66,0.00046,0
2026-01-14T01:00:00Z,248.70,138.65,0.00119,0
2026-01-14T01:05:00Z,180.69,95.69,0.00110,0
2026-01-14T01:10:00Z,236.13,115.69,0.00166,0
2026-01-14T01:15:00Z,241.75,134.41,0.00220,0
2026-01-14T01:20:00Z,204.05,108.94,0.00205,0
2026-01-14T01:25:00Z,241.07,123.71,0.00129,0
2026-01-14T01:30:00Z,234.34,116.30,0.00106,0
2026-01-14T01:35:00Z,235.82,103.51,0.00237,0
2026-01-14T01:40:00Z,241.45,107.53,0.00112,0
2026-01-14T01:45:00Z,212.84,108.56,0.00091,0
2026-01-14T01:50:00Z,205.55,118.26,0.00038,0
2026-01-14T01:55:00Z,235.27,127.29,0.00227,0
2026-01-14T02:00:00Z,218.05,132.53,0.00149,0
2026-01-14T02:05:00Z,216.12,111.28,0.00106,0
2026-01-14T02:10:00Z,272.82,108.58,0.00264,0
2026-01-14T02:15:00Z,259.17,116.62,0.00207,0
2026-01-14T02:20:00Z,227.24,125.15,0.00243,0
2026-01-14T02:25:00Z,242.25,111.67,0.00243,0
2026-01-14T02:30:00Z,210.46,111.32,0.00177,0
2026-01-14T02:35:00Z,248.62,145.86,0.00106,0
2026-01-14T02:40:00Z,230.18,131.67,0.00143,0
2026-01-14T02:45:00Z,188.50,108.57,0.00127,0
2026-01-14T02:50:00Z,256.85,106.39,0.00160,0
2026-01-14T02:55:00Z,272.28,134.23,0.00137,0
2026-01-14T03:00:00Z,221.80,108.44,0.00088,0
2026-01-14T03:05:00Z,246.33,136.90,0.00215,0
2026-01-14T03:10:00Z,250.96,130.88,0.00229,0
2026-01-14T03:15:00Z,247.95,123.67,0.00036,0
2026-01-14T03:20:00Z,230.22,105.24,0.00338,0
2026-01-14T03:25:00Z,267.89,125.28,0.00125,0
2026-01-14T03:30:00Z,242.14,110.97,0.00145,0
2026-01-14T03:35:00Z,243.29,135.20,0.00153,0
2026-01-14T03:40:00Z,293.61,130.55,0.00237,0
2026-01-14T03:45:00Z,287.57,110.13,0.00266,0
2026-01-14T03:50:00Z,210.46,122.40,0.00199,0
2026-01-14T03:55:00Z,243.00,112.36,0.00000,0
2026-01-14T04:00:00Z,271.38,116.47,0.00090,0
2026-01-14T04:05:00Z,240.14,112.16,0.00134,0
2026-01-14T04:10:00Z,253.45,121.92,0.00233,0
2026-01-14T04:15:00Z,263.65,124.26,0.00130,0
2026-01-14T04:20:00Z,264.48,134.91,0.00084,0
2026-01-14T04:25:00Z,264.45,130.71,0.00124,0
2026-01-14T04:30:00Z,212.38,118.14,0.00199,0
2026-01-14T04:35:00Z,223.33,115.59,0.00098,0
2026-01-14T04:40:00Z,289.43,124.92,0.00208,0
2026-01-14T04:45:00Z,272.45,127.33,0.00195,0
2026-01-14T04:50:00Z,330.89,111.62,0.00149,0
2026-01-14T04:55:00Z,278.57,123.53,0.00075,0
2026-01-14T05:00:00Z,302.46,116.39,0.00155,0
2026-01-14T05:05:00Z,307.32,128.23,0.00090,0
2026-01-14T05:10:00Z,297.27,125.44,0.00219,0
2026-01-14T05:15:00Z,303.52,140.69,0.00233,0
2026-01-14T05:20:00Z,268.91,121.04,0.00228,0
2026-01-14T05:25:00Z,338.03,130.85,0.00134,0
2026-01-14T05:30:00Z,270.61,118.04,0.00143,0
2026-01-14T05:35:00Z,281.56,131.32,0.00158,0
2026-01-14T05:40:00Z,344.91,135.36,0.00148,0
2026-01-14T05:45:00Z,350.28,116.71,0.00175,0
2026-01-14T05:50:00Z,342.48,150.62,0.00122,0
2026-01-14T05:55:00Z,326.66,136.69,0.00123,0
2026-01-14T06:00:00Z,336.80,132.94,0.00208,0
2026-01-14T06:05:00Z,314.84,129.04,0.00198,0
2026-01-14T06:10:00Z,351.76,134.21,0.00230,0
2026-01-14T06:15:00Z,329.24,114.33,0.00107,0
2026-01-14T06:20:00Z,348.06,131.99,0.00145,0
2026-01-14T06:25:00Z,347.49,138.41,0.00095,0
2026-01-14T06:30:00Z,399.63,137.43,0.00198,0
2026-01-14T06:35:00Z,359.32,134.36,0.00000,0
2026-01-14T06:40:00Z,409.53,124.62,0.00316,1
2026-01-14T06:45:00Z,398.83,136.52,0.00180,0
2026-01-14T06:50:00Z,375.36,127.06,0.00085,0
2026-01-14T06:55:00Z,395.10,139.36,0.00181,0
2026-01-14T07:00:00Z,359.38,110.77,0.00109,0
2026-01-14T07:05:00Z,431.06,139.10,0.00172,0
2026-01-14T07:10:00Z,458.80,149.69,0.00149,0
2026-01-14T07:15:00Z,439.58,146.33,0.00154,0
2026-01-14T07:20:00Z,487.27,130.52,0.00193,1
2026-01-14T07:25:00Z,419.31,145.83,0.00072,3
2026-01-14T07:30:00Z,465.30,151.86,0.00112,0
2026-01-14T07:35:00Z,470.09,134.64,0.00339,3
2026-01-14T07:40:00Z,509.52,157.52,0.00181,5
2026-01-14T07:45:00Z,472.76,138.13,0.00143,7
2026-01-14T07:50:00Z,499.77,146.06,0.00184,1
2026-01-14T07:55:00Z,504.73,139.38,0.00226,1
2026-01-14T08:00:00Z,505.09,136.53,0.00190,5
2026-01-14T08:05:00Z,500.26,136.15,0.00149,3
2026-01-14T08:10:00Z,531.41,151.06,0.00042,1
2026-01-14T08:15:00Z,547.56,145.33,0.00119,3
2026-01-14T08:20:00Z,583.26,133.34,0.00274,6
2026-01-14T08:25:00Z,559.14,135.02,0.00209,4
2026-01-14T08:30:00Z,521.96,164.86,0.00100,1
2026-01-14T08:35:00Z,552.83,154.52,0.00139,3
2026-01-14T08:40:00Z,622.06,141.94,0.00263,3
2026-01-14T08:45:00Z,587.57,143.99,0.00062,6
2026-01-14T08:50:00Z,574.75,151.74,0.00076,4
2026-01-14T08:55:00Z,576.74,163.09,0.00120,3
2026-01-14T09:00:00Z,595.07,148.31,0.00075,9
2026-01-14T09:05:00Z,593.47,155.28,0.00207,2
2026-01-14T09:10:00Z,606.44,155.19,0.00169,1
2026-01-14T09:15:00Z,657.22,144.46,0.00005,6
2026-01-14T09:20:00Z,668.02,169.02,0.00100,7
2026-01-14T09:25:00Z,672.24,172.07,0.00146,9
2026-01-14T09:30:00Z,703.88,175.95,0.00218,8
2026-01-14T09:35:00Z,651.48,156.06,0.00136,9
2026-01-14T09:40:00Z,707.52,166.44,0.00157,12
2026-01-14T09:45:00Z,702.30,163.14,0.00126,4
2026-01-14T09:50:00Z,704.01,175.91,0.00156,7
2026-01-14T09:55:00Z,672.68,171.96,0.00166,8
2026-01-14T10:00:00Z,690.58,174.85,0.00009,10
2026-01-14T10:05:00Z,721.44,178.93,0.00127,6
2026-01-14T10:10:00Z,729.63,142.18,0.00248,11
2026-01-14T10:15:00Z,676.77,152.14,0.00208,5
2026-01-14T10:20:00Z,721.99,154.31,0.00228,6
2026-01-14T10:25:00Z,738.50,170.00,0.00362,7
2026-01-14T10:30:00Z,702.10,163.00,0.00060,9
2026-01-14T10:35:00Z,756.17,183.55,0.00138,7
2026-01-14T10:40:00Z,736.11,175.72,0.00228,8
2026-01-14T10:45:00Z,693.86,147.89,0.00215,13
2026-01-14T10:50:00Z,761.11,161.81,0.00260,12
2026-01-14T10:55:00Z,725.67,143.10,0.00123,12
2026-01-14T11:00:00Z,757.44,176.54,0.00333,9
2026-01-14T11:05:00Z,714.49,164.87,0.00120,8
2026-01-14T11:10:00Z,717.94,152.49,0.00259,10
2026-01-14T11:15:00Z,756.25,172.68,0.00303,12
2026-01-14T11:20:00Z,703.09,159.38,0.00138,9
2026-01-14T11:25:00Z,724.68,165.04,0.00262,11
2026-01-14T11:30:00Z,736.58,153.71,0.00286,11
2026-01-14T11:35:00Z,752.09,170.60,0.00207,12
2026-01-14T11:40:00Z,748.77,178.58,0.00209,11
2026-01-14T11:45:00Z,718.38,168.50,0.00116,11
2026-01-14T11:50:00Z,720.12,172.51,0.00394,13
2026-01-14T11:55:00Z,684.27,169.64,0.00258,8
2026-01-14T12:00:00Z,706.55,169.49,0.00256,7
2026-01-14T12:05:00Z,654.24,174.63,0.00037,7
2026-01-14T12:10:00Z,675.94,170.91,0.00162,9
2026-01-14T12:15:00Z,689.72,174.64,0.00205,11
2026-01-14T12:20:00Z,712.04,179.04,0.00255,8
2026-01-14T12:25:00Z,653.41,160.35,0.00089,10
2026-01-14T12:30:00Z,598.78,169.22,0.00147,7
2026-01-14T12:35:00Z,668.53,155.63,0.00196,4
2026-01-14T12:40:00Z,651.20,156.21,0.00118,8
2026-01-14T12:45:00Z,636.51,159.03,0.00193,7
2026-01-14T12:50:00Z,615.17,160.95,0.00251,7
2026-01-14T12:55:00Z,636.62,150.25,0.00058,3
2026-01-14T13:00:00Z,632.62,151.46,0.00176,7
2026-01-14T13:05:00Z,633.95,166.91,0.00141,6
2026-01-14T13:10:00Z,608.82,156.46,0.00184,8
2026-01-14T13:15:00Z,592.89,158.63,0.00171,8
2026-01-14T13:20:00Z,556.90,148.22,0.00000,1
2026-01-14T13:25:00Z,559.65,148.28,0.00036,3
2026-01-14T13:30:00Z,552.47,159.39,0.00221,3
2026-01-14T13:35:00Z,592.00,151.10,0.00119,8
2026-01-14T13:40:00Z,561.76,135.07,0.00140,8
2026-01-14T13:45:00Z,539.67,128.66,0.00151,0
2026-01-14T13:50:00Z,551.61,132.61,0.00173,4
2026-01-14T13:55:00Z,548.36,127.44,0.00195,2
2026-01-14T14:00:00Z,517.35,154.97,0.00138,0
2026-01-14T14:05:00Z,547.74,165.89,0.00162,1
2026-01-14T14:10:00Z,501.19,162.72,0.00140,7
2026-01-14T14:15:00Z,510.03,149.02,0.00307,1
2026-01-14T14:20:00Z,543.66,155.08,0.00103,5
2026-01-14T14:25:00Z,533.85,150.73,0.00132,4
2026-01-14T14:30:00Z,459.57,136.77,0.00164,0
2026-01-14T14:35:00Z,476.41,148.51,0.00119,2
2026-01-14T14:40:00Z,481.01,155.90,0.00287,1
2026-01-14T14:45:00Z,455.98,142.32,0.00002,0
2026-01-14T14:50:00Z,468.93,145.39,0.00233,1
2026-01-14T14:55:00Z,449.35,136.48,0.00135,5
2026-01-14T15:00:00Z,421.81,136.59,0.00095,0
2026-01-14T15:05:00Z,386.74,146.03,0.00142,0
2026-01-14T15:10:00Z,443.17,155.96,0.00197,0
2026-01-14T15:15:00Z,481.08,143.59,0.00118,0
2026-01-14T15:20:00Z,380.78,124.14,0.00184,0
2026-01-14T15:25:00Z,437.41,142.33,0.00109,0
2026-01-14T15:30:00Z,389.30,122.12,0.00245,0
2026-01-14T15:35:00Z,406.25,132.39,0.00163,0
2026-01-14T15:40:00Z,425.61,148.15,0.00212,0
2026-01-14T15:45:00Z,389.93,137.37,0.00134,0
2026-01-14T15:50:00Z,413.68,157.75,0.00097,0
2026-01-14T15:55:00Z,421.66,142.10,0.00199,0
2026-01-14T16:00:00Z,439.71,122.86,0.00132,0
2026-01-14T16:05:00Z,389.96,133.27,0.00114,0
2026-01-14T16:10:00Z,383.18,139.87,0.00081,0
2026-01-14T16:15:00Z,392.71,143.00,0.00077,0
2026-01-14T16:20:00Z,393.68,135.25,0.00087,0
2026-01-14T16:25:00Z,414.50,127.39,0.00016,0
2026-01-14T16:30:00Z,385.73,147.89,0.00121,4
2026-01-14T16:35:00Z,353.61,127.72,0.00097,0
2026-01-14T16:40:00Z,431.01,136.36,0.00148,0
2026-01-14T16:45:00Z,416.14,122.22,0.00147,0
2026-01-14T16:50:00Z,380.84,114.41,0.00091,0
2026-01-14T16:55:00Z,378.92,119.52,0.00205,1
2026-01-14T17:00:00Z,339.05,127.41,0.00154,0
2026-01-14T17:05:00Z,406.10,120.50,0.00093,0
2026-01-14T17:10:00Z,388.41,139.31,0.00136,0
2026-01-14T17:15:00Z,397.47,132.33,0.00095,3
2026-01-14T17:20:00Z,396.93,142.97,0.00194,0
2026-01-14T17:25:00Z,389.80,149.10,0.00165,0
2026-01-14T17:30:00Z,389.19,141.76,0.00089,0
2026-01-14T17:35:00Z,425.33,127.15,0.00133,0
2026-01-14T17:40:00Z,381.57,140.31,0.00000,0
2026-01-14T17:45:00Z,378.65,124.89,0.00286,3
2026-01-14T17:50:00Z,396.66,143.79,0.00157,0
2026-01-14T17:55:00Z,437.49,122.37,0.00127,3
2026-01-14T18:00:00Z,419.11,157.05,0.00074,0
2026-01-14T18:05:00Z,461.55,138.09,0.00136,1
2026-01-14T18:10:00Z,397.14,117.39,0.00109,0
2026-01-14T18:15:00Z,418.75,130.44,0.00173,0
2026-01-14T18:20:00Z,442.91,157.77,0.00069,0
2026-01-14T18:25:00Z,434.28,152.76,0.00077,0
2026-01-14T18:30:00Z,428.28,152.70,0.00193,0
2026-01-14T18:35:00Z,425.02,132.73,0.00198,3
2026-01-14T18:40:00Z,407.08,162.84,0.00102,0
2026-01-14T18:45:00Z,423.00,126.74,0.00206,0
2026-01-14T18:50:00Z,414.66,135.23,0.00098,0
2026-01-14T18:55:00Z,389.87,133.01,0.00150,0
2026-01-14T19:00:00Z,439.00,142.54,0.00119,0
2026-01-14T19:05:00Z,402.00,131.91,0.00168,0
2026-01-14T19:10:00Z,449.94,157.72,0.00071,1
2026-01-14T19:15:00Z,416.42,137.82,0.00002,2
2026-01-14T19:20:00Z,381.92,135.40,0.00151,2
2026-01-14T19:25:00Z,413.22,138.38,0.00188,0
2026-01-14T19:30:00Z,451.82,160.78,0.00132,2
2026-01-14T19:35:00Z,362.36,133.65,0.00227,0
2026-01-14T19:40:00Z,450.00,143.43,0.00144,0
2026-01-14T19:45:00Z,384.64,127.29,0.00123,0
2026-01-14T19:50:00Z,414.68,129.10,0.00000,0
2026-01-14T19:55:00Z,388.83,146.82,0.00186,0
2026-01-14T20:00:00Z,418.45,140.65,0.00179,2
2026-01-14T20:05:00Z,387.65,145.86,0.00141,0
2026-01-14T20:10:00Z,435.25,128.87,0.00198,0
2026-01-14T20:15:00Z,401.01,122.36,0.00108,0
2026-01-14T20:20:00Z,397.14,150.02,0.00168,0
2026-01-14T20:25:00Z,389.89,139.28,0.00128,0
2026-01-14T20:30:00Z,389.86,138.08,0.00037,0
2026-01-14T20:35:00Z,376.72,145.19,0.00211,0
2026-01-14T20:40:00Z,342.42,126.25,0.00319,0
2026-01-14T20:45:00Z,405.97,134.10,0.00285,2
2026-01-14T20:50:00Z,405.95,141.67,0.00246,1
2026-01-14T20:55:00Z,336.49,140.43,0.00114,0
2026-01-14T21:00:00Z,359.29,159.83,0.00062,1
2026-01-14T21:05:00Z,351.61,138.73,0.00176,0
2026-01-14T21:10:00Z,345.90,127.19,0.00000,0
2026-01-14T21:15:00Z,286.49,113.40,0.00214,0
2026-01-14T21:20:00Z,324.81,128.26,0.00087,0
2026-01-14T21:25:00Z,315.67,117.16,0.00294,0
2026-01-14T21:30:00Z,333.78,118.97,0.00062,0
2026-01-14T21:35:00Z,288.89,106.23,0.00178,0
2026-01-14T21:40:00Z,316.33,108.39,0.00178,0
2026-01-14T21:45:00Z,320.14,116.44,0.00223,0
2026-01-14T21:50:00Z,331.74,140.14,0.00098,0
2026-01-14T21:55:00Z,288.38,119.75,0.00176,1
2026-01-14T22:00:00Z,298.93,122.08,0.00110,0
2026-01-14T22:05:00Z,312.04,144.41,0.00153,0
2026-01-14T22:10:00Z,306.08,136.09,0.00187,0
2026-01-14T22:15:00Z,297.43,136.30,0.00197,0
2026-01-14T22:20:00Z,250.45,121.12,0.00167,0
2026-01-14T22:25:00Z,296.96,142.14,0.00125,0
2026-01-14T22:30:00Z,243.66,113.89,0.00161,0
2026-01-14T22:35:00Z,273.98,125.45,0.00087,0
2026-01-14T22:40:00Z,272.45,131.94,0.00107,0
2026-01-14T22:45:00Z,286.97,134.78,0.00096,0
2026-01-14T22:50:00Z,261.09,105.18,0.00179,0
2026-01-14T22:55:00Z,265.46,108.85,0.00064,0
2026-01-14T23:00:00Z,254.96,134.89,0.00183,0
2026-01-14T23:05:00Z,315.24,124.52,0.00098,0
2026-01-14T23:10:00Z,224.46,116.19,0.00140,0
2026-01-14T23:15:00Z,253.94,120.32,0.00008,0
2026-01-14T23:20:00Z,221.49,113.17,0.00126,0
2026-01-14T23:25:00Z,255.04,116.66,0.00126,0
2026-01-14T23:30:00Z,250.95,118.80,0.00191,0
2026-01-14T23:35:00Z,268.16,108.75,0.00170,0
2026-01-14T23:40:00Z,240.19,106.18,0.00114,0
2026-01-14T23:45:00Z,175.52,108.86,0.00097,0
2026-01-14T23:50:00Z,278.13,107.44,0.00227,0
2026-01-14T23:55:00Z,259.28,125.87,0.00191,0
2026-01-15T00:00:00Z,239.15,108.46,0.00118,0
2026-01-15T00:05:00Z,293.69,134.26,0.00094,0
2026-01-15T00:10:00Z,218.98,127.15,0.00154,0
2026-01-15T00:15:00Z,224.80,110.51,0.00200,0
2026-01-15T00:20:00Z,245.25,116.62,0.00160,0
2026-01-15T00:25:00Z,226.71,94.59,0.00192,0
2026-01-15T00:30:00Z,214.80,112.03,0.00182,0
2026-01-15T00:35:00Z,254.10,125.31,0.00197,0
2026-01-15T00:40:00Z,211.32,96.07,0.00095,0
2026-01-15T00:45:00Z,227.60,111.45,0.00224,0
2026-01-15T00:50:00Z,240.81,101.47,0.00237,0
2026-01-15T00:55:00Z,215.27,115.69,0.00132,0
2026-01-15T01:00:00Z,225.74,112.85,0.00206,0
2026-01-15T01:05:00Z,215.81,121.41,0.00226,0
2026-01-15T01:10:00Z,230.28,109.97,0.00112,0
2026-01-15T01:15:00Z,243.35,125.62,0.00187,0
2026-01-15T01:20:00Z,230.92,111.09,0.00120,0
2026-01-15T01:25:00Z,226.76,125.24,0.00220,0
2026-01-15T01:30:00Z,238.71,119.12,0.00187,0
2026-01-15T01:35:00Z,241.93,125.38,0.00189,0
2026-01-15T01:40:00Z,266.10,121.28,0.00075,0
2026-01-15T01:45:00Z,259.44,121.86,0.00142,0
2026-01-15T01:50:00Z,195.98,132.89,0.00164,0
2026-01-15T01:55:00Z,274.13,129.31,0.00171,0
2026-01-15T02:00:00Z,225.20,131.23,0.00085,0
2026-01-15T02:05:00Z,216.88,107.81,0.00184,0
2026-01-15T02:10:00Z,185.12,124.10,0.00188,0
2026-01-15T02:15:00Z,245.75,135.12,0.00170,0
2026-01-15T02:20:00Z,208.70,101.95,0.00213,0
2026-01-15T02:25:00Z,259.37,118.74,0.00188,0
2026-01-15T02:30:00Z,197.37,102.23,0.00160,0
2026-01-15T02:35:00Z,238.52,133.01,0.00108,0
2026-01-15T02:40:00Z,273.54,106.06,0.00095,0
2026-01-15T02:45:00Z,258.63,119.53,0.00085,0
2026-01-15T02:50:00Z,197.40,106.12,0.00249,0
2026-01-15T02:55:00Z,232.96,120.69,0.00083,0
2026-01-15T03:00:00Z,264.89,111.38,0.00022,0
2026-01-15T03:05:00Z,246.83,102.85,0.00142,0
2026-01-15T03:10:00Z,276.66,109.48,0.00219,0
2026-01-15T03:15:00Z,216.72,128.35,0.00181,0
2026-01-15T03:20:00Z,274.43,139.59,0.00103,0
2026-01-15T03:25:00Z,225.81,108.85,0.00045,0
2026-01-15T03:30:00Z,256.72,131.09,0.00294,0
2026-01-15T03:35:00Z,273.17,119.96,0.00149,0
2026-01-15T03:40:00Z,294.29,100.08,0.00252,0
2026-01-15T03:45:00Z,241.17,124.94,0.00131,0
2026-01-15T03:50:00Z,267.56,111.12,0.00244,0
2026-01-15T03:55:00Z,283.38,129.24,0.00201,0
2026-01-15T04:00:00Z,265.53,116.77,0.00087,0
2026-01-15T04:05:00Z,237.72,119.53,0.00180,0
2026-01-15T04:10:00Z,264.36,123.57,0.00034,0
2026-01-15T04:15:00Z,250.96,109.36,0.00192,0
2026-01-15T04:20:00Z,264.57,125.19,0.00136,0
2026-01-15T04:25:00Z,257.75,117.34,0.00013,0
2026-01-15T04:30:00Z,232.95,119.19,0.00193,0
2026-01-15T04:35:00Z,256.21,125.27,0.00164,0
2026-01-15T04:40:00Z,276.09,110.74,0.00124,0
2026-01-15T04:45:00Z,295.27,111.25,0.00081,0
2026-01-15T04:50:00Z,269.74,100.89,0.00130,0
2026-01-15T04:55:00Z,274.38,121.18,0.00262,0
2026-01-15T05:00:00Z,281.45,128.75,0.00136,0
2026-01-15T05:05:00Z,329.42,123.64,0.00204,0
2026-01-15T05:10:00Z,333.09,122.96,0.00233,0
2026-01-15T05:15:00Z,264.74,116.13,0.00171,0
2026-01-15T05:20:00Z,269.76,111.08,0.00075,0
2026-01-15T05:25:00Z,329.09,114.70,0.00172,0
2026-01-15T05:30:00Z,319.98,119.85,0.00167,0
2026-01-15T05:35:00Z,313.85,119.39,0.00260,0
2026-01-15T05:40:00Z,310.59,127.88,0.00235,0
2026-01-15T05:45:00Z,363.90,129.16,0.00189,0
2026-01-15T05:50:00Z,309.06,123.06,0.00067,0
2026-01-15T05:55:00Z,337.15,127.71,0.00169,0
2026-01-15T06:00:00Z,354.11,125.99,0.00080,0
2026-01-15T06:05:00Z,359.77,153.05,0.00180,0
2026-01-15T06:10:00Z,350.64,144.73,0.00143,0
2026-01-15T06:15:00Z,364.97,122.50,0.00228,0
2026-01-15T06:20:00Z,324.05,130.54,0.00137,0
2026-01-15T06:25:00Z,371.24,140.41,0.00236,0
2026-01-15T06:30:00Z,360.29,145.34,0.00319,0
2026-01-15T06:35:00Z,388.19,136.59,0.00186,0
2026-01-15T06:40:00Z,386.66,138.97,0.00261,0
2026-01-15T06:45:00Z,414.30,140.98,0.00200,1
2026-01-15T06:50:00Z,385.20,132.19,0.00093,0
2026-01-15T06:55:00Z,408.70,131.56,0.00178,0
2026-01-15T07:00:00Z,384.51,126.21,0.00011,1
2026-01-15T07:05:00Z,462.39,149.51,0.00119,3
2026-01-15T07:10:00Z,413.68,130.98,0.00150,0
2026-01-15T07:15:00Z,450.34,131.78,0.00140,0
2026-01-15T07:20:00Z,438.26,139.56,0.00132,0
2026-01-15T07:25:00Z,448.38,147.13,0.00106,2
2026-01-15T07:30:00Z,440.11,138.54,0.00193,0
2026-01-15T07:35:00Z,494.92,123.40,0.00189,3
2026-01-15T07:40:00Z,458.47,142.56,0.00112,2
2026-01-15T07:45:00Z,493.67,138.52,0.00174,1
2026-01-15T07:50:00Z,477.75,165.14,0.00099,4
2026-01-15T07:55:00Z,506.38,143.69,0.00008,3
2026-01-15T08:00:00Z,542.97,147.08,0.00175,1
2026-01-15T08:05:00Z,547.31,159.04,0.00120,1
2026-01-15T08:10:00Z,541.69,148.55,0.00271,0
2026-01-15T08:15:00Z,519.70,151.85,0.00165,5
2026-01-15T08:20:00Z,549.51,151.54,0.00070,7
2026-01-15T08:25:00Z,536.70,129.44,0.00186,3
2026-01-15T08:30:00Z,567.58,155.87,0.00085,4
2026-01-15T08:35:00Z,597.55,131.86,0.00132,3
2026-01-15T08:40:00Z,575.25,132.97,0.00275,4
2026-01-15T08:45:00Z,627.80,151.12,0.00170,6
2026-01-15T08:50:00Z,592.42,131.21,0.00000,2
2026-01-15T08:55:00Z,626.17,151.37,0.00096,4
2026-01-15T09:00:00Z,595.25,156.31,0.00147,3
2026-01-15T09:05:00Z,619.21,161.33,0.00146,8
2026-01-15T09:10:00Z,577.47,158.39,0.00107,8
2026-01-15T09:15:00Z,620.40,147.28,0.00156,9
2026-01-15T09:20:00Z,641.60,169.53,0.00147,6
2026-01-15T09:25:00Z,622.79,159.50,0.00123,4
2026-01-15T09:30:00Z,660.35,162.43,0.00049,6
2026-01-15T09:35:00Z,708.19,184.17,0.00186,9
2026-01-15T09:40:00Z,676.85,163.39,0.00032,9
2026-01-15T09:45:00Z,753.52,167.39,0.00101,10
2026-01-15T09:50:00Z,786.55,177.43,0.00247,9
2026-01-15T09:55:00Z,749.77,170.99,0.00215,13
2026-01-15T10:00:00Z,806.84,190.62,0.00297,17
2026-01-15T10:05:00Z,848.57,179.84,0.00248,11
2026-01-15T10:10:00Z,824.28,179.71,0.00274,11
2026-01-15T10:15:00Z,810.08,179.59,0.00344,13
2026-01-15T10:20:00Z,837.50,171.69,0.00142,12
2026-01-15T10:25:00Z,866.74,193.69,0.00265,11
2026-01-15T10:30:00Z,793.96,184.82,0.00439,14
2026-01-15T10:35:00Z,830.08,202.86,0.00248,12
2026-01-15T10:40:00Z,813.90,188.42,0.00248,11
2026-01-15T10:45:00Z,787.81,184.53,0.00178,15
2026-01-15T10:50:00Z,704.03,165.79,0.00215,6
2026-01-15T10:55:00Z,747.81,172.70,0.00205,11
2026-01-15T11:00:00Z,737.71,190.12,0.00331,7
2026-01-15T11:05:00Z,771.03,168.98,0.00270,13
2026-01-15T11:10:00Z,732.45,172.28,0.00273,8
2026-01-15T11:15:00Z,666.36,159.44,0.00164,10
2026-01-15T11:20:00Z,728.42,176.22,0.00196,3
2026-01-15T11:25:00Z,710.99,195.75,0.00186,8
2026-01-15T11:30:00Z,725.06,165.55,0.00180,8
2026-01-15T11:35:00Z,739.64,173.94,0.00255,12
2026-01-15T11:40:00Z,735.57,176.95,0.00144,8
2026-01-15T11:45:00Z,685.61,175.54,0.00186,8
2026-01-15T11:50:00Z,711.40,171.80,0.00230,8
2026-01-15T11:55:00Z,714.11,171.21,0.00222,6
2026-01-15T12:00:00Z,723.80,167.68,0.00198,6
2026-01-15T12:05:00Z,689.58,162.73,0.00160,8
2026-01-15T12:10:00Z,700.32,171.70,0.00154,11
2026-01-15T12:15:00Z,646.44,174.77,0.00216,9
2026-01-15T12:20:00Z,701.46,176.73,0.00314,10
2026-01-15T12:25:00Z,674.80,183.03,0.00185,7
2026-01-15T12:30:00Z,687.87,147.64,0.00146,5
2026-01-15T12:35:00Z,639.51,157.78,0.00246,11
2026-01-15T12:40:00Z,639.86,156.70,0.00229,8
2026-01-15T12:45:00Z,626.40,159.45,0.00201,6
2026-01-15T12:50:00Z,650.82,151.37,0.00127,4
2026-01-15T12:55:00Z,638.64,175.10,0.00198,7
2026-01-15T13:00:00Z,669.24,186.03,0.00187,9
2026-01-15T13:05:00Z,647.82,166.26,0.00080,6
2026-01-15T13:10:00Z,582.49,146.16,0.00079,4
2026-01-15T13:15:00Z,596.49,161.15,0.00009,2
2026-01-15T13:20:00Z,589.58,166.78,0.00144,4
2026-01-15T13:25:00Z,553.52,147.83,0.00207,8
2026-01-15T13:30:00Z,564.54,150.10,0.00134,2
2026-01-15T13:35:00Z,549.78,144.46,0.00143,1
2026-01-15T13:40:00Z,541.87,160.64,0.00134,5
2026-01-15T13:45:00Z,532.84,156.03,0.00122,4
2026-01-15T13:50:00Z,541.24,153.51,0.00169,0
2026-01-15T13:55:00Z,539.62,159.85,0.00197,3
2026-01-15T14:00:00Z,504.38,143.89,0.00176,6
2026-01-15T14:05:00Z,515.97,163.00,0.00087,0
2026-01-15T14:10:00Z,537.99,158.94,0.00263,4
2026-01-15T14:15:00Z,496.45,153.90,0.00179,0
2026-01-15T14:20:00Z,520.31,151.31,0.00150,0
2026-01-15T14:25:00Z,520.37,151.20,0.00085,4
2026-01-15T14:30:00Z,507.15,157.90,0.00078,1
2026-01-15T14:35:00Z,480.07,144.15,0.00084,2
2026-01-15T14:40:00Z,480.07,147.24,0.00218,0
2026-01-15T14:45:00Z,478.11,138.34,0.00205,3
2026-01-15T14:50:00Z,470.95,140.65,0.00148,5
2026-01-15T14:55:00Z,487.65,147.30,0.00159,3
2026-01-15T15:00:00Z,424.73,120.72,0.00000,0
2026-01-15T15:05:00Z,410.94,134.15,0.00272,3
2026-01-15T15:10:00Z,418.48,121.31,0.00143,0
2026-01-15T15:15:00Z,409.46,158.78,0.00018,0
2026-01-15T15:20:00Z,393.24,139.63,0.00111,0
2026-01-15T15:25:00Z,415.66,143.81,0.00255,0
2026-01-15T15:30:00Z,393.12,137.71,0.00185,2
2026-01-15T15:35:00Z,419.33,139.61,0.00156,0
2026-01-15T15:40:00Z,456.31,144.42,0.00222,0
2026-01-15T15:45:00Z,391.83,127.73,0.00130,0
2026-01-15T15:50:00Z,373.58,116.81,0.00000,0
2026-01-15T15:55:00Z,407.59,138.62,0.00296,0
2026-01-15T16:00:00Z,401.63,116.14,0.00218,0
2026-01-15T16:05:00Z,368.18,124.58,0.00191,0
2026-01-15T16:10:00Z,419.07,118.36,0.00115,0
2026-01-15T16:15:00Z,391.45,126.03,0.00012,0
2026-01-15T16:20:00Z,389.45,123.41,0.00249,0
2026-01-15T16:25:00Z,437.55,158.14,0.00079,0
2026-01-15T16:30:00Z,367.63,119.47,0.00140,1
2026-01-15T16:35:00Z,431.52,132.38,0.00099,0
2026-01-15T16:40:00Z,450.77,142.20,0.00331,4
2026-01-15T16:45:00Z,404.81,138.72,0.00073,0
2026-01-15T16:50:00Z,397.82,124.53,0.00119,0
2026-01-15T16:55:00Z,437.57,132.19,0.00266,0
2026-01-15T17:00:00Z,405.49,107.69,0.00179,0
2026-01-15T17:05:00Z,377.74,125.36,0.00126,0
2026-01-15T17:10:00Z,383.45,105.01,0.00179,0
2026-01-15T17:15:00Z,402.14,132.74,0.00081,0
2026-01-15T17:20:00Z,384.13,137.73,0.00205,0
2026-01-15T17:25:00Z,437.85,126.47,0.00182,2
2026-01-15T17:30:00Z,410.57,156.40,0.00149,0
2026-01-15T17:35:00Z,367.82,132.50,0.00154,0
2026-01-15T17:40:00Z,418.30,124.93,0.00136,0
2026-01-15T17:45:00Z,457.30,128.42,0.00147,1
2026-01-15T17:50:00Z,391.84,125.99,0.00126,0
2026-01-15T17:55:00Z,397.64,139.55,0.00279,2
2026-01-15T18:00:00Z,359.78,148.27,0.00000,0
2026-01-15T18:05:00Z,431.42,135.44,0.00115,0
2026-01-15T18:10:00Z,417.14,121.48,0.00215,2
2026-01-15T18:15:00Z,431.30,133.57,0.00095,0
2026-01-15T18:20:00Z,407.09,137.48,0.00186,0
2026-01-15T18:25:00Z,405.59,130.29,0.00172,0
2026-01-15T18:30:00Z,462.97,160.35,0.00244,0
2026-01-15T18:35:00Z,416.71,147.91,0.00157,0
2026-01-15T18:40:00Z,403.49,131.68,0.00200,0
2026-01-15T18:45:00Z,439.98,151.75,0.00082,4
2026-01-15T18:50:00Z,412.12,129.23,0.00129,0
2026-01-15T18:55:00Z,414.54,135.25,0.00023,0
2026-01-15T19:00:00Z,358.76,128.44,0.00243,0
2026-01-15T19:05:00Z,431.12,143.68,0.00117,0
2026-01-15T19:10:00Z,415.12,131.22,0.00248,0
2026-01-15T19:15:00Z,372.96,136.94,0.00131,0
2026-01-15T19:20:00Z,411.27,128.89,0.00109,3
2026-01-15T19:25:00Z,428.50,145.90,0.00227,0
2026-01-15T19:30:00Z,398.01,144.52,0.00138,0
2026-01-15T19:35:00Z,427.37,150.25,0.00084,3
2026-01-15T19:40:00Z,389.54,131.12,0.00111,0
2026-01-15T19:45:00Z,435.08,109.95,0.00177,0
2026-01-15T19:50:00Z,428.82,133.78,0.00090,0
2026-01-15T19:55:00Z,414.31,135.80,0.00081,0
2026-01-15T20:00:00Z,435.99,143.16,0.00047,8
2026-01-15T20:05:00Z,420.08,123.41,0.00214,2
2026-01-15T20:10:00Z,373.08,127.48,0.00237,0
2026-01-15T20:15:00Z,396.31,137.28,0.00190,0
2026-01-15T20:20:00Z,387.92,140.98,0.00031,0
2026-01-15T20:25:00Z,336.71,143.26,0.00080,0
2026-01-15T20:30:00Z,317.94,114.85,0.00226,0
2026-01-15T20:35:00Z,361.36,136.33,0.00107,0
2026-01-15T20:40:00Z,350.98,148.95,0.00159,0
2026-01-15T20:45:00Z,345.31,135.48,0.00032,0
2026-01-15T20:50:00Z,327.84,120.38,0.00121,0
2026-01-15T20:55:00Z,365.56,148.74,0.00160,0
2026-01-15T21:00:00Z,349.94,137.01,0.00188,0
2026-01-15T21:05:00Z,351.44,135.33,0.00120,0
2026-01-15T21:10:00Z,348.75,139.23,0.00000,0
2026-01-15T21:15:00Z,342.81,120.31,0.00253,0
2026-01-15T21:20:00Z,322.46,128.67,0.00154,0
2026-01-15T21:25:00Z,334.33,123.75,0.00049,0
2026-01-15T21:30:00Z,310.61,133.04,0.00051,0
2026-01-15T21:35:00Z,315.43,136.73,0.00121,0
2026-01-15T21:40:00Z,277.18,117.91,0.00271,0
2026-01-15T21:45:00Z,310.69,131.16,0.00170,0
2026-01-15T21:50:00Z,328.55,126.02,0.00163,0
2026-01-15T21:55:00Z,290.17,120.29,0.00303,0
2026-01-15T22:00:00Z,289.02,96.21,0.00059,0
2026-01-15T22:05:00Z,291.52,142.17,0.00245,0
2026-01-15T22:10:00Z,332.10,122.21,0.00190,0
2026-01-15T22:15:00Z,308.89,114.20,0.00185,0
2026-01-15T22:20:00Z,250.45,129.12,0.00095,0
2026-01-15T22:25:00Z,291.35,134.97,0.00096,0
2026-01-15T22:30:00Z,270.57,114.08,0.00071,0
2026-01-15T22:35:00Z,275.44,133.25,0.00153,0
2026-01-15T22:40:00Z,250.95,104.24,0.00040,0
2026-01-15T22:45:00Z,268.18,119.90,0.00171,0
2026-01-15T22:50:00Z,270.68,107.11,0.00000,0
2026-01-15T22:55:00Z,255.64,111.71,0.00210,0
2026-01-15T23:00:00Z,274.90,127.24,0.00036,0
2026-01-15T23:05:00Z,247.64,102.63,0.00134,0
2026-01-15T23:10:00Z,281.96,119.20,0.00173,0
2026-01-15T23:15:00Z,247.53,105.84,0.00060,0
2026-01-15T23:20:00Z,241.04,121.94,0.00179,0
2026-01-15T23:25:00Z,251.42,122.10,0.00147,0
2026-01-15T23:30:00Z,237.58,110.08,0.00192,0
2026-01-15T23:35:00Z,247.54,117.09,0.00175,0
2026-01-15T23:40:00Z,223.43,97.84,0.00093,0
2026-01-15T23:45:00Z,257.19,109.17,0.00197,0
2026-01-15T23:50:00Z,269.19,121.98,0.00154,0
2026-01-15T23:55:00Z,244.53,100.50,0.00068,0
2026-01-16T00:00:00Z,189.72,122.88,0.00202,0
2026-01-16T00:05:00Z,208.93,130.38,0.00183,0
2026-01-16T00:10:00Z,239.82,103.49,0.00113,0
2026-01-16T00:15:00Z,224.96,105.76,0.00361,0
2026-01-16T00:20:00Z,195.45,113.65,0.00056,0
2026-01-16T00:25:00Z,227.12,113.19,0.00173,0
2026-01-16T00:30:00Z,241.57,137.15,0.00168,0
2026-01-16T00:35:00Z,189.02,117.72,0.00254,0
2026-01-16T00:40:00Z,252.48,112.93,0.00223,0
2026-01-16T00:45:00Z,239.54,99.18,0.00127,0
2026-01-16T00:50:00Z,246.05,127.05,0.00174,0
2026-01-16T00:55:00Z,229.65,114.02,0.00239,0
2026-01-16T01:00:00Z,245.25,127.27,0.00258,0
2026-01-16T01:05:00Z,256.19,117.83,0.00123,0
2026-01-16T01:10:00Z,214.98,116.23,0.00120,0
2026-01-16T01:15:00Z,243.88,121.44,0.00180,0
2026-01-16T01:20:00Z,261.65,97.72,0.00236,0
2026-01-16T01:25:00Z,235.41,120.40,0.00159,0
2026-01-16T01:30:00Z,232.87,105.62,0.00135,0
2026-01-16T01:35:00Z,220.81,102.67,0.00173,0
2026-01-16T01:40:00Z,273.76,121.58,0.00154,0
2026-01-16T01:45:00Z,211.46,107.03,0.00019,0
2026-01-16T01:50:00Z,253.73,110.91,0.00122,0
2026-01-16T01:55:00Z,260.30,128.24,0.00097,0
2026-01-16T02:00:00Z,222.23,117.67,0.00169,0
2026-01-16T02:05:00Z,284.32,118.51,0.00263,0
2026-01-16T02:10:00Z,205.37,100.29,0.00136,0
2026-01-16T02:15:00Z,235.70,136.45,0.00172,0
2026-01-16T02:20:00Z,275.03,128.43,0.00264,0
2026-01-16T02:25:00Z,270.18,117.82,0.00205,0
2026-01-16T02:30:00Z,268.41,114.31,0.00092,0
2026-01-16T02:35:00Z,206.61,119.04,0.00181,0
2026-01-16T02:40:00Z,228.60,125.26,0.00125,0
2026-01-16T02:45:00Z,263.67,118.46,0.00133,0
2026-01-16T02:50:00Z,223.27,104.84,0.00295,0
2026-01-16T02:55:00Z,284.62,118.52,0.00143,0
2026-01-16T03:00:00Z,222.35,108.93,0.00124,0
2026-01-16T03:05:00Z,227.48,134.38,0.00101,0
2026-01-16T03:10:00Z,206.80,103.30,0.00253,0
2026-01-16T03:15:00Z,291.04,122.11,0.00106,0
2026-01-16T03:20:00Z,255.28,122.83,0.00096,0
2026-01-16T03:25:00Z,208.40,104.80,0.00141,0
2026-01-16T03:30:00Z,234.01,112.29,0.00202,0
2026-01-16T03:35:00Z,230.48,128.48,0.00227,0
2026-01-16T03:40:00Z,248.55,132.21,0.00092,0
2026-01-16T03:45:00Z,261.93,110.46,0.00200,0
2026-01-16T03:50:00Z,242.15,118.43,0.00073,0
2026-01-16T03:55:00Z,249.08,95.59,0.00234,0
2026-01-16T04:00:00Z,242.29,140.10,0.00207,0
2026-01-16T04:05:00Z,270.58,114.94,0.00208,0
2026-01-16T04:10:00Z,296.95,119.99,0.00186,0
2026-01-16T04:15:00Z,241.11,113.05,0.00167,0
2026-01-16T04:20:00Z,275.71,136.04,0.00233,0
2026-01-16T04:25:00Z,226.06,101.10,0.00202,0
2026-01-16T04:30:00Z,263.16,106.34,0.00212,0
2026-01-16T04:35:00Z,255.31,111.59,0.00140,0
2026-01-16T04:40:00Z,286.94,125.36,0.00086,0
2026-01-16T04:45:00Z,270.44,138.53,0.00164,0
2026-01-16T04:50:00Z,265.89,129.93,0.00159,0
2026-01-16T04:55:00Z,253.03,112.13,0.00168,0
2026-01-16T05:00:00Z,292.58,135.59,0.00196,0
2026-01-16T05:05:00Z,319.16,124.80,0.00202,0
2026-01-16T05:10:00Z,266.74,124.46,0.00198,0
2026-01-16T05:15:00Z,304.54,136.37,0.00224,0
2026-01-16T05:20:00Z,293.40,124.79,0.00152,0
2026-01-16T05:25:00Z,317.23,130.04,0.00131,0
2026-01-16T05:30:00Z,329.29,140.27,0.00062,0
2026-01-16T05:35:00Z,335.06,128.54,0.00010,0
2026-01-16T05:40:00Z,345.53,99.62,0.00162,0
2026-01-16T05:45:00Z,308.41,133.34,0.00175,0
2026-01-16T05:50:00Z,340.84,117.61,0.00244,0
2026-01-16T05:55:00Z,341.67,129.46,0.00139,0
2026-01-16T06:00:00Z,356.71,138.43,0.00101,0
2026-01-16T06:05:00Z,360.11,138.15,0.00134,0
2026-01-16T06:10:00Z,347.60,116.67,0.00194,0
2026-01-16T06:15:00Z,360.45,118.00,0.00202,0
2026-01-16T06:20:00Z,378.27,117.68,0.00167,0
2026-01-16T06:25:00Z,342.35,120.06,0.00192,0
2026-01-16T06:30:00Z,342.29,125.79,0.00206,0
2026-01-16T06:35:00Z,394.72,138.46,0.00203,0
2026-01-16T06:40:00Z,423.93,134.42,0.00127,1
2026-01-16T06:45:00Z,400.20,153.50,0.00239,0
2026-01-16T06:50:00Z,419.85,126.42,0.00070,0
2026-01-16T06:55:00Z,413.22,121.33,0.00000,0
2026-01-16T07:00:00Z,393.34,101.99,0.00111,0
2026-01-16T07:05:00Z,438.22,142.09,0.00164,0
2026-01-16T07:10:00Z,432.86,125.50,0.00190,0
2026-01-16T07:15:00Z,418.17,125.92,0.00295,1
2026-01-16T07:20:00Z,468.64,145.37,0.00180,2
2026-01-16T07:25:00Z,456.66,144.22,0.00052,5
2026-01-16T07:30:00Z,461.81,132.86,0.00222,0
2026-01-16T07:35:00Z,472.84,132.04,0.00068,1
2026-01-16T07:40:00Z,485.66,160.84,0.00240,3
2026-01-16T07:45:00Z,539.53,157.15,0.00171,2
2026-01-16T07:50:00Z,468.96,134.27,0.00210,0
2026-01-16T07:55:00Z,511.52,158.92,0.00117,3
2026-01-16T08:00:00Z,505.58,158.96,0.00134,4
2026-01-16T08:05:00Z,526.26,149.38,0.00141,4
2026-01-16T08:10:00Z,511.23,145.62,0.00131,0
2026-01-16T08:15:00Z,557.69,137.14,0.00073,6
2026-01-16T08:20:00Z,537.53,137.75,0.00159,2
2026-01-16T08:25:00Z,544.39,149.19,0.00058,6
2026-01-16T08:30:00Z,522.73,154.82,0.00023,0
2026-01-16T08:35:00Z,562.12,136.50,0.00093,6
2026-01-16T08:40:00Z,596.59,163.18,0.00156,4
2026-01-16T08:45:00Z,571.58,150.40,0.00171,5
2026-01-16T08:50:00Z,609.95,149.29,0.00108,4
2026-01-16T08:55:00Z,630.76,161.36,0.00092,7
2026-01-16T09:00:00Z,632.77,162.83,0.00167,10
2026-01-16T09:05:00Z,662.27,170.65,0.00257,10
2026-01-16T09:10:00Z,653.90,158.36,0.00108,5
2026-01-16T09:15:00Z,642.38,172.16,0.00202,6
2026-01-16T09:20:00Z,687.42,154.91,0.00205,9
2026-01-16T09:25:00Z,681.79,164.40,0.00308,10
2026-01-16T09:30:00Z,657.13,172.65,0.00126,6
2026-01-16T09:35:00Z,699.92,163.38,0.00134,10
2026-01-16T09:40:00Z,696.55,161.70,0.00103,7
2026-01-16T09:45:00Z,724.67,164.83,0.00200,8
2026-01-16T09:50:00Z,663.54,164.78,0.00053,9
2026-01-16T09:55:00Z,709.36,171.32,0.00207,11
2026-01-16T10:00:00Z,703.42,183.60,0.00140,11
2026-01-16T10:05:00Z,679.36,167.03,0.00036,7
2026-01-16T10:10:00Z,717.15,156.39,0.00189,12
2026-01-16T10:15:00Z,697.72,171.43,0.00213,10
2026-01-16T10:20:00Z,744.14,158.95,0.00202,11
2026-01-16T10:25:00Z,726.11,180.66,0.00076,10
2026-01-16T10:30:00Z,706.31,164.47,0.00291,7
2026-01-16T10:35:00Z,679.07,164.34,0.00138,7
2026-01-16T10:40:00Z,721.80,152.78,0.00385,8
2026-01-16T10:45:00Z,729.10,170.89,0.00317,9
2026-01-16T10:50:00Z,714.36,158.92,0.00189,7
2026-01-16T10:55:00Z,759.65,165.18,0.00174,11
2026-01-16T11:00:00Z,760.80,178.65,0.00367,9
2026-01-16T11:05:00Z,714.91,155.58,0.00187,5
2026-01-16T11:10:00Z,723.09,147.53,0.00307,6
2026-01-16T11:15:00Z,702.04,175.28,0.00218,10
2026-01-16T11:20:00Z,719.83,184.20,0.00247,9
2026-01-16T11:25:00Z,696.17,148.35,0.00303,9
2026-01-16T11:30:00Z,712.24,172.11,0.00222,10
2026-01-16T11:35:00Z,686.11,143.81,0.00234,7
2026-01-16T11:40:00Z,697.17,173.81,0.00208,9
2026-01-16T11:45:00Z,682.52,164.44,0.00177,5
2026-01-16T11:50:00Z,725.10,165.77,0.00134,10
2026-01-16T11:55:00Z,745.01,161.86,0.00121,8
2026-01-16T12:00:00Z,703.32,176.66,0.00331,11
2026-01-16T12:05:00Z,643.65,154.18,0.00153,8
2026-01-16T12:10:00Z,701.63,166.14,0.00247,11
2026-01-16T12:15:00Z,679.29,177.23,0.00205,9
2026-01-16T12:20:00Z,682.81,137.37,0.00217,12
2026-01-16T12:25:00Z,652.02,144.63,0.00057,6
2026-01-16T12:30:00Z,620.80,164.51,0.00058,7
2026-01-16T12:35:00Z,699.53,176.75,0.00095,10
2026-01-16T12:40:00Z,697.45,150.31,0.00281,8
2026-01-16T12:45:00Z,662.99,151.28,0.00153,4
2026-01-16T12:50:00Z,577.72,168.43,0.00165,3
2026-01-16T12:55:00Z,633.05,172.90,0.00282,5
2026-01-16T13:00:00Z,662.49,177.45,0.00100,6
2026-01-16T13:05:00Z,633.65,154.92,0.00099,6
2026-01-16T13:10:00Z,597.22,143.03,0.00195,6
2026-01-16T13:15:00Z,585.84,151.82,0.00136,3
2026-01-16T13:20:00Z,579.70,161.96,0.00114,2
2026-01-16T13:25:00Z,538.38,132.79,0.00246,4
2026-01-16T13:30:00Z,562.67,153.02,0.00084,3
2026-01-16T13:35:00Z,500.63,142.90,0.00101,0
2026-01-16T13:40:00Z,533.76,136.55,0.00194,2
2026-01-16T13:45:00Z,530.21,135.10,0.00135,1
2026-01-16T13:50:00Z,586.01,160.85,0.00205,3
2026-01-16T13:55:00Z,538.71,148.41,0.00099,6
2026-01-16T14:00:00Z,490.50,170.68,0.00058,1
2026-01-16T14:05:00Z,487.96,139.14,0.00115,6
2026-01-16T14:10:00Z,529.31,143.47,0.00118,4
2026-01-16T14:15:00Z,521.78,151.05,0.00169,3
2026-01-16T14:20:00Z,495.51,149.07,0.00145,2
2026-01-16T14:25:00Z,507.60,136.06,0.00117,0
2026-01-16T14:30:00Z,478.37,167.46,0.00116,2
2026-01-16T14:35:00Z,491.17,130.58,0.00127,6
2026-01-16T14:40:00Z,491.28,142.87,0.00159,0
2026-01-16T14:45:00Z,480.51,142.71,0.00216,2
2026-01-16T14:50:00Z,468.77,139.58,0.00132,5
2026-01-16T14:55:00Z,455.68,133.05,0.00186,1
2026-01-16T15:00:00Z,438.98,145.06,0.00173,0
2026-01-16T15:05:00Z,435.61,129.90,0.00112,2
2026-01-16T15:10:00Z,472.44,148.19,0.00186,1
2026-01-16T15:15:00Z,399.57,136.82,0.00185,1
2026-01-16T15:20:00Z,408.03,124.80,0.00172,2
2026-01-16T15:25:00Z,449.41,141.52,0.00177,0
2026-01-16T15:30:00Z,401.92,145.69,0.00181,0
2026-01-16T15:35:00Z,450.84,144.33,0.00115,0
2026-01-16T15:40:00Z,438.40,136.16,0.00184,0
2026-01-16T15:45:00Z,440.14,138.23,0.00098,1
2026-01-16T15:50:00Z,379.90,113.52,0.00272,0
2026-01-16T15:55:00Z,425.68,151.49,0.00146,0
2026-01-16T16:00:00Z,409.99,152.38,0.00261,0
2026-01-16T16:05:00Z,360.20,133.21,0.00225,0
2026-01-16T16:10:00Z,411.39,134.15,0.00068,0
2026-01-16T16:15:00Z,382.38,128.43,0.00114,1
2026-01-16T16:20:00Z,397.28,138.24,0.00164,0
2026-01-16T16:25:00Z,404.86,125.23,0.00117,0
2026-01-16T16:30:00Z,425.65,125.51,0.00191,3
2026-01-16T16:35:00Z,383.90,142.01,0.00065,0
2026-01-16T16:40:00Z,383.35,132.89,0.00191,0
2026-01-16T16:45:00Z,388.11,132.32,0.00193,0
2026-01-16T16:50:00Z,383.19,139.10,0.00074,1
2026-01-16T16:55:00Z,416.32,129.06,0.00201,0
2026-01-16T17:00:00Z,433.78,146.90,0.00013,0
2026-01-16T17:05:00Z,441.83,134.65,0.00146,0
2026-01-16T17:10:00Z,417.53,146.83,0.00175,1
2026-01-16T17:15:00Z,402.37,130.66,0.00247,0
2026-01-16T17:20:00Z,449.58,137.13,0.00196,2
2026-01-16T17:25:00Z,390.64,121.96,0.00124,0
2026-01-16T17:30:00Z,429.81,128.48,0.00218,0
2026-01-16T17:35:00Z,418.33,155.05,0.00251,0
2026-01-16T17:40:00Z,387.47,136.25,0.00208,0
2026-01-16T17:45:00Z,437.02,141.34,0.00231,0
2026-01-16T17:50:00Z,438.72,132.50,0.00118,0
2026-01-16T17:55:00Z,372.36,139.36,0.00280,0
2026-01-16T18:00:00Z,381.26,129.35,0.00111,1
2026-01-16T18:05:00Z,350.40,133.34,0.00198,0
2026-01-16T18:10:00Z,435.65,143.25,0.00151,0
2026-01-16T18:15:00Z,442.90,114.06,0.00134,1
2026-01-16T18:20:00Z,427.81,138.88,0.00073,4
2026-01-16T18:25:00Z,412.38,146.06,0.00162,0
2026-01-16T18:30:00Z,406.86,132.76,0.00185,0
2026-01-16T18:35:00Z,396.68,140.67,0.00168,0
2026-01-16T18:40:00Z,425.66,158.61,0.00153,0
2026-01-16T18:45:00Z,391.18,123.18,0.00257,0
2026-01-16T18:50:00Z,404.64,150.79,0.00112,0
2026-01-16T18:55:00Z,437.52,137.05,0.00168,0
2026-01-16T19:00:00Z,409.01,144.66,0.00181,1
2026-01-16T19:05:00Z,427.37,134.40,0.00302,0
2026-01-16T19:10:00Z,435.03,134.81,0.00044,0
2026-01-16T19:15:00Z,444.20,154.50,0.00166,0
2026-01-16T19:20:00Z,410.18,140.51,0.00167,0
2026-01-16T19:25:00Z,388.91,148.11,0.00309,0
2026-01-16T19:30:00Z,415.71,127.01,0.00103,0
2026-01-16T19:35:00Z,411.90,139.22,0.00190,0
2026-01-16T19:40:00Z,422.36,137.11,0.00167,2
2026-01-16T19:45:00Z,379.50,106.48,0.00101,0
2026-01-16T19:50:00Z,411.13,127.33,0.00247,0
2026-01-16T19:55:00Z,412.88,132.90,0.00155,1
2026-01-16T20:00:00Z,407.25,133.11,0.00163,1
2026-01-16T20:05:00Z,405.91,147.44,0.00284,1
2026-01-16T20:10:00Z,394.38,128.36,0.00181,0
2026-01-16T20:15:00Z,339.54,142.78,0.00149,0
2026-01-16T20:20:00Z,370.39,148.80,0.00320,0
2026-01-16T20:25:00Z,371.31,124.43,0.00238,0
2026-01-16T20:30:00Z,362.07,130.81,0.00000,0
2026-01-16T20:35:00Z,374.09,124.50,0.00080,0
2026-01-16T20:40:00Z,383.67,139.76,0.00139,0
2026-01-16T20:45:00Z,335.79,144.21,0.00161,0
2026-01-16T20:50:00Z,325.31,100.20,0.00249,3
2026-01-16T20:55:00Z,362.91,155.52,0.00068,0
2026-01-16T21:00:00Z,356.78,120.09,0.00305,0
2026-01-16T21:05:00Z,313.39,112.28,0.00158,0
2026-01-16T21:10:00Z,315.87,146.51,0.00097,0
2026-01-16T21:15:00Z,320.48,124.27,0.00301,0
2026-01-16T21:20:00Z,274.97,122.49,0.00237,0
2026-01-16T21:25:00Z,336.20,130.17,0.00256,1
2026-01-16T21:30:00Z,322.69,130.52,0.00213,0
2026-01-16T21:35:00Z,308.98,126.41,0.00133,0
2026-01-16T21:40:00Z,325.55,116.99,0.00148,0
2026-01-16T21:45:00Z,313.79,120.50,0.00249,0
2026-01-16T21:50:00Z,286.19,116.84,0.00050,0
2026-01-16T21:55:00Z,264.93,144.03,0.00171,0
2026-01-16T22:00:00Z,271.11,117.89,0.00170,0
2026-01-16T22:05:00Z,289.11,117.75,0.00237,0
2026-01-16T22:10:00Z,292.48,116.28,0.00013,0
2026-01-16T22:15:00Z,270.40,103.78,0.00163,0
2026-01-16T22:20:00Z,274.43,140.47,0.00053,0
2026-01-16T22:25:00Z,260.24,119.27,0.00187,0
2026-01-16T22:30:00Z,286.43,111.51,0.00117,0
2026-01-16T22:35:00Z,290.20,115.23,0.00240,0
2026-01-16T22:40:00Z,247.36,135.73,0.00172,0
2026-01-16T22:45:00Z,284.16,126.56,0.00085,0
2026-01-16T22:50:00Z,299.41,123.00,0.00195,0
2026-01-16T22:55:00Z,301.59,143.58,0.00163,0
2026-01-16T23:00:00Z,247.34,102.07,0.00092,0
2026-01-16T23:05:00Z,238.77,122.91,0.00328,0
2026-01-16T23:10:00Z,280.92,125.13,0.00258,0
2026-01-16T23:15:00Z,279.77,108.96,0.00252,0
2026-01-16T23:20:00Z,210.24,128.40,0.00070,0
2026-01-16T23:25:00Z,234.81,101.25,0.00007,0
2026-01-16T23:30:00Z,233.50,107.90,0.00131,0
2026-01-16T23:35:00Z,248.57,120.01,0.00092,0
2026-01-16T23:40:00Z,239.49,102.90,0.00174,0
2026-01-16T23:45:00Z,219.94,97.21,0.00232,0
2026-01-16T23:50:00Z,276.28,120.52,0.00169,0
2026-01-16T23:55:00Z,258.62,124.60,0.00202,0
2026-01-17T00:00:00Z,211.81,131.92,0.00206,0
2026-01-17T00:05:00Z,187.25,95.33,0.00119,0
2026-01-17T00:10:00Z,130.79,108.58,0.00200,0
2026-01-17T00:15:00Z,117.34,88.87,0.00015,0
2026-01-17T00:20:00Z,162.72,112.15,0.00083,0
2026-01-17T00:25:00Z,157.63,106.61,0.00108,0
2026-01-17T00:30:00Z,137.14,105.59,0.00103,0
2026-01-17T00:35:00Z,170.42,113.52,0.00169,0
2026-01-17T00:40:00Z,127.73,126.01,0.00064,0
2026-01-17T00:45:00Z,147.03,91.37,0.00164,0
2026-01-17T00:50:00Z,163.30,100.16,0.00054,0
2026-01-17T00:55:00Z,157.94,97.59,0.00089,0
2026-01-17T01:00:00Z,159.08,98.63,0.00250,0
2026-01-17T01:05:00Z,162.79,132.07,0.00020,0
2026-01-17T01:10:00Z,180.85,103.50,0.00148,0
2026-01-17T01:15:00Z,147.35,132.10,0.00300,0
2026-01-17T01:20:00Z,176.36,98.09,0.00199,0
2026-01-17T01:25:00Z,181.14,91.07,0.00199,0
2026-01-17T01:30:00Z,163.75,106.38,0.00101,0
2026-01-17T01:35:00Z,141.42,107.35,0.00000,0
2026-01-17T01:40:00Z,172.72,107.20,0.00054,0
2026-01-17T01:45:00Z,167.43,133.95,0.00106,0
2026-01-17T01:50:00Z,207.27,119.68,0.00127,0
2026-01-17T01:55:00Z,137.61,101.66,0.00000,0
2026-01-17T02:00:00Z,166.69,110.63,0.00258,0
2026-01-17T02:05:00Z,147.88,114.50,0.00150,0
2026-01-17T02:10:00Z,152.13,106.38,0.00063,0
2026-01-17T02:15:00Z,171.43,118.55,0.00113,0
2026-01-17T02:20:00Z,158.55,148.13,0.00060,0
2026-01-17T02:25:00Z,147.74,91.79,0.00128,0
2026-01-17T02:30:00Z,205.03,127.29,0.00138,0
2026-01-17T02:35:00Z,162.82,91.77,0.00059,0
2026-01-17T02:40:00Z,169.44,98.77,0.00158,0
2026-01-17T02:45:00Z,148.85,119.04,0.00051,0
2026-01-17T02:50:00Z,130.48,97.78,0.00094,0
2026-01-17T02:55:00Z,191.10,113.65,0.00000,0
2026-01-17T03:00:00Z,165.66,140.94,0.00134,0
2026-01-17T03:05:00Z,213.57,114.54,0.00196,0
2026-01-17T03:10:00Z,144.05,111.88,0.00026,0
2026-01-17T03:15:00Z,142.81,101.84,0.00210,0
2026-01-17T03:20:00Z,186.01,102.95,0.00257,0
2026-01-17T03:25:00Z,197.99,113.42,0.00156,0
2026-01-17T03:30:00Z,127.96,92.42,0.00127,0
2026-01-17T03:35:00Z,209.97,120.56,0.00254,0
2026-01-17T03:40:00Z,169.90,128.31,0.00176,0
2026-01-17T03:45:00Z,164.50,94.96,0.00155,0
2026-01-17T03:50:00Z,200.86,115.19,0.00053,0
2026-01-17T03:55:00Z,185.52,113.69,0.00196,0
2026-01-17T04:00:00Z,213.65,111.71,0.00136,0
2026-01-17T04:05:00Z,174.63,105.85,0.00171,0
2026-01-17T04:10:00Z,236.03,120.34,0.00142,0
2026-01-17T04:15:00Z,240.11,110.55,0.00301,0
2026-01-17T04:20:00Z,210.80,112.42,0.00122,0
2026-01-17T04:25:00Z,208.67,111.98,0.00064,0
2026-01-17T04:30:00Z,218.25,132.17,0.00102,0
2026-01-17T04:35:00Z,176.65,113.84,0.00070,0
2026-01-17T04:40:00Z,178.34,110.14,0.00000,0
2026-01-17T04:45:00Z,202.23,120.29,0.00158,0
2026-01-17T04:50:00Z,164.74,105.59,0.00225,0
2026-01-17T04:55:00Z,205.79,104.21,0.00210,0
2026-01-17T05:00:00Z,209.36,124.61,0.00203,0
2026-01-17T05:05:00Z,250.49,116.10,0.00104,0
2026-01-17T05:10:00Z,225.81,96.14,0.00139,0
2026-01-17T05:15:00Z,191.10,111.21,0.00234,0
2026-01-17T05:20:00Z,175.15,101.56,0.00122,0
2026-01-17T05:25:00Z,214.08,117.57,0.00185,0
2026-01-17T05:30:00Z,217.56,118.68,0.00045,0
2026-01-17T05:35:00Z,194.83,88.84,0.00132,0
2026-01-17T05:40:00Z,191.04,94.69,0.00056,0
2026-01-17T05:45:00Z,197.29,130.31,0.00259,0
2026-01-17T05:50:00Z,245.70,97.56,0.00274,0
2026-01-17T05:55:00Z,237.14,102.98,0.00155,0
2026-01-17T06:00:00Z,225.74,131.59,0.00253,0
2026-01-17T06:05:00Z,234.37,112.49,0.00070,0
2026-01-17T06:10:00Z,245.74,111.58,0.00115,0
2026-01-17T06:15:00Z,281.46,123.09,0.00043,0
2026-01-17T06:20:00Z,299.53,132.88,0.00280,0
2026-01-17T06:25:00Z,249.18,131.28,0.00226,0
2026-01-17T06:30:00Z,262.36,123.25,0.00160,0
2026-01-17T06:35:00Z,268.02,124.74,0.00115,0
2026-01-17T06:40:00Z,333.94,137.25,0.00061,0
2026-01-17T06:45:00Z,246.47,126.21,0.00095,0
2026-01-17T06:50:00Z,315.50,112.65,0.00184,0
2026-01-17T06:55:00Z,278.20,106.96,0.00201,0
2026-01-17T07:00:00Z,290.50,129.62,0.00119,0
2026-01-17T07:05:00Z,324.86,104.25,0.00130,0
2026-01-17T07:10:00Z,304.51,117.58,0.00114,0
2026-01-17T07:15:00Z,306.53,115.87,0.00140,0
2026-01-17T07:20:00Z,333.11,112.82,0.00126,0
2026-01-17T07:25:00Z,345.78,121.24,0.00015,0
2026-01-17T07:30:00Z,336.72,119.48,0.00239,0
2026-01-17T07:35:00Z,337.72,123.83,0.00200,0
2026-01-17T07:40:00Z,316.06,130.86,0.00169,0
2026-01-17T07:45:00Z,358.37,119.06,0.00106,0
2026-01-17T07:50:00Z,343.32,129.98,0.00299,0
2026-01-17T07:55:00Z,367.86,150.91,0.00096,0
2026-01-17T08:00:00Z,376.17,155.55,0.00079,0
2026-01-17T08:05:00Z,355.22,125.25,0.00257,0
2026-01-17T08:10:00Z,446.90,139.56,0.00118,1
2026-01-17T08:15:00Z,415.14,150.40,0.00269,0
2026-01-17T08:20:00Z,391.49,130.63,0.00212,0
2026-01-17T08:25:00Z,389.09,138.02,0.00195,0
2026-01-17T08:30:00Z,425.71,150.02,0.00069,0
2026-01-17T08:35:00Z,419.85,125.30,0.00091,0
2026-01-17T08:40:00Z,445.13,129.33,0.00110,1
2026-01-17T08:45:00Z,434.13,140.09,0.00100,1
2026-01-17T08:50:00Z,405.13,127.43,0.00100,0
2026-01-17T08:55:00Z,453.30,154.55,0.00174,0
2026-01-17T09:00:00Z,423.87,142.89,0.00184,3
2026-01-17T09:05:00Z,468.27,139.07,0.00138,1
2026-01-17T09:10:00Z,457.71,119.72,0.00028,2
2026-01-17T09:15:00Z,455.11,175.46,0.00266,0
2026-01-17T09:20:00Z,440.56,147.55,0.00099,1
2026-01-17T09:25:00Z,514.93,153.61,0.00085,4
2026-01-17T09:30:00Z,458.98,153.83,0.00137,0
2026-01-17T09:35:00Z,537.81,141.31,0.00141,2
2026-01-17T09:40:00Z,476.55,132.88,0.00127,0
2026-01-17T09:45:00Z,453.15,137.57,0.00108,4
2026-01-17T09:50:00Z,475.35,152.88,0.00228,3
2026-01-17T09:55:00Z,468.96,127.52,0.00196,3
2026-01-17T10:00:00Z,481.14,148.07,0.00186,0
2026-01-17T10:05:00Z,517.23,129.84,0.00133,6
2026-01-17T10:10:00Z,553.14,148.51,0.00144,4
2026-01-17T10:15:00Z,527.81,139.17,0.00107,5
2026-01-17T10:20:00Z,540.96,145.32,0.00212,3
2026-01-17T10:25:00Z,499.24,157.19,0.00073,1
2026-01-17T10:30:00Z,509.91,137.51,0.00150,5
2026-01-17T10:35:00Z,511.40,147.98,0.00162,3
2026-01-17T10:40:00Z,539.85,136.76,0.00120,4
2026-01-17T10:45:00Z,521.17,156.85,0.00194,4
2026-01-17T10:50:00Z,496.21,147.31,0.00181,2
2026-01-17T10:55:00Z,530.19,135.49,0.00124,6
2026-01-17T11:00:00Z,550.82,148.03,0.00199,9
2026-01-17T11:05:00Z,544.81,163.95,0.00088,4
2026-01-17T11:10:00Z,549.41,146.22,0.00070,3
2026-01-17T11:15:00Z,531.91,171.04,0.00052,4
2026-01-17T11:20:00Z,493.08,149.59,0.00194,2
2026-01-17T11:25:00Z,512.50,128.33,0.00151,8
2026-01-17T11:30:00Z,570.82,146.72,0.00133,4
2026-01-17T11:35:00Z,479.55,150.55,0.00192,0
2026-01-17T11:40:00Z,505.50,145.14,0.00196,0
2026-01-17T11:45:00Z,504.93,134.56,0.00145,2
2026-01-17T11:50:00Z,497.70,151.87,0.00142,4
2026-01-17T11:55:00Z,504.24,140.22,0.00080,2
2026-01-17T12:00:00Z,495.21,133.87,0.00012,0
2026-01-17T12:05:00Z,476.29,130.12,0.00156,1
2026-01-17T12:10:00Z,489.29,156.72,0.00170,0
2026-01-17T12:15:00Z,487.65,136.77,0.00142,2
2026-01-17T12:20:00Z,488.31,149.34,0.00214,3
2026-01-17T12:25:00Z,479.04,119.12,0.00221,2
2026-01-17T12:30:00Z,432.18,122.31,0.00077,0
2026-01-17T12:35:00Z,475.34,109.14,0.00139,0
2026-01-17T12:40:00Z,476.13,140.46,0.00194,0
2026-01-17T12:45:00Z,467.30,151.25,0.00213,2
2026-01-17T12:50:00Z,487.34,131.71,0.00212,5
2026-01-17T12:55:00Z,432.04,137.69,0.00158,0
2026-01-17T13:00:00Z,438.80,115.76,0.00178,2
2026-01-17T13:05:00Z,407.76,143.38,0.00155,0
2026-01-17T13:10:00Z,418.50,149.26,0.00171,0
2026-01-17T13:15:00Z,457.94,131.21,0.00107,0
2026-01-17T13:20:00Z,472.30,145.18,0.00147,0
2026-01-17T13:25:00Z,384.01,129.91,0.00108,0
2026-01-17T13:30:00Z,424.01,122.14,0.00185,1
2026-01-17T13:35:00Z,415.46,131.47,0.00106,0
2026-01-17T13:40:00Z,389.63,148.72,0.00135,0
2026-01-17T13:45:00Z,393.92,151.20,0.00080,0
2026-01-17T13:50:00Z,376.05,146.31,0.00067,2
2026-01-17T13:55:00Z,334.44,121.89,0.00168,0
2026-01-17T14:00:00Z,360.80,134.28,0.00337,0
2026-01-17T14:05:00Z,338.21,135.04,0.00186,0
2026-01-17T14:10:00Z,324.71,122.16,0.00296,1
2026-01-17T14:15:00Z,390.86,133.10,0.00182,1
2026-01-17T14:20:00Z,377.93,109.98,0.00051,0
2026-01-17T14:25:00Z,370.93,147.95,0.00123,2
2026-01-17T14:30:00Z,326.61,149.42,0.00137,0
2026-01-17T14:35:00Z,361.84,118.45,0.00078,0
2026-01-17T14:40:00Z,364.31,140.89,0.00094,0
2026-01-17T14:45:00Z,340.31,133.29,0.00226,0
2026-01-17T14:50:00Z,332.61,131.16,0.00071,0
2026-01-17T14:55:00Z,293.90,122.29,0.00110,0
2026-01-17T15:00:00Z,313.44,119.29,0.00175,0
2026-01-17T15:05:00Z,279.12,126.27,0.00189,0
2026-01-17T15:10:00Z,275.06,120.48,0.00178,0
2026-01-17T15:15:00Z,288.75,133.65,0.00104,0
2026-01-17T15:20:00Z,338.05,137.50,0.00293,0
2026-01-17T15:25:00Z,280.23,95.42,0.00122,0
2026-01-17T15:30:00Z,303.28,121.41,0.00046,0
2026-01-17T15:35:00Z,289.09,125.60,0.00168,0
2026-01-17T15:40:00Z,265.64,112.53,0.00272,0
2026-01-17T15:45:00Z,346.96,144.24,0.00061,0
2026-01-17T15:50:00Z,305.20,104.29,0.00104,0
2026-01-17T15:55:00Z,298.77,118.31,0.00232,0
2026-01-17T16:00:00Z,293.52,98.23,0.00244,0
2026-01-17T16:05:00Z,246.52,128.11,0.00136,0
2026-01-17T16:10:00Z,287.90,118.10,0.00130,0
2026-01-17T16:15:00Z,323.29,143.01,0.00140,0
2026-01-17T16:20:00Z,310.52,118.89,0.00233,0
2026-01-17T16:25:00Z,299.05,121.88,0.00127,0
2026-01-17T16:30:00Z,252.13,124.59,0.00123,0
2026-01-17T16:35:00Z,307.68,129.05,0.00207,0
2026-01-17T16:40:00Z,246.97,126.17,0.00118,0
2026-01-17T16:45:00Z,290.55,118.22,0.00145,0
2026-01-17T16:50:00Z,289.87,120.74,0.00074,0
2026-01-17T16:55:00Z,272.57,128.58,0.00035,0
2026-01-17T17:00:00Z,274.58,143.37,0.00071,0
2026-01-17T17:05:00Z,282.66,106.92,0.00115,0
2026-01-17T17:10:00Z,275.12,115.43,0.00144,0
2026-01-17T17:15:00Z,320.70,121.96,0.00189,2
2026-01-17T17:20:00Z,260.66,99.18,0.00092,0
2026-01-17T17:25:00Z,293.53,134.15,0.00132,0
2026-01-17T17:30:00Z,261.32,106.59,0.00173,0
2026-01-17T17:35:00Z,276.84,119.61,0.00201,0
2026-01-17T17:40:00Z,279.18,120.51,0.00085,0
2026-01-17T17:45:00Z,284.11,124.32,0.00152,0
2026-01-17T17:50:00Z,297.33,125.94,0.00150,0
2026-01-17T17:55:00Z,304.59,111.54,0.00200,0
2026-01-17T18:00:00Z,314.20,140.71,0.00184,0
2026-01-17T18:05:00Z,331.78,118.22,0.00171,0
2026-01-17T18:10:00Z,321.01,141.07,0.00189,0
2026-01-17T18:15:00Z,302.82,111.77,0.00117,0
2026-01-17T18:20:00Z,323.73,112.79,0.00093,1
2026-01-17T18:25:00Z,262.85,116.48,0.00032,0
2026-01-17T18:30:00Z,260.73,127.67,0.00123,0
2026-01-17T18:35:00Z,338.53,130.69,0.00000,0
2026-01-17T18:40:00Z,355.24,111.47,0.00155,0
2026-01-17T18:45:00Z,344.60,134.77,0.00088,0
2026-01-17T18:50:00Z,311.61,111.79,0.00073,0
2026-01-17T18:55:00Z,292.47,138.71,0.00129,0
2026-01-17T19:00:00Z,294.64,133.75,0.00160,0
2026-01-17T19:05:00Z,295.60,110.40,0.00126,0
2026-01-17T19:10:00Z,295.21,121.76,0.00141,0
2026-01-17T19:15:00Z,273.26,122.02,0.00145,0
2026-01-17T19:20:00Z,332.08,132.90,0.00175,0
2026-01-17T19:25:00Z,326.54,134.38,0.00198,0
2026-01-17T19:30:00Z,339.72,122.47,0.00174,0
2026-01-17T19:35:00Z,321.71,124.89,0.00274,0
2026-01-17T19:40:00Z,315.78,115.84,0.00215,0
2026-01-17T19:45:00Z,351.60,125.65,0.00216,0
2026-01-17T19:50:00Z,300.40,115.91,0.00116,0
2026-01-17T19:55:00Z,344.82,128.88,0.00146,0
2026-01-17T20:00:00Z,281.78,113.28,0.00089,0
2026-01-17T20:05:00Z,303.71,118.45,0.00209,0
2026-01-17T20:10:00Z,312.84,117.80,0.00028,0
2026-01-17T20:15:00Z,252.91,92.75,0.00070,0
2026-01-17T20:20:00Z,293.39,121.61,0.00179,0
2026-01-17T20:25:00Z,311.14,142.61,0.00277,0
2026-01-17T20:30:00Z,299.96,128.41,0.00204,0
2026-01-17T20:35:00Z,253.86,137.37,0.00055,0
2026-01-17T20:40:00Z,294.17,104.75,0.00202,0
2026-01-17T20:45:00Z,247.73,99.74,0.00109,0
2026-01-17T20:50:00Z,258.14,127.18,0.00093,0
2026-01-17T20:55:00Z,214.14,113.13,0.00079,0
2026-01-17T21:00:00Z,250.85,114.35,0.00093,0
2026-01-17T21:05:00Z,264.07,119.22,0.00228,0
2026-01-17T21:10:00Z,244.26,105.94,0.00256,0
2026-01-17T21:15:00Z,219.21,120.51,0.00125,0
2026-01-17T21:20:00Z,290.25,109.10,0.00193,0
2026-01-17T21:25:00Z,237.81,115.95,0.00145,0
2026-01-17T21:30:00Z,228.88,118.54,0.00116,0
2026-01-17T21:35:00Z,250.56,114.06,0.00113,0
2026-01-17T21:40:00Z,216.34,118.10,0.00135,0
2026-01-17T21:45:00Z,181.04,105.59,0.00210,0
2026-01-17T21:50:00Z,202.19,104.77,0.00232,0
2026-01-17T21:55:00Z,209.29,136.02,0.00146,0
2026-01-17T22:00:00Z,282.05,112.76,0.00249,2
2026-01-17T22:05:00Z,169.97,109.31,0.00148,0
2026-01-17T22:10:00Z,179.86,106.60,0.00174,0
2026-01-17T22:15:00Z,211.46,117.11,0.00220,0
2026-01-17T22:20:00Z,178.18,114.60,0.00314,0
2026-01-17T22:25:00Z,184.94,120.43,0.00118,0
2026-01-17T22:30:00Z,188.73,102.96,0.00047,0
2026-01-17T22:35:00Z,169.18,113.17,0.00154,0
2026-01-17T22:40:00Z,196.49,110.73,0.00128,0
2026-01-17T22:45:00Z,142.35,96.99,0.00190,0
2026-01-17T22:50:00Z,156.70,92.72,0.00171,0
2026-01-17T22:55:00Z,151.12,128.83,0.00000,0
2026-01-17T23:00:00Z,194.22,123.26,0.00172,0
2026-01-17T23:05:00Z,201.10,125.22,0.00043,0
2026-01-17T23:10:00Z,189.52,99.74,0.00255,0
2026-01-17T23:15:00Z,189.85,124.30,0.00252,0
2026-01-17T23:20:00Z,148.28,104.33,0.00195,0
2026-01-17T23:25:00Z,173.46,103.93,0.00219,0
2026-01-17T23:30:00Z,205.59,111.98,0.00167,0
2026-01-17T23:35:00Z,178.79,100.79,0.00132,0
2026-01-17T23:40:00Z,170.02,105.53,0.00125,0
2026-01-17T23:45:00Z,133.83,111.25,0.00187,0
2026-01-17T23:50:00Z,161.51,88.16,0.00103,0
2026-01-17T23:55:00Z,176.71,103.59,0.00186,0
2026-01-18T00:00:00Z,168.82,112.86,0.00162,0
2026-01-18T00:05:00Z,162.19,136.84,0.00122,0
2026-01-18T00:10:00Z,196.66,110.79,0.00077,0
2026-01-18T00:15:00Z,214.12,112.51,0.00206,0
2026-01-18T00:20:00Z,224.61,97.79,0.00101,0
2026-01-18T00:25:00Z,169.42,100.85,0.00196,0
2026-01-18T00:30:00Z,165.05,115.28,0.00110,0
2026-01-18T00:35:00Z,137.57,100.78,0.00204,0
2026-01-18T00:40:00Z,182.11,92.51,0.00295,0
2026-01-18T00:45:00Z,153.94,93.36,0.00199,0
2026-01-18T00:50:00Z,142.77,102.51,0.00158,0
2026-01-18T00:55:00Z,172.56,91.59,0.00158,0
2026-01-18T01:00:00Z,143.98,114.09,0.00232,0
2026-01-18T01:05:00Z,153.93,109.19,0.00184,0
2026-01-18T01:10:00Z,195.24,94.89,0.00091,0
2026-01-18T01:15:00Z,169.39,129.45,0.00187,0
2026-01-18T01:20:00Z,233.92,94.82,0.00111,0
2026-01-18T01:25:00Z,164.26,115.63,0.00134,0
2026-01-18T01:30:00Z,133.11,100.35,0.00246,0
2026-01-18T01:35:00Z,176.81,101.27,0.00129,0
2026-01-18T01:40:00Z,143.85,107.42,0.00115,0
2026-01-18T01:45:00Z,182.06,125.28,0.00220,0
2026-01-18T01:50:00Z,145.26,90.47,0.00239,0
2026-01-18T01:55:00Z,151.77,118.15,0.00042,0
2026-01-18T02:00:00Z,161.76,115.45,0.00035,0
2026-01-18T02:05:00Z,204.24,100.15,0.00148,0
2026-01-18T02:10:00Z,175.80,109.92,0.00233,0
2026-01-18T02:15:00Z,153.03,114.65,0.00246,0
2026-01-18T02:20:00Z,200.97,104.75,0.00204,0
2026-01-18T02:25:00Z,184.55,125.95,0.00042,0
2026-01-18T02:30:00Z,161.18,102.95,0.00053,0
2026-01-18T02:35:00Z,151.80,116.70,0.00019,0
2026-01-18T02:40:00Z,189.03,123.89,0.00090,0
2026-01-18T02:45:00Z,159.02,125.23,0.00124,0
2026-01-18T02:50:00Z,155.27,117.94,0.00101,0
2026-01-18T02:55:00Z,160.04,100.32,0.00099,0
2026-01-18T03:00:00Z,133.24,95.19,0.00153,0
2026-01-18T03:05:00Z,182.82,123.44,0.00220,0
2026-01-18T03:10:00Z,188.17,102.50,0.00191,0
2026-01-18T03:15:00Z,174.53,133.74,0.00119,0
2026-01-18T03:20:00Z,174.13,118.39,0.00105,0
2026-01-18T03:25:00Z,164.94,137.02,0.00046,0
2026-01-18T03:30:00Z,139.87,86.54,0.00157,0
2026-01-18T03:35:00Z,157.95,106.97,0.00217,0
2026-01-18T03:40:00Z,157.15,98.78,0.00138,0
2026-01-18T03:45:00Z,156.26,101.20,0.00288,0
2026-01-18T03:50:00Z,193.02,123.58,0.00097,0
2026-01-18T03:55:00Z,181.52,109.59,0.00109,0
2026-01-18T04:00:00Z,206.26,98.31,0.00166,0
2026-01-18T04:05:00Z,176.41,105.84,0.00204,0
2026-01-18T04:10:00Z,170.27,115.28,0.00158,0
2026-01-18T04:15:00Z,199.49,111.97,0.00131,0
2026-01-18T04:20:00Z,219.08,92.26,0.00121,0
2026-01-18T04:25:00Z,158.59,111.26,0.00167,0
2026-01-18T04:30:00Z,177.21,120.47,0.00077,0
2026-01-18T04:35:00Z,169.14,106.95,0.00156,0
2026-01-18T04:40:00Z,245.17,118.61,0.00003,0
2026-01-18T04:45:00Z,206.81,106.67,0.00153,0
2026-01-18T04:50:00Z,174.04,112.16,0.00071,0
2026-01-18T04:55:00Z,195.62,109.60,0.00151,0
2026-01-18T05:00:00Z,222.32,130.81,0.00118,0
2026-01-18T05:05:00Z,205.17,99.15,0.00179,0
2026-01-18T05:10:00Z,205.67,118.55,0.00107,0
2026-01-18T05:15:00Z,211.17,98.83,0.00146,0
2026-01-18T05:20:00Z,238.90,107.38,0.00037,0
2026-01-18T05:25:00Z,237.90,120.11,0.00148,0
2026-01-18T05:30:00Z,205.52,110.67,0.00138,0
2026-01-18T05:35:00Z,251.15,116.66,0.00070,0
2026-01-18T05:40:00Z,182.15,109.00,0.00282,0
2026-01-18T05:45:00Z,201.40,129.98,0.00251,0
2026-01-18T05:50:00Z,196.17,95.29,0.00149,0
2026-01-18T05:55:00Z,269.43,111.78,0.00252,0
2026-01-18T06:00:00Z,236.23,92.53,0.00186,0
2026-01-18T06:05:00Z,248.84,104.61,0.00149,0
2026-01-18T06:10:00Z,298.16,109.34,0.00185,0
2026-01-18T06:15:00Z,258.93,120.05,0.00198,0
2026-01-18T06:20:00Z,244.01,104.32,0.00136,0
2026-01-18T06:25:00Z,264.37,123.00,0.00130,0
2026-01-18T06:30:00Z,243.10,111.41,0.00184,0
2026-01-18T06:35:00Z,250.62,111.42,0.00036,0
2026-01-18T06:40:00Z,257.86,101.60,0.00226,0
2026-01-18T06:45:00Z,240.33,118.84,0.00189,0
2026-01-18T06:50:00Z,306.79,149.16,0.00196,0
2026-01-18T06:55:00Z,323.79,125.36,0.00145,0
2026-01-18T07:00:00Z,294.29,112.47,0.00068,0
2026-01-18T07:05:00Z,283.33,126.58,0.00215,0
2026-01-18T07:10:00Z,297.01,114.17,0.00173,0
2026-01-18T07:15:00Z,315.17,128.14,0.00053,0
2026-01-18T07:20:00Z,307.18,135.22,0.00229,0
2026-01-18T07:25:00Z,324.19,113.18,0.00108,0
2026-01-18T07:30:00Z,314.73,144.12,0.00388,0
2026-01-18T07:35:00Z,325.06,104.93,0.00039,0
2026-01-18T07:40:00Z,326.77,122.91,0.00022,0
2026-01-18T07:45:00Z,342.07,135.11,0.00136,0
2026-01-18T07:50:00Z,366.28,130.43,0.00181,0
2026-01-18T07:55:00Z,333.74,122.51,0.00159,0
2026-01-18T08:00:00Z,304.15,113.65,0.00221,0
2026-01-18T08:05:00Z,411.68,127.62,0.00011,0
2026-01-18T08:10:00Z,393.34,118.43,0.00299,0
2026-01-18T08:15:00Z,416.55,141.81,0.00157,1
2026-01-18T08:20:00Z,378.02,140.98,0.00373,0
2026-01-18T08:25:00Z,444.04,140.20,0.00124,0
2026-01-18T08:30:00Z,444.54,141.11,0.00173,0
2026-01-18T08:35:00Z,477.63,156.17,0.00150,0
2026-01-18T08:40:00Z,443.42,140.24,0.00193,0
2026-01-18T08:45:00Z,402.23,132.45,0.00122,2
2026-01-18T08:50:00Z,478.41,139.97,0.00210,0
2026-01-18T08:55:00Z,448.33,125.56,0.00206,2
2026-01-18T09:00:00Z,435.62,130.44,0.00164,0
2026-01-18T09:05:00Z,443.71,160.82,0.00000,0
2026-01-18T09:10:00Z,427.15,138.28,0.00328,0
2026-01-18T09:15:00Z,439.49,139.43,0.00145,1
2026-01-18T09:20:00Z,491.59,131.37,0.00181,3
2026-01-18T09:25:00Z,491.24,144.70,0.00139,4
2026-01-18T09:30:00Z,464.35,130.66,0.00166,2
2026-01-18T09:35:00Z,515.82,162.65,0.00104,3
2026-01-18T09:40:00Z,478.78,133.55,0.00158,0
2026-01-18T09:45:00Z,498.85,151.51,0.00075,1
2026-01-18T09:50:00Z,468.97,144.68,0.00199,1
2026-01-18T09:55:00Z,530.01,160.48,0.00280,4
2026-01-18T10:00:00Z,522.98,147.81,0.00100,3
2026-01-18T10:05:00Z,469.96,122.37,0.00210,4
2026-01-18T10:10:00Z,517.63,149.21,0.00090,0
2026-01-18T10:15:00Z,514.86,150.15,0.00197,1
2026-01-18T10:20:00Z,486.33,150.56,0.00104,0
2026-01-18T10:25:00Z,479.20,124.63,0.00237,4
2026-01-18T10:30:00Z,535.94,146.95,0.00064,4
2026-01-18T10:35:00Z,487.41,161.52,0.00125,0
2026-01-18T10:40:00Z,524.03,138.18,0.00101,3
2026-01-18T10:45:00Z,459.13,139.31,0.00201,0
2026-01-18T10:50:00Z,495.23,126.60,0.00179,6
2026-01-18T10:55:00Z,524.36,154.06,0.00100,2
2026-01-18T11:00:00Z,503.06,159.86,0.00167,1
2026-01-18T11:05:00Z,527.56,166.32,0.00291,1
2026-01-18T11:10:00Z,524.33,167.14,0.00099,0
2026-01-18T11:15:00Z,532.55,125.62,0.00015,0
2026-01-18T11:20:00Z,525.94,166.43,0.00138,1
2026-01-18T11:25:00Z,545.71,138.42,0.00195,2
2026-01-18T11:30:00Z,509.66,139.79,0.00238,4
2026-01-18T11:35:00Z,500.01,147.86,0.00134,0
2026-01-18T11:40:00Z,480.92,137.72,0.00244,3
2026-01-18T11:45:00Z,490.55,128.07,0.00000,0
2026-01-18T11:50:00Z,515.50,152.65,0.00206,2
2026-01-18T11:55:00Z,516.70,136.39,0.00148,3
2026-01-18T12:00:00Z,524.17,145.57,0.00128,2
2026-01-18T12:05:00Z,473.81,151.17,0.00197,5
2026-01-18T12:10:00Z,514.87,149.92,0.00212,3
2026-01-18T12:15:00Z,530.56,168.85,0.00028,0
2026-01-18T12:20:00Z,473.02,144.27,0.00082,2
2026-01-18T12:25:00Z,490.09,140.86,0.00205,1
2026-01-18T12:30:00Z,519.63,140.20,0.00103,0
2026-01-18T12:35:00Z,492.44,141.29,0.00205,1
2026-01-18T12:40:00Z,454.02,143.94,0.00225,0
2026-01-18T12:45:00Z,475.82,159.14,0.00138,1
2026-01-18T12:50:00Z,446.50,135.20,0.00261,0
2026-01-18T12:55:00Z,453.24,147.01,0.00192,0
2026-01-18T13:00:00Z,434.10,123.32,0.00229,0
2026-01-18T13:05:00Z,441.55,142.75,0.00181,5
2026-01-18T13:10:00Z,440.55,158.49,0.00260,0
2026-01-18T13:15:00Z,450.04,129.00,0.00085,0
2026-01-18T13:20:00Z,393.54,133.69,0.00117,0
2026-01-18T13:25:00Z,434.25,140.98,0.00110,1
2026-01-18T13:30:00Z,402.53,126.73,0.00200,2
2026-01-18T13:35:00Z,440.87,132.42,0.00124,3
2026-01-18T13:40:00Z,417.75,132.54,0.00162,0
2026-01-18T13:45:00Z,422.84,119.62,0.00136,0
2026-01-18T13:50:00Z,383.95,133.26,0.00228,0
2026-01-18T13:55:00Z,379.43,131.46,0.00127,0
2026-01-18T14:00:00Z,354.57,121.99,0.00228,0
2026-01-18T14:05:00Z,377.44,122.94,0.00103,0
2026-01-18T14:10:00Z,365.00,145.01,0.00105,0
2026-01-18T14:15:00Z,341.56,134.89,0.00190,0
2026-01-18T14:20:00Z,373.49,122.52,0.00287,0
2026-01-18T14:25:00Z,348.15,122.00,0.00209,0
2026-01-18T14:30:00Z,342.38,131.05,0.00058,0
2026-01-18T14:35:00Z,344.68,113.14,0.00128,0
2026-01-18T14:40:00Z,313.30,114.25,0.00197,0
2026-01-18T14:45:00Z,361.60,130.72,0.00230,0
2026-01-18T14:50:00Z,308.61,110.96,0.00164,0
2026-01-18T14:55:00Z,333.54,127.79,0.00075,0
2026-01-18T15:00:00Z,305.74,123.27,0.00175,0
2026-01-18T15:05:00Z,330.98,125.73,0.00174,0
2026-01-18T15:10:00Z,291.94,115.92,0.00266,0
2026-01-18T15:15:00Z,263.89,143.48,0.00114,0
2026-01-18T15:20:00Z,362.80,110.18,0.00135,0
2026-01-18T15:25:00Z,296.11,130.78,0.00166,0
2026-01-18T15:30:00Z,277.54,123.65,0.00173,0
2026-01-18T15:35:00Z,298.41,129.16,0.00092,0
2026-01-18T15:40:00Z,305.93,137.60,0.00076,0
2026-01-18T15:45:00Z,301.61,134.76,0.00154,0
2026-01-18T15:50:00Z,242.08,127.32,0.00144,0
2026-01-18T15:55:00Z,244.06,114.14,0.00184,0
2026-01-18T16:00:00Z,312.43,121.10,0.00116,0
2026-01-18T16:05:00Z,303.30,120.26,0.00125,0
2026-01-18T16:10:00Z,272.28,128.81,0.00133,0
2026-01-18T16:15:00Z,264.38,114.84,0.00159,0
2026-01-18T16:20:00Z,282.28,121.43,0.00074,0
2026-01-18T16:25:00Z,293.69,109.07,0.00128,0
2026-01-18T16:30:00Z,331.40,127.00,0.00262,0
2026-01-18T16:35:00Z,301.48,106.59,0.00186,0
2026-01-18T16:40:00Z,261.84,118.63,0.00150,0
2026-01-18T16:45:00Z,301.62,130.33,0.00124,0
2026-01-18T16:50:00Z,291.79,109.53,0.00125,0
2026-01-18T16:55:00Z,284.11,106.71,0.00185,0
2026-01-18T17:00:00Z,274.73,114.91,0.00175,0
2026-01-18T17:05:00Z,285.25,130.70,0.00050,0
2026-01-18T17:10:00Z,285.64,133.54,0.00133,0
2026-01-18T17:15:00Z,331.60,121.82,0.00245,0
2026-01-18T17:20:00Z,332.23,131.12,0.00281,2
2026-01-18T17:25:00Z,273.76,145.47,0.00199,0
2026-01-18T17:30:00Z,288.28,123.06,0.00103,0
2026-01-18T17:35:00Z,298.13,142.27,0.00121,0
2026-01-18T17:40:00Z,279.42,111.45,0.00078,0
2026-01-18T17:45:00Z,303.96,123.31,0.00275,0
2026-01-18T17:50:00Z,307.23,119.09,0.00076,0
2026-01-18T17:55:00Z,314.70,138.52,0.00152,0
2026-01-18T18:00:00Z,285.54,99.45,0.00140,0
2026-01-18T18:05:00Z,321.58,116.02,0.00156,0
2026-01-18T18:10:00Z,368.55,128.71,0.00143,0
2026-01-18T18:15:00Z,346.21,124.27,0.00130,0
2026-01-18T18:20:00Z,314.17,127.56,0.00042,0
2026-01-18T18:25:00Z,329.85,116.73,0.00141,0
2026-01-18T18:30:00Z,370.14,137.13,0.00053,0
2026-01-18T18:35:00Z,314.35,115.31,0.00101,0
2026-01-18T18:40:00Z,295.98,134.73,0.00231,0
2026-01-18T18:45:00Z,326.80,136.29,0.00108,0
2026-01-18T18:50:00Z,306.23,119.38,0.00119,0
2026-01-18T18:55:00Z,290.88,112.57,0.00263,0
2026-01-18T19:00:00Z,272.82,111.94,0.00175,0
2026-01-18T19:05:00Z,308.82,126.95,0.00079,0
2026-01-18T19:10:00Z,342.97,124.85,0.00081,0
2026-01-18T19:15:00Z,317.40,135.16,0.00147,0
2026-01-18T19:20:00Z,306.87,126.81,0.00065,0
2026-01-18T19:25:00Z,305.07,114.66,0.00059,0
2026-01-18T19:30:00Z,271.80,119.77,0.00159,0
2026-01-18T19:35:00Z,290.88,117.06,0.00146,0
2026-01-18T19:40:00Z,335.75,125.50,0.00172,0
2026-01-18T19:45:00Z,302.51,105.94,0.00000,0
2026-01-18T19:50:00Z,280.76,132.39,0.00114,0
2026-01-18T19:55:00Z,333.96,119.95,0.00025,0
2026-01-18T20:00:00Z,275.59,102.63,0.00226,0
2026-01-18T20:05:00Z,254.06,108.61,0.00153,0
2026-01-18T20:10:00Z,275.54,119.43,0.00156,0
2026-01-18T20:15:00Z,255.52,111.49,0.00093,0
2026-01-18T20:20:00Z,238.00,101.93,0.00065,0
2026-01-18T20:25:00Z,290.46,139.23,0.00147,0
2026-01-18T20:30:00Z,254.89,123.83,0.00170,0
2026-01-18T20:35:00Z,278.89,109.96,0.00144,0
2026-01-18T20:40:00Z,271.22,118.65,0.00202,0
2026-01-18T20:45:00Z,276.37,127.71,0.00072,0
2026-01-18T20:50:00Z,225.37,118.08,0.00232,0
2026-01-18T20:55:00Z,290.31,113.79,0.00126,0
2026-01-18T21:00:00Z,217.60,132.78,0.00191,0
2026-01-18T21:05:00Z,240.46,120.02,0.00318,0
2026-01-18T21:10:00Z,251.37,125.57,0.00252,0
2026-01-18T21:15:00Z,231.57,120.28,0.00120,0
2026-01-18T21:20:00Z,264.87,107.24,0.00149,0
2026-01-18T21:25:00Z,261.80,111.12,0.00132,0
2026-01-18T21:30:00Z,225.47,113.03,0.00152,0
2026-01-18T21:35:00Z,243.70,134.03,0.00126,0
2026-01-18T21:40:00Z,215.18,101.00,0.00104,0
2026-01-18T21:45:00Z,205.32,120.26,0.00176,0
2026-01-18T21:50:00Z,220.64,118.73,0.00236,0
2026-01-18T21:55:00Z,223.34,107.18,0.00080,0
2026-01-18T22:00:00Z,227.09,129.64,0.00222,0
2026-01-18T22:05:00Z,196.69,140.01,0.00214,0
2026-01-18T22:10:00Z,212.27,112.45,0.00103,0
2026-01-18T22:15:00Z,235.03,104.91,0.00203,0
2026-01-18T22:20:00Z,170.26,103.40,0.00270,0
2026-01-18T22:25:00Z,233.96,114.43,0.00177,0
2026-01-18T22:30:00Z,169.18,126.63,0.00135,0
2026-01-18T22:35:00Z,230.80,101.90,0.00115,0
2026-01-18T22:40:00Z,193.22,131.18,0.00216,0
2026-01-18T22:45:00Z,174.28,103.73,0.00074,0
2026-01-18T22:50:00Z,158.69,105.44,0.00096,0
2026-01-18T22:55:00Z,161.88,111.29,0.00178,0
2026-01-18T23:00:00Z,203.65,125.84,0.00033,0
2026-01-18T23:05:00Z,192.17,126.65,0.00221,0
2026-01-18T23:10:00Z,169.83,99.95,0.00129,0
2026-01-18T23:15:00Z,178.18,101.02,0.00074,0
2026-01-18T23:20:00Z,161.60,107.26,0.00094,0
2026-01-18T23:25:00Z,174.99,109.10,0.00190,0
2026-01-18T23:30:00Z,199.95,110.21,0.00245,0
2026-01-18T23:35:00Z,137.61,102.28,0.00140,0
2026-01-18T23:40:00Z,168.95,85.52,0.00205,0
2026-01-18T23:45:00Z,144.70,112.16,0.00090,0
2026-01-18T23:50:00Z,218.95,132.26,0.00157,0
2026-01-18T23:55:00Z,137.79,103.77,0.00078,0
2026-01-19T00:00:00Z,220.20,114.42,0.00143,0
2026-01-19T00:05:00Z,196.26,127.85,0.00132,0
2026-01-19T00:10:00Z,271.77,134.20,0.00156,0
2026-01-19T00:15:00Z,245.05,122.25,0.00201,0
2026-01-19T00:20:00Z,237.09,129.90,0.00214,0
2026-01-19T00:25:00Z,203.54,128.44,0.00193,0
2026-01-19T00:30:00Z,236.29,117.40,0.00118,0
2026-01-19T00:35:00Z,216.94,120.87,0.00219,0
2026-01-19T00:40:00Z,218.68,111.72,0.00183,0
2026-01-19T00:45:00Z,245.64,109.17,0.00122,0
2026-01-19T00:50:00Z,245.67,107.74,0.00203,0
2026-01-19T00:55:00Z,189.96,127.58,0.00139,0
2026-01-19T01:00:00Z,212.91,112.93,0.00142,0
2026-01-19T01:05:00Z,244.14,115.77,0.00106,0
2026-01-19T01:10:00Z,241.21,116.92,0.00074,0
2026-01-19T01:15:00Z,214.89,104.12,0.00098,0
2026-01-19T01:20:00Z,222.96,120.90,0.00240,0
2026-01-19T01:25:00Z,189.48,110.86,0.00119,0
2026-01-19T01:30:00Z,209.35,128.79,0.00052,0
2026-01-19T01:35:00Z,282.61,113.24,0.00062,0
2026-01-19T01:40:00Z,209.02,99.74,0.00208,0
2026-01-19T01:45:00Z,222.56,135.93,0.00248,0
2026-01-19T01:50:00Z,202.44,117.24,0.00264,0
2026-01-19T01:55:00Z,267.74,129.32,0.00228,0
2026-01-19T02:00:00Z,229.38,95.86,0.00148,0
2026-01-19T02:05:00Z,257.62,111.54,0.00187,0
2026-01-19T02:10:00Z,228.99,126.12,0.00073,0
2026-01-19T02:15:00Z,200.44,88.76,0.00250,0
2026-01-19T02:20:00Z,243.79,135.76,0.00091,0
2026-01-19T02:25:00Z,246.14,105.06,0.00300,0
2026-01-19T02:30:00Z,229.58,116.12,0.00146,0
2026-01-19T02:35:00Z,279.92,114.38,0.00180,0
2026-01-19T02:40:00Z,239.82,129.67,0.00147,0
2026-01-19T02:45:00Z,216.80,124.80,0.00151,0
2026-01-19T02:50:00Z,230.50,110.57,0.00167,0
2026-01-19T02:55:00Z,239.63,104.14,0.00121,0
2026-01-19T03:00:00Z,217.79,95.15,0.00118,0
2026-01-19T03:05:00Z,242.90,108.97,0.00098,0
2026-01-19T03:10:00Z,212.29,125.23,0.00199,0
2026-01-19T03:15:00Z,261.08,106.49,0.00093,0
2026-01-19T03:20:00Z,233.55,129.64,0.00172,0
2026-01-19T03:25:00Z,244.20,118.43,0.00032,0
2026-01-19T03:30:00Z,206.41,121.71,0.00307,0
2026-01-19T03:35:00Z,249.14,111.89,0.00030,0
2026-01-19T03:40:00Z,215.78,122.78,0.00135,0
2026-01-19T03:45:00Z,248.09,127.19,0.00096,0
2026-01-19T03:50:00Z,276.79,107.48,0.00173,0
2026-01-19T03:55:00Z,283.72,107.53,0.00047,0
2026-01-19T04:00:00Z,286.67,114.96,0.00201,0
2026-01-19T04:05:00Z,222.29,106.06,0.00102,0
2026-01-19T04:10:00Z,251.11,111.77,0.00090,0
2026-01-19T04:15:00Z,285.63,108.24,0.00176,0
2026-01-19T04:20:00Z,273.82,110.54,0.00179,0
2026-01-19T04:25:00Z,284.59,122.47,0.00125,0
2026-01-19T04:30:00Z,264.31,136.69,0.00201,0
2026-01-19T04:35:00Z,280.45,98.18,0.00130,0
2026-01-19T04:40:00Z,211.65,113.21,0.00171,0
2026-01-19T04:45:00Z,290.77,108.51,0.00086,0
2026-01-19T04:50:00Z,241.33,120.84,0.00099,0
2026-01-19T04:55:00Z,264.60,128.27,0.00207,0
2026-01-19T05:00:00Z,274.97,103.77,0.00305,0
2026-01-19T05:05:00Z,295.42,129.05,0.00207,0
2026-01-19T05:10:00Z,295.06,111.06,0.00231,0
2026-01-19T05:15:00Z,317.83,136.42,0.00155,0
2026-01-19T05:20:00Z,332.18,141.31,0.00174,0
2026-01-19T05:25:00Z,256.87,123.13,0.00198,0
2026-01-19T05:30:00Z,269.03,112.11,0.00160,0
2026-01-19T05:35:00Z,301.53,127.77,0.00169,0
2026-01-19T05:40:00Z,315.90,141.06,0.00217,0
2026-01-19T05:45:00Z,316.10,135.79,0.00081,0
2026-01-19T05:50:00Z,358.07,121.46,0.00217,0
2026-01-19T05:55:00Z,318.20,102.94,0.00129,0
2026-01-19T06:00:00Z,350.18,145.90,0.00196,0
2026-01-19T06:05:00Z,364.24,121.86,0.00061,3
2026-01-19T06:10:00Z,304.76,114.68,0.00057,0
2026-01-19T06:15:00Z,306.80,114.53,0.00029,0
2026-01-19T06:20:00Z,358.63,125.57,0.00134,0
2026-01-19T06:25:00Z,396.47,135.57,0.00218,0
2026-01-19T06:30:00Z,374.55,137.27,0.00085,0
2026-01-19T06:35:00Z,390.52,129.75,0.00249,0
2026-01-19T06:40:00Z,371.86,113.21,0.00214,0
2026-01-19T06:45:00Z,401.22,127.82,0.00082,0
2026-01-19T06:50:00Z,380.74,140.26,0.00353,0
2026-01-19T06:55:00Z,439.06,137.62,0.00192,0
2026-01-19T07:00:00Z,453.49,141.54,0.00158,4
2026-01-19T07:05:00Z,430.51,140.02,0.00111,2
2026-01-19T07:10:00Z,404.62,143.43,0.00165,0
2026-01-19T07:15:00Z,455.03,133.22,0.00047,4
2026-01-19T07:20:00Z,417.52,144.01,0.00215,0
2026-01-19T07:25:00Z,451.58,138.72,0.00127,0
2026-01-19T07:30:00Z,456.42,139.00,0.00219,1
2026-01-19T07:35:00Z,398.73,133.36,0.00090,0
2026-01-19T07:40:00Z,472.14,140.94,0.00176,0
2026-01-19T07:45:00Z,427.76,142.10,0.00211,0
2026-01-19T07:50:00Z,585.94,135.21,0.00142,5
2026-01-19T07:55:00Z,517.41,142.60,0.00134,3
2026-01-19T08:00:00Z,505.90,160.50,0.00200,4
2026-01-19T08:05:00Z,485.26,133.03,0.00205,0
2026-01-19T08:10:00Z,545.87,141.08,0.00106,4
2026-01-19T08:15:00Z,576.68,143.06,0.00120,6
2026-01-19T08:20:00Z,557.77,155.89,0.00134,3
2026-01-19T08:25:00Z,547.23,156.19,0.00077,2
2026-01-19T08:30:00Z,549.43,158.74,0.00094,8
2026-01-19T08:35:00Z,580.76,173.76,0.00131,4
2026-01-19T08:40:00Z,515.77,162.66,0.00058,0
2026-01-19T08:45:00Z,587.13,154.54,0.00192,5
2026-01-19T08:50:00Z,624.12,168.79,0.00228,3
2026-01-19T08:55:00Z,620.58,173.35,0.00150,7
2026-01-19T09:00:00Z,620.08,155.05,0.00162,3
2026-01-19T09:05:00Z,630.09,146.81,0.00169,4
2026-01-19T09:10:00Z,631.26,158.54,0.00186,4
2026-01-19T09:15:00Z,696.75,163.90,0.00205,7
2026-01-19T09:20:00Z,656.46,176.73,0.00033,3
2026-01-19T09:25:00Z,632.05,159.53,0.00122,6
2026-01-19T09:30:00Z,681.89,170.60,0.00296,11
2026-01-19T09:35:00Z,684.47,160.50,0.00162,9
2026-01-19T09:40:00Z,697.12,162.45,0.00209,11
2026-01-19T09:45:00Z,683.32,158.11,0.00167,10
2026-01-19T09:50:00Z,675.41,169.70,0.00151,3
2026-01-19T09:55:00Z,659.89,162.62,0.00189,6
2026-01-19T10:00:00Z,719.89,168.00,0.00214,8
2026-01-19T10:05:00Z,730.82,177.60,0.00252,14
2026-01-19T10:10:00Z,691.48,159.24,0.00200,11
2026-01-19T10:15:00Z,706.45,165.30,0.00271,7
2026-01-19T10:20:00Z,741.79,198.40,0.00299,14
2026-01-19T10:25:00Z,733.85,170.64,0.00221,12
2026-01-19T10:30:00Z,707.87,178.27,0.00123,15
2026-01-19T10:35:00Z,721.25,160.56,0.00176,11
2026-01-19T10:40:00Z,738.95,179.82,0.00189,9
2026-01-19T10:45:00Z,756.51,202.78,0.00388,7
2026-01-19T10:50:00Z,709.67,162.78,0.00260,11
2026-01-19T10:55:00Z,727.55,176.34,0.00273,9
2026-01-19T11:00:00Z,704.21,170.85,0.00053,8
2026-01-19T11:05:00Z,728.78,151.70,0.00221,13
2026-01-19T11:10:00Z,728.67,154.57,0.00189,9
2026-01-19T11:15:00Z,766.39,161.95,0.00288,12
2026-01-19T11:20:00Z,730.42,183.30,0.00197,5
2026-01-19T11:25:00Z,722.82,180.94,0.00163,8
2026-01-19T11:30:00Z,770.40,195.57,0.00075,9
2026-01-19T11:35:00Z,747.29,172.32,0.00242,13
2026-01-19T11:40:00Z,736.52,159.99,0.00139,10
2026-01-19T11:45:00Z,684.11,162.95,0.00229,9
2026-01-19T11:50:00Z,675.57,167.64,0.00201,10
2026-01-19T11:55:00Z,651.85,150.32,0.00140,11
2026-01-19T12:00:00Z,725.99,172.25,0.00221,10
2026-01-19T12:05:00Z,680.25,150.16,0.00143,8
2026-01-19T12:10:00Z,720.33,169.63,0.00164,10
2026-01-19T12:15:00Z,656.22,166.86,0.00045,7
2026-01-19T12:20:00Z,707.47,170.57,0.00214,8
2026-01-19T12:25:00Z,701.31,166.91,0.00209,7
2026-01-19T12:30:00Z,654.34,124.82,0.00187,4
2026-01-19T12:35:00Z,642.61,159.74,0.00160,8
2026-01-19T12:40:00Z,674.20,153.21,0.00147,9
2026-01-19T12:45:00Z,663.90,143.56,0.00126,7
2026-01-19T12:50:00Z,654.34,164.09,0.00042,6
2026-01-19T12:55:00Z,627.30,163.75,0.00164,7
2026-01-19T13:00:00Z,626.51,162.79,0.00335,8
2026-01-19T13:05:00Z,596.20,157.63,0.00106,4
2026-01-19T13:10:00Z,602.59,146.72,0.00170,5
2026-01-19T13:15:00Z,575.31,150.27,0.00087,2
2026-01-19T13:20:00Z,611.83,156.58,0.00200,8
2026-01-19T13:25:00Z,552.60,147.84,0.00115,8
2026-01-19T13:30:00Z,552.02,146.32,0.00168,5
2026-01-19T13:35:00Z,546.99,147.94,0.00228,4
2026-01-19T13:40:00Z,537.41,115.95,0.00115,1
2026-01-19T13:45:00Z,573.32,165.31,0.00178,6
2026-01-19T13:50:00Z,531.09,165.01,0.00104,3
2026-01-19T13:55:00Z,504.53,162.45,0.00330,0
2026-01-19T14:00:00Z,519.98,147.12,0.00143,3
2026-01-19T14:05:00Z,560.17,157.18,0.00090,3
2026-01-19T14:10:00Z,532.99,154.69,0.00249,5
2026-01-19T14:15:00Z,488.85,135.57,0.00157,0
2026-01-19T14:20:00Z,521.39,150.73,0.00095,3
2026-01-19T14:25:00Z,502.81,154.09,0.00146,1
2026-01-19T14:30:00Z,484.45,139.07,0.00148,3
2026-01-19T14:35:00Z,472.86,147.74,0.00206,0
2026-01-19T14:40:00Z,467.17,128.81,0.00108,1
2026-01-19T14:45:00Z,454.18,145.48,0.00146,2
2026-01-19T14:50:00Z,441.76,145.89,0.00046,0
2026-01-19T14:55:00Z,431.07,129.06,0.00084,1
2026-01-19T15:00:00Z,468.12,128.75,0.00018,0
2026-01-19T15:05:00Z,411.94,148.44,0.00197,0
2026-01-19T15:10:00Z,423.99,159.36,0.00218,1
2026-01-19T15:15:00Z,422.67,123.82,0.00085,0
2026-01-19T15:20:00Z,414.62,143.30,0.00049,0
2026-01-19T15:25:00Z,442.14,147.12,0.00112,0
2026-01-19T15:30:00Z,413.03,129.64,0.00205,0
2026-01-19T15:35:00Z,405.06,128.58,0.00261,0
2026-01-19T15:40:00Z,419.58,129.82,0.00066,0
2026-01-19T15:45:00Z,399.70,139.10,0.00253,0
2026-01-19T15:50:00Z,351.77,129.13,0.00134,0
2026-01-19T15:55:00Z,333.05,130.03,0.00176,0
2026-01-19T16:00:00Z,362.93,140.34,0.00120,0
2026-01-19T16:05:00Z,399.77,121.74,0.00156,0
2026-01-19T16:10:00Z,393.68,135.64,0.00144,0
2026-01-19T16:15:00Z,385.44,140.62,0.00087,0
2026-01-19T16:20:00Z,408.51,127.59,0.00053,1
2026-01-19T16:25:00Z,370.10,136.34,0.00029,0
2026-01-19T16:30:00Z,423.93,153.81,0.00228,0
2026-01-19T16:35:00Z,370.00,133.28,0.00208,0
2026-01-19T16:40:00Z,434.84,137.11,0.00054,0
2026-01-19T16:45:00Z,385.39,145.23,0.00146,0
2026-01-19T16:50:00Z,354.66,126.16,0.00130,0
2026-01-19T16:55:00Z,400.46,142.49,0.00102,3
2026-01-19T17:00:00Z,388.33,123.38,0.00048,1
2026-01-19T17:05:00Z,402.86,126.69,0.00222,0
2026-01-19T17:10:00Z,447.70,158.14,0.00198,2
2026-01-19T17:15:00Z,409.57,132.49,0.00100,0
2026-01-19T17:20:00Z,359.15,121.27,0.00174,0
2026-01-19T17:25:00Z,446.02,140.02,0.00100,5
2026-01-19T17:30:00Z,405.94,139.25,0.00088,2
2026-01-19T17:35:00Z,421.41,125.26,0.00147,0
2026-01-19T17:40:00Z,391.14,131.46,0.00125,0
2026-01-19T17:45:00Z,398.02,127.48,0.00140,0
2026-01-19T17:50:00Z,392.45,152.51,0.00135,0
2026-01-19T17:55:00Z,376.47,125.69,0.00165,0
2026-01-19T18:00:00Z,460.26,137.21,0.00119,0
2026-01-19T18:05:00Z,391.81,138.52,0.00095,0
2026-01-19T18:10:00Z,444.50,136.16,0.00190,0
2026-01-19T18:15:00Z,397.14,137.30,0.00182,0
2026-01-19T18:20:00Z,455.43,121.04,0.00124,0
2026-01-19T18:25:00Z,445.12,139.37,0.00066,0
2026-01-19T18:30:00Z,422.52,122.26,0.00158,0
2026-01-19T18:35:00Z,455.43,128.22,0.00040,3
2026-01-19T18:40:00Z,427.48,144.41,0.00227,0
2026-01-19T18:45:00Z,359.16,128.23,0.00139,0
2026-01-19T18:50:00Z,432.85,131.81,0.00119,0
2026-01-19T18:55:00Z,423.04,139.02,0.00212,5
2026-01-19T19:00:00Z,406.91,120.43,0.00052,0
2026-01-19T19:05:00Z,423.10,143.09,0.00094,0
2026-01-19T19:10:00Z,401.58,147.06,0.00163,0
2026-01-19T19:15:00Z,400.68,145.54,0.00103,0
2026-01-19T19:20:00Z,413.27,136.64,0.00122,1
2026-01-19T19:25:00Z,429.63,133.18,0.00342,1
2026-01-19T19:30:00Z,426.83,147.54,0.00117,0
2026-01-19T19:35:00Z,403.39,120.61,0.00168,2
2026-01-19T19:40:00Z,394.78,102.25,0.00186,0
2026-01-19T19:45:00Z,406.53,140.16,0.00194,0
2026-01-19T19:50:00Z,387.52,148.59,0.00114,1
2026-01-19T19:55:00Z,390.60,126.42,0.00218,1
2026-01-19T20:00:00Z,417.84,127.29,0.00138,0
2026-01-19T20:05:00Z,382.06,136.25,0.00145,0
2026-01-19T20:10:00Z,461.27,137.19,0.00316,3
2026-01-19T20:15:00Z,345.78,152.56,0.00158,0
2026-01-19T20:20:00Z,390.32,128.58,0.00247,0
2026-01-19T20:25:00Z,405.45,114.66,0.00210,0
2026-01-19T20:30:00Z,390.62,145.37,0.00116,0
2026-01-19T20:35:00Z,348.93,121.63,0.00141,0
2026-01-19T20:40:00Z,419.59,134.68,0.00212,0
2026-01-19T20:45:00Z,352.94,127.51,0.00082,0
2026-01-19T20:50:00Z,405.77,126.37,0.00214,2
2026-01-19T20:55:00Z,371.79,131.86,0.00121,3
2026-01-19T21:00:00Z,340.89,130.18,0.00244,0
2026-01-19T21:05:00Z,344.86,141.32,0.00064,0
2026-01-19T21:10:00Z,353.62,142.85,0.00159,0
2026-01-19T21:15:00Z,331.22,117.31,0.00096,0
2026-01-19T21:20:00Z,364.08,135.16,0.00224,1
2026-01-19T21:25:00Z,322.01,130.61,0.00058,0
2026-01-19T21:30:00Z,306.16,114.23,0.00194,0
2026-01-19T21:35:00Z,305.21,148.78,0.00276,0
2026-01-19T21:40:00Z,316.29,119.59,0.00034,0
2026-01-19T21:45:00Z,298.77,130.70,0.00085,0
2026-01-19T21:50:00Z,322.83,146.53,0.00103,0
2026-01-19T21:55:00Z,317.82,125.22,0.00065,0
2026-01-19T22:00:00Z,327.92,113.12,0.00253,0
2026-01-19T22:05:00Z,328.22,110.54,0.00128,0
2026-01-19T22:10:00Z,245.30,118.61,0.00189,0
2026-01-19T22:15:00Z,291.63,108.51,0.00209,0
2026-01-19T22:20:00Z,281.71,130.74,0.00189,0
2026-01-19T22:25:00Z,272.83,115.58,0.00318,0
2026-01-19T22:30:00Z,322.18,117.47,0.00129,0
2026-01-19T22:35:00Z,285.15,120.31,0.00078,0
2026-01-19T22:40:00Z,243.62,123.25,0.00108,0
2026-01-19T22:45:00Z,218.58,105.75,0.00128,0
2026-01-19T22:50:00Z,275.48,136.42,0.00121,0
2026-01-19T22:55:00Z,274.71,145.72,0.00150,0
2026-01-19T23:00:00Z,263.91,113.99,0.00025,0
2026-01-19T23:05:00Z,246.22,125.67,0.00070,0
2026-01-19T23:10:00Z,265.02,112.67,0.00140,0
2026-01-19T23:15:00Z,264.23,143.64,0.00293,0
2026-01-19T23:20:00Z,275.73,115.24,0.00096,0
2026-01-19T23:25:00Z,249.14,103.95,0.00000,0
2026-01-19T23:30:00Z,243.11,128.39,0.00174,0
2026-01-19T23:35:00Z,267.13,117.80,0.00196,0
2026-01-19T23:40:00Z,296.35,99.54,0.00227,0
2026-01-19T23:45:00Z,214.39,121.09,0.00105,0
2026-01-19T23:50:00Z,281.15,121.48,0.00195,0
2026-01-19T23:55:00Z,256.75,107.07,0.00268,0
2026-01-20T00:00:00Z,204.92,130.98,0.00218,0
2026-01-20T00:05:00Z,222.64,108.64,0.00077,0
2026-01-20T00:10:00Z,256.56,120.07,0.00125,0
2026-01-20T00:15:00Z,260.03,129.54,0.00248,0
2026-01-20T00:20:00Z,232.22,104.06,0.00211,0
2026-01-20T00:25:00Z,231.43,119.57,0.00054,0
2026-01-20T00:30:00Z,261.79,125.52,0.00191,0
2026-01-20T00:35:00Z,223.76,96.22,0.00135,0
2026-01-20T00:40:00Z,215.50,115.64,0.00182,0
2026-01-20T00:45:00Z,197.41,109.49,0.00224,0
2026-01-20T00:50:00Z,224.69,121.39,0.00179,0
2026-01-20T00:55:00Z,297.11,118.81,0.00174,0
2026-01-20T01:00:00Z,241.68,123.71,0.00269,0
2026-01-20T01:05:00Z,273.16,123.41,0.00133,0
2026-01-20T01:10:00Z,198.38,121.21,0.00236,0
2026-01-20T01:15:00Z,203.23,121.02,0.00270,0
2026-01-20T01:20:00Z,245.83,113.83,0.00105,0
2026-01-20T01:25:00Z,200.80,124.35,0.00087,0
2026-01-20T01:30:00Z,263.22,122.85,0.00190,0
2026-01-20T01:35:00Z,232.53,108.92,0.00077,0
2026-01-20T01:40:00Z,274.64,127.78,0.00095,0
2026-01-20T01:45:00Z,239.93,114.69,0.00177,0
2026-01-20T01:50:00Z,196.35,112.97,0.00154,0
2026-01-20T01:55:00Z,264.53,127.05,0.00093,0
2026-01-20T02:00:00Z,248.31,134.62,0.00130,0
2026-01-20T02:05:00Z,185.85,112.16,0.00112,0
2026-01-20T02:10:00Z,257.26,121.64,0.00121,0
2026-01-20T02:15:00Z,217.96,132.06,0.00019,0
2026-01-20T02:20:00Z,200.02,117.25,0.00114,0
2026-01-20T02:25:00Z,216.95,122.93,0.00125,0
2026-01-20T02:30:00Z,213.56,102.74,0.00038,0
2026-01-20T02:35:00Z,246.54,117.33,0.00242,0
2026-01-20T02:40:00Z,228.04,111.72,0.00044,0
2026-01-20T02:45:00Z,223.63,108.43,0.00191,0
2026-01-20T02:50:00Z,217.44,116.64,0.00106,0
2026-01-20T02:55:00Z,244.66,129.77,0.00132,0
2026-01-20T03:00:00Z,192.39,132.02,0.00093,0
2026-01-20T03:05:00Z,270.50,132.11,0.00113,0
2026-01-20T03:10:00Z,229.18,123.02,0.00169,0
2026-01-20T03:15:00Z,233.46,118.08,0.00008,0
2026-01-20T03:20:00Z,221.38,135.53,0.00150,0
2026-01-20T03:25:00Z,258.64,117.15,0.00155,0
2026-01-20T03:30:00Z,268.09,116.27,0.00198,0
2026-01-20T03:35:00Z,237.02,138.98,0.00115,0
2026-01-20T03:40:00Z,234.88,127.21,0.00180,0
2026-01-20T03:45:00Z,223.34,92.47,0.00130,0
2026-01-20T03:50:00Z,255.01,128.66,0.00072,0
2026-01-20T03:55:00Z,233.70,125.52,0.00107,0
2026-01-20T04:00:00Z,278.17,135.04,0.00125,0
2026-01-20T04:05:00Z,280.43,123.72,0.00240,0
2026-01-20T04:10:00Z,283.19,117.73,0.00048,0
2026-01-20T04:15:00Z,302.31,107.18,0.00255,0
2026-01-20T04:20:00Z,238.63,121.95,0.00263,0
2026-01-20T04:25:00Z,261.66,133.84,0.00077,0
2026-01-20T04:30:00Z,312.32,136.75,0.00144,0
2026-01-20T04:35:00Z,258.18,117.02,0.00172,0
2026-01-20T04:40:00Z,305.61,117.75,0.00182,0
2026-01-20T04:45:00Z,293.75,132.22,0.00155,0
2026-01-20T04:50:00Z,262.10,125.65,0.00000,0
2026-01-20T04:55:00Z,285.38,123.29,0.00163,0
2026-01-20T05:00:00Z,241.03,110.58,0.00034,0
2026-01-20T05:05:00Z,307.33,129.09,0.00133,0
2026-01-20T05:10:00Z,275.00,118.98,0.00112,0
2026-01-20T05:15:00Z,308.58,127.80,0.00190,0
2026-01-20T05:20:00Z,358.10,117.24,0.00253,0
2026-01-20T05:25:00Z,312.82,120.81,0.00309,0
2026-01-20T05:30:00Z,306.01,139.78,0.00088,0
2026-01-20T05:35:00Z,314.80,112.68,0.00113,0
2026-01-20T05:40:00Z,328.47,118.87,0.00194,0
2026-01-20T05:45:00Z,337.87,112.41,0.00261,0
2026-01-20T05:50:00Z,363.65,143.12,0.00239,2
2026-01-20T05:55:00Z,347.61,121.38,0.00103,0
2026-01-20T06:00:00Z,300.69,133.43,0.00148,0
2026-01-20T06:05:00Z,345.12,128.94,0.00241,0
2026-01-20T06:10:00Z,353.54,168.34,0.00229,0
2026-01-20T06:15:00Z,390.71,126.79,0.00000,0
2026-01-20T06:20:00Z,346.28,107.37,0.00211,0
2026-01-20T06:25:00Z,376.38,127.29,0.00059,0
2026-01-20T06:30:00Z,354.93,139.95,0.00141,0
2026-01-20T06:35:00Z,342.66,120.59,0.00225,0
2026-01-20T06:40:00Z,372.21,129.78,0.00218,0
2026-01-20T06:45:00Z,432.18,164.74,0.00165,0
2026-01-20T06:50:00Z,411.39,156.19,0.00152,0
2026-01-20T06:55:00Z,442.86,146.16,0.00107,0
2026-01-20T07:00:00Z,479.46,127.79,0.00147,3
2026-01-20T07:05:00Z,422.22,145.31,0.00119,0
2026-01-20T07:10:00Z,433.15,142.80,0.00133,1
2026-01-20T07:15:00Z,459.85,116.09,0.00159,3
2026-01-20T07:20:00Z,447.18,163.39,0.00218,0
2026-01-20T07:25:00Z,433.74,147.85,0.00104,0
2026-01-20T07:30:00Z,502.95,159.09,0.00013,0
2026-01-20T07:35:00Z,455.84,136.43,0.00018,0
2026-01-20T07:40:00Z,485.74,155.80,0.00055,0
2026-01-20T07:45:00Z,490.32,133.61,0.00160,4
2026-01-20T07:50:00Z,476.99,123.09,0.00229,5
2026-01-20T07:55:00Z,530.18,146.90,0.00169,2
2026-01-20T08:00:00Z,531.48,160.64,0.00232,5
2026-01-20T08:05:00Z,543.41,154.04,0.00199,5
2026-01-20T08:10:00Z,489.43,142.83,0.00191,3
2026-01-20T08:15:00Z,550.02,131.28,0.00116,4
2026-01-20T08:20:00Z,589.54,157.26,0.00182,6
2026-01-20T08:25:00Z,540.91,138.15,0.00299,0
2026-01-20T08:30:00Z,567.11,154.25,0.00125,0
2026-01-20T08:35:00Z,582.92,164.19,0.00242,5
2026-01-20T08:40:00Z,558.64,142.34,0.00292,5
2026-01-20T08:45:00Z,602.57,132.68,0.00079,5
2026-01-20T08:50:00Z,594.23,170.37,0.00136,1
2026-01-20T08:55:00Z,621.03,156.78,0.00122,9
2026-01-20T09:00:00Z,638.59,153.58,0.00120,3
2026-01-20T09:05:00Z,640.75,163.91,0.00116,5
2026-01-20T09:10:00Z,652.90,151.64,0.00229,6
2026-01-20T09:15:00Z,619.35,152.50,0.00150,8
2026-01-20T09:20:00Z,706.64,170.20,0.00145,7
2026-01-20T09:25:00Z,711.75,176.53,0.00331,11
2026-01-20T09:30:00Z,672.88,152.19,0.00229,8
2026-01-20T09:35:00Z,722.60,183.54,0.00273,10
2026-01-20T09:40:00Z,714.26,195.29,0.00095,12
2026-01-20T09:45:00Z,734.68,177.18,0.00148,9
2026-01-20T09:50:00Z,800.45,185.81,0.00254,15
2026-01-20T09:55:00Z,771.95,183.18,0.00456,6
2026-01-20T10:00:00Z,828.19,176.69,0.00402,11
2026-01-20T10:05:00Z,783.60,169.04,0.00338,11
2026-01-20T10:10:00Z,813.33,191.72,0.00368,14
2026-01-20T10:15:00Z,857.70,186.00,0.00208,12
2026-01-20T10:20:00Z,837.34,177.58,0.00317,11
2026-01-20T10:25:00Z,827.72,178.72,0.00321,7
2026-01-20T10:30:00Z,818.77,172.92,0.00235,12
2026-01-20T10:35:00Z,738.57,158.09,0.00344,14
2026-01-20T10:40:00Z,803.04,164.90,0.00169,17
2026-01-20T10:45:00Z,773.58,164.72,0.00351,13
2026-01-20T10:50:00Z,792.91,165.38,0.00332,7
2026-01-20T10:55:00Z,709.08,164.22,0.00118,6
2026-01-20T11:00:00Z,746.02,184.95,0.00295,9
2026-01-20T11:05:00Z,721.71,149.62,0.00317,11
2026-01-20T11:10:00Z,691.52,170.09,0.00121,9
2026-01-20T11:15:00Z,710.96,170.46,0.00288,7
2026-01-20T11:20:00Z,707.61,162.07,0.00250,12
2026-01-20T11:25:00Z,732.24,158.01,0.00239,10
2026-01-20T11:30:00Z,680.85,176.51,0.00139,8
2026-01-20T11:35:00Z,682.17,165.92,0.00309,12
2026-01-20T11:40:00Z,734.94,164.59,0.00296,9
2026-01-20T11:45:00Z,691.21,168.25,0.00319,9
2026-01-20T11:50:00Z,684.11,170.17,0.00254,8
2026-01-20T11:55:00Z,698.74,160.43,0.00267,9
2026-01-20T12:00:00Z,663.94,159.27,0.00151,8
2026-01-20T12:05:00Z,670.11,160.71,0.00172,6
2026-01-20T12:10:00Z,675.28,159.30,0.00140,7
2026-01-20T12:15:00Z,665.18,165.48,0.00128,6
2026-01-20T12:20:00Z,670.16,169.62,0.00158,6
2026-01-20T12:25:00Z,673.61,148.60,0.00113,10
2026-01-20T12:30:00Z,685.80,167.21,0.00172,9
2026-01-20T12:35:00Z,658.20,140.74,0.00182,7
2026-01-20T12:40:00Z,627.86,142.20,0.00149,2
2026-01-20T12:45:00Z,669.70,148.45,0.00198,8
2026-01-20T12:50:00Z,653.19,162.87,0.00210,8
2026-01-20T12:55:00Z,604.08,168.88,0.00241,7
2026-01-20T13:00:00Z,631.06,159.63,0.00145,9
2026-01-20T13:05:00Z,628.18,170.71,0.00018,3
2026-01-20T13:10:00Z,628.33,164.10,0.00176,6
2026-01-20T13:15:00Z,598.54,179.26,0.00144,8
2026-01-20T13:20:00Z,604.53,149.90,0.00101,8
2026-01-20T13:25:00Z,577.97,155.48,0.00104,6
2026-01-20T13:30:00Z,581.47,139.93,0.00318,4
2026-01-20T13:35:00Z,552.22,150.15,0.00134,2
2026-01-20T13:40:00Z,566.09,134.49,0.00126,5
2026-01-20T13:45:00Z,515.55,136.27,0.00081,1
2026-01-20T13:50:00Z,576.50,162.21,0.00112,2
2026-01-20T13:55:00Z,519.39,136.80,0.00104,1
2026-01-20T14:00:00Z,495.67,133.07,0.00080,6
2026-01-20T14:05:00Z,490.12,141.99,0.00095,0
2026-01-20T14:10:00Z,481.21,138.49,0.00194,3
2026-01-20T14:15:00Z,544.87,150.80,0.00133,5
2026-01-20T14:20:00Z,460.37,130.42,0.00227,3
2026-01-20T14:25:00Z,479.10,144.58,0.00097,0
2026-01-20T14:30:00Z,472.58,146.80,0.00203,0
2026-01-20T14:35:00Z,509.34,139.24,0.00167,9
2026-01-20T14:40:00Z,458.97,151.34,0.00128,3
2026-01-20T14:45:00Z,441.85,129.79,0.00181,1
2026-01-20T14:50:00Z,436.49,142.65,0.00082,0
2026-01-20T14:55:00Z,484.10,146.11,0.00128,3
2026-01-20T15:00:00Z,471.29,145.09,0.00000,1
2026-01-20T15:05:00Z,420.78,135.68,0.00219,2
2026-01-20T15:10:00Z,470.33,152.02,0.00230,0
2026-01-20T15:15:00Z,424.38,141.40,0.00204,3
2026-01-20T15:20:00Z,389.36,129.99,0.00086,0
2026-01-20T15:25:00Z,401.43,140.60,0.00133,0
2026-01-20T15:30:00Z,371.90,140.25,0.00210,0
2026-01-20T15:35:00Z,454.66,161.45,0.00284,0
2026-01-20T15:40:00Z,442.45,128.16,0.00051,2
2026-01-20T15:45:00Z,422.40,140.87,0.00276,2
2026-01-20T15:50:00Z,418.70,118.32,0.00179,0
2026-01-20T15:55:00Z,416.73,136.86,0.00081,2
2026-01-20T16:00:00Z,416.30,125.13,0.00167,0
2026-01-20T16:05:00Z,405.12,127.70,0.00279,0
2026-01-20T16:10:00Z,429.06,146.52,0.00216,3
2026-01-20T16:15:00Z,392.70,132.56,0.00259,0
2026-01-20T16:20:00Z,356.14,127.19,0.00086,0
2026-01-20T16:25:00Z,322.26,135.05,0.00191,0
2026-01-20T16:30:00Z,414.61,140.95,0.00072,1
2026-01-20T16:35:00Z,400.83,138.47,0.00109,0
2026-01-20T16:40:00Z,362.11,129.78,0.00196,0
2026-01-20T16:45:00Z,350.46,144.18,0.00030,0
2026-01-20T16:50:00Z,404.34,143.38,0.00157,0
2026-01-20T16:55:00Z,397.25,153.76,0.00082,0
2026-01-20T17:00:00Z,440.39,132.60,0.00102,2
2026-01-20T17:05:00Z,434.32,154.10,0.00105,3
2026-01-20T17:10:00Z,425.12,156.80,0.00227,3
2026-01-20T17:15:00Z,422.63,151.71,0.00107,2
2026-01-20T17:20:00Z,372.95,135.50,0.00170,0
2026-01-20T17:25:00Z,408.33,137.28,0.00027,0
2026-01-20T17:30:00Z,430.73,132.54,0.00058,0
2026-01-20T17:35:00Z,428.90,149.47,0.00179,1
2026-01-20T17:40:00Z,430.04,142.31,0.00094,2
2026-01-20T17:45:00Z,421.54,128.83,0.00201,0
2026-01-20T17:50:00Z,381.29,120.06,0.00153,4
2026-01-20T17:55:00Z,433.14,138.65,0.00121,0
2026-01-20T18:00:00Z,437.63,132.64,0.00132,0
2026-01-20T18:05:00Z,414.86,128.42,0.00180,2
2026-01-20T18:10:00Z,374.67,128.89,0.00185,0
2026-01-20T18:15:00Z,410.42,136.80,0.00169,0
2026-01-20T18:20:00Z,392.63,141.70,0.00309,2
2026-01-20T18:25:00Z,407.67,134.84,0.00240,0
2026-01-20T18:30:00Z,453.80,146.54,0.00280,0
2026-01-20T18:35:00Z,362.78,124.06,0.00214,0
2026-01-20T18:40:00Z,376.25,137.23,0.00115,0
2026-01-20T18:45:00Z,465.63,139.83,0.00249,0
2026-01-20T18:50:00Z,398.43,139.29,0.00248,0
2026-01-20T18:55:00Z,443.75,153.68,0.00109,0
2026-01-20T19:00:00Z,457.28,147.68,0.00140,0
2026-01-20T19:05:00Z,434.54,141.78,0.00297,0
2026-01-20T19:10:00Z,445.65,150.45,0.00153,2
2026-01-20T19:15:00Z,408.04,138.64,0.00206,0
2026-01-20T19:20:00Z,408.93,136.49,0.00112,2
2026-01-20T19:25:00Z,410.24,143.07,0.00170,0
2026-01-20T19:30:00Z,443.92,117.10,0.00190,2
2026-01-20T19:35:00Z,375.77,135.34,0.00232,3
2026-01-20T19:40:00Z,330.95,103.47,0.00146,0
2026-01-20T19:45:00Z,399.22,154.42,0.00371,0
2026-01-20T19:50:00Z,410.40,147.57,0.00216,0
2026-01-20T19:55:00Z,361.94,134.63,0.00130,0
2026-01-20T20:00:00Z,372.56,128.04,0.00272,0
2026-01-20T20:05:00Z,390.29,116.78,0.00128,0
2026-01-20T20:10:00Z,390.84,146.64,0.00303,0
2026-01-20T20:15:00Z,361.00,125.74,0.00174,0
2026-01-20T20:20:00Z,334.54,122.98,0.00184,0
2026-01-20T20:25:00Z,362.13,139.71,0.00138,0
2026-01-20T20:30:00Z,404.62,118.32,0.00224,0
2026-01-20T20:35:00Z,414.11,128.34,0.00073,0
2026-01-20T20:40:00Z,372.97,128.56,0.00227,0
2026-01-20T20:45:00Z,353.82,121.41,0.00197,1
2026-01-20T20:50:00Z,351.48,136.97,0.00054,0
2026-01-20T20:55:00Z,329.93,127.88,0.00132,0
2026-01-20T21:00:00Z,330.36,137.30,0.00169,0
2026-01-20T21:05:00Z,349.40,151.31,0.00060,0
2026-01-20T21:10:00Z,347.63,138.16,0.00146,0
2026-01-20T21:15:00Z,320.05,124.12,0.00045,0
2026-01-20T21:20:00Z,338.58,145.26,0.00195,0
2026-01-20T21:25:00Z,313.87,121.18,0.00123,0
2026-01-20T21:30:00Z,316.80,122.46,0.00169,0
2026-01-20T21:35:00Z,331.15,137.95,0.00241,0
2026-01-20T21:40:00Z,337.55,136.28,0.00120,0
2026-01-20T21:45:00Z,307.74,108.10,0.00137,0
2026-01-20T21:50:00Z,324.91,135.20,0.00153,0
2026-01-20T21:55:00Z,312.07,128.10,0.00090,0
2026-01-20T22:00:00Z,315.00,135.58,0.00178,0
2026-01-20T22:05:00Z,269.42,123.58,0.00147,0
2026-01-20T22:10:00Z,267.56,115.20,0.00211,0
2026-01-20T22:15:00Z,280.02,113.79,0.00320,0
2026-01-20T22:20:00Z,267.41,112.83,0.00106,0
2026-01-20T22:25:00Z,288.37,117.27,0.00149,0
2026-01-20T22:30:00Z,262.05,139.03,0.00152,0
2026-01-20T22:35:00Z,277.55,112.97,0.00111,0
2026-01-20T22:40:00Z,243.55,124.21,0.00106,0
2026-01-20T22:45:00Z,272.21,113.39,0.00220,0
2026-01-20T22:50:00Z,267.81,144.89,0.00085,0
2026-01-20T22:55:00Z,284.88,128.90,0.00135,0
2026-01-20T23:00:00Z,246.20,118.69,0.00096,0
2026-01-20T23:05:00Z,293.21,130.84,0.00101,0
2026-01-20T23:10:00Z,277.10,118.25,0.00079,1
2026-01-20T23:15:00Z,226.96,112.69,0.00219,0
2026-01-20T23:20:00Z,291.70,150.82,0.00232,0
2026-01-20T23:25:00Z,220.32,128.24,0.00104,0
2026-01-20T23:30:00Z,234.76,122.69,0.00009,0
2026-01-20T23:35:00Z,252.42,114.40,0.00295,0
2026-01-20T23:40:00Z,274.03,116.62,0.00299,0
2026-01-20T23:45:00Z,282.40,122.30,0.00224,0
2026-01-20T23:50:00Z,258.93,121.57,0.00149,0
2026-01-20T23:55:00Z,217.16,124.56,0.00221,0
2026-01-21T00:00:00Z,275.63,121.47,0.00196,0
2026-01-21T00:05:00Z,238.71,131.10,0.00231,0
2026-01-21T00:10:00Z,206.99,102.12,0.00170,0
2026-01-21T00:15:00Z,207.26,128.41,0.00103,0
2026-01-21T00:20:00Z,226.15,116.19,0.00192,0
2026-01-21T00:25:00Z,236.06,107.91,0.00131,0
2026-01-21T00:30:00Z,199.64,103.29,0.00209,0
2026-01-21T00:35:00Z,240.84,114.64,0.00137,0
2026-01-21T00:40:00Z,175.59,117.16,0.00220,0
2026-01-21T00:45:00Z,231.84,112.42,0.00086,0
2026-01-21T00:50:00Z,204.30,109.81,0.00099,0
2026-01-21T00:55:00Z,211.25,113.18,0.00125,0
2026-01-21T01:00:00Z,230.77,111.27,0.00169,0
2026-01-21T01:05:00Z,246.99,151.03,0.00276,0
2026-01-21T01:10:00Z,267.74,106.92,0.00097,0
2026-01-21T01:15:00Z,246.44,134.55,0.00132,0
2026-01-21T01:20:00Z,215.21,140.72,0.00089,0
2026-01-21T01:25:00Z,224.39,115.75,0.00106,0
2026-01-21T01:30:00Z,233.97,129.79,0.00059,0
2026-01-21T01:35:00Z,253.10,107.65,0.00103,0
2026-01-21T01:40:00Z,214.65,115.04,0.00196,0
2026-01-21T01:45:00Z,233.38,119.76,0.00190,0
2026-01-21T01:50:00Z,241.53,136.26,0.00175,0
2026-01-21T01:55:00Z,217.89,95.95,0.00156,0
2026-01-21T02:00:00Z,197.30,103.34,0.00241,0
2026-01-21T02:05:00Z,205.80,125.49,0.00227,0
2026-01-21T02:10:00Z,226.56,117.93,0.00252,0
2026-01-21T02:15:00Z,217.21,127.74,0.00224,0
2026-01-21T02:20:00Z,276.81,106.71,0.00281,0
2026-01-21T02:25:00Z,202.18,106.26,0.00000,0
2026-01-21T02:30:00Z,229.33,136.81,0.00191,0
2026-01-21T02:35:00Z,246.42,134.12,0.00000,0
2026-01-21T02:40:00Z,213.83,118.08,0.00186,0
2026-01-21T02:45:00Z,261.80,118.40,0.00172,0
2026-01-21T02:50:00Z,265.70,131.63,0.00058,0
2026-01-21T02:55:00Z,264.89,121.00,0.00105,0
2026-01-21T03:00:00Z,250.04,119.77,0.00159,0
2026-01-21T03:05:00Z,284.37,135.05,0.00083,0
2026-01-21T03:10:00Z,233.26,122.90,0.00064,0
2026-01-21T03:15:00Z,204.07,130.93,0.00119,0
2026-01-21T03:20:00Z,239.91,122.67,0.00095,0
2026-01-21T03:25:00Z,296.42,106.58,0.00190,0
2026-01-21T03:30:00Z,197.53,122.86,0.00180,0
2026-01-21T03:35:00Z,240.44,109.86,0.00051,0
2026-01-21T03:40:00Z,279.56,98.51,0.00193,0
2026-01-21T03:45:00Z,224.66,111.28,0.00140,0
2026-01-21T03:50:00Z,251.44,106.63,0.00099,0
2026-01-21T03:55:00Z,241.20,133.36,0.00156,0
2026-01-21T04:00:00Z,288.48,124.93,0.00248,0
2026-01-21T04:05:00Z,273.56,131.21,0.00075,0
2026-01-21T04:10:00Z,246.09,108.18,0.00151,0
2026-01-21T04:15:00Z,274.27,134.15,0.00242,0
2026-01-21T04:20:00Z,273.23,122.40,0.00089,0
2026-01-21T04:25:00Z,231.36,119.05,0.00302,0
2026-01-21T04:30:00Z,276.75,121.19,0.00087,0
2026-01-21T04:35:00Z,252.04,113.39,0.00212,0
2026-01-21T04:40:00Z,252.53,106.65,0.00099,0
2026-01-21T04:45:00Z,239.00,126.13,0.00160,0
2026-01-21T04:50:00Z,279.75,145.09,0.00180,0
2026-01-21T04:55:00Z,291.48,110.04,0.00105,0
2026-01-21T05:00:00Z,319.10,122.10,0.00307,0
2026-01-21T05:05:00Z,271.83,108.91,0.00243,0
2026-01-21T05:10:00Z,296.98,126.01,0.00171,0
2026-01-21T05:15:00Z,325.37,111.01,0.00071,0
2026-01-21T05:20:00Z,291.21,120.57,0.00033,0
2026-01-21T05:25:00Z,337.71,123.51,0.00189,0
2026-01-21T05:30:00Z,326.22,115.17,0.00227,0
2026-01-21T05:35:00Z,332.21,143.15,0.00193,0
2026-01-21T05:40:00Z,316.11,126.24,0.00195,0
2026-01-21T05:45:00Z,349.28,148.91,0.00141,0
2026-01-21T05:50:00Z,342.71,105.83,0.00000,0
2026-01-21T05:55:00Z,357.06,131.33,0.00213,0
2026-01-21T06:00:00Z,367.09,139.83,0.00295,0
2026-01-21T06:05:00Z,334.33,111.12,0.00188,0
2026-01-21T06:10:00Z,365.08,134.47,0.00123,0
2026-01-21T06:15:00Z,361.20,133.21,0.00222,1
2026-01-21T06:20:00Z,380.48,142.00,0.00045,0
2026-01-21T06:25:00Z,393.52,141.82,0.00121,0
2026-01-21T06:30:00Z,416.47,137.58,0.00188,2
2026-01-21T06:35:00Z,373.82,104.99,0.00267,0
2026-01-21T06:40:00Z,378.60,139.21,0.00188,0
2026-01-21T06:45:00Z,420.66,133.33,0.00108,0
2026-01-21T06:50:00Z,406.84,139.12,0.00095,0
2026-01-21T06:55:00Z,379.30,125.69,0.00231,0
2026-01-21T07:00:00Z,396.55,137.00,0.00165,4
2026-01-21T07:05:00Z,431.21,127.87,0.00063,2
2026-01-21T07:10:00Z,434.50,143.51,0.00222,2
2026-01-21T07:15:00Z,399.79,111.70,0.00096,0
2026-01-21T07:20:00Z,459.40,135.59,0.00071,1
2026-01-21T07:25:00Z,464.42,149.51,0.00119,3
2026-01-21T07:30:00Z,528.04,148.87,0.00137,1
2026-01-21T07:35:00Z,457.48,153.15,0.00157,3
2026-01-21T07:40:00Z,503.96,137.26,0.00176,4
2026-01-21T07:45:00Z,478.39,128.94,0.00101,1
2026-01-21T07:50:00Z,519.47,156.61,0.00148,0
2026-01-21T07:55:00Z,481.08,154.15,0.00207,0
2026-01-21T08:00:00Z,525.08,128.54,0.00037,2
2026-01-21T08:05:00Z,521.51,143.83,0.00151,2
2026-01-21T08:10:00Z,561.57,153.99,0.00158,4
2026-01-21T08:15:00Z,522.82,138.65,0.00151,3
2026-01-21T08:20:00Z,569.57,147.90,0.00008,8
2026-01-21T08:25:00Z,541.57,151.95,0.00185,4
2026-01-21T08:30:00Z,545.13,137.15,0.00278,3
2026-01-21T08:35:00Z,592.31,153.31,0.00270,4
2026-01-21T08:40:00Z,574.91,146.93,0.00159,6
2026-01-21T08:45:00Z,588.65,158.49,0.00074,4
2026-01-21T08:50:00Z,589.59,148.03,0.00189,6
2026-01-21T08:55:00Z,623.40,161.33,0.00108,4
2026-01-21T09:00:00Z,613.26,155.79,0.00095,2
2026-01-21T09:05:00Z,644.17,169.34,0.00189,7
2026-01-21T09:10:00Z,616.67,143.47,0.00150,5
2026-01-21T09:15:00Z,681.04,162.07,0.00216,7
2026-01-21T09:20:00Z,675.81,160.87,0.00181,8
2026-01-21T09:25:00Z,603.43,161.96,0.00040,7
2026-01-21T09:30:00Z,662.12,169.50,0.00176,5
2026-01-21T09:35:00Z,675.94,172.60,0.00274,5
2026-01-21T09:40:00Z,696.81,157.73,0.00198,8
2026-01-21T09:45:00Z,674.68,164.31,0.00236,8
2026-01-21T09:50:00Z,686.54,179.17,0.00215,4
2026-01-21T09:55:00Z,666.42,167.35,0.00154,5
2026-01-21T10:00:00Z,723.37,164.43,0.00351,9
2026-01-21T10:05:00Z,709.25,154.45,0.00130,9
2026-01-21T10:10:00Z,699.44,168.12,0.00268,8
2026-01-21T10:15:00Z,666.19,158.84,0.00085,7
2026-01-21T10:20:00Z,767.22,181.73,0.00231,10
2026-01-21T10:25:00Z,741.17,172.65,0.00168,9
2026-01-21T10:30:00Z,728.97,180.22,0.00050,8
2026-01-21T10:35:00Z,751.21,161.58,0.00260,9
2026-01-21T10:40:00Z,732.06,182.86,0.00137,8
2026-01-21T10:45:00Z,741.72,159.78,0.00206,9
2026-01-21T10:50:00Z,742.21,172.02,0.00329,11
2026-01-21T10:55:00Z,728.79,181.35,0.00266,10
2026-01-21T11:00:00Z,757.44,173.43,0.00334,11
2026-01-21T11:05:00Z,728.01,182.74,0.00270,8
2026-01-21T11:10:00Z,741.01,178.37,0.00166,9
2026-01-21T11:15:00Z,712.25,142.20,0.00227,9
2026-01-21T11:20:00Z,721.63,184.56,0.00161,6
2026-01-21T11:25:00Z,732.06,182.46,0.00271,10
2026-01-21T11:30:00Z,732.25,171.36,0.00293,12
2026-01-21T11:35:00Z,742.59,171.57,0.00228,11
2026-01-21T11:40:00Z,712.66,186.93,0.00147,6
2026-01-21T11:45:00Z,721.72,175.20,0.00250,11
2026-01-21T11:50:00Z,699.64,159.13,0.00112,8
2026-01-21T11:55:00Z,722.60,177.79,0.00227,8
2026-01-21T12:00:00Z,706.24,158.38,0.00217,9
2026-01-21T12:05:00Z,678.01,176.90,0.00126,9
2026-01-21T12:10:00Z,709.40,149.44,0.00203,13
2026-01-21T12:15:00Z,686.69,182.04,0.00200,9
2026-01-21T12:20:00Z,635.54,153.92,0.00164,10
2026-01-21T12:25:00Z,698.20,166.21,0.00132,7
2026-01-21T12:30:00Z,658.61,162.64,0.00197,7
2026-01-21T12:35:00Z,684.54,160.53,0.00160,6
2026-01-21T12:40:00Z,638.33,170.17,0.00086,3
2026-01-21T12:45:00Z,661.22,173.85,0.00251,5
2026-01-21T12:50:00Z,608.71,147.35,0.00026,10
2026-01-21T12:55:00Z,641.47,145.18,0.00173,4
2026-01-21T13:00:00Z,620.06,160.20,0.00116,8
2026-01-21T13:05:00Z,606.84,174.53,0.00054,8
2026-01-21T13:10:00Z,659.00,173.99,0.00237,6
2026-01-21T13:15:00Z,614.87,148.14,0.00147,10
2026-01-21T13:20:00Z,620.37,166.48,0.00270,4
2026-01-21T13:25:00Z,579.83,125.35,0.00198,5
2026-01-21T13:30:00Z,578.50,141.70,0.00113,7
2026-01-21T13:35:00Z,605.33,164.13,0.00218,4
2026-01-21T13:40:00Z,556.67,155.17,0.00226,1
2026-01-21T13:45:00Z,552.52,156.22,0.00095,3
2026-01-21T13:50:00Z,533.83,149.75,0.00036,5
2026-01-21T13:55:00Z,522.43,151.48,0.00067,4
2026-01-21T14:00:00Z,545.92,148.69,0.00093,3
2026-01-21T14:05:00Z,524.82,146.84,0.00313,6
2026-01-21T14:10:00Z,508.46,145.87,0.00229,2
2026-01-21T14:15:00Z,472.26,130.65,0.00184,0
2026-01-21T14:20:00Z,504.03,133.83,0.00179,1
2026-01-21T14:25:00Z,453.49,139.53,0.00299,2
2026-01-21T14:30:00Z,463.12,147.51,0.00212,0
2026-01-21T14:35:00Z,470.88,136.48,0.00131,3
2026-01-21T14:40:00Z,506.78,139.75,0.00121,1
2026-01-21T14:45:00Z,498.43,162.57,0.00241,2
2026-01-21T14:50:00Z,420.98,112.43,0.00195,0
2026-01-21T14:55:00Z,434.33,126.58,0.00141,1
2026-01-21T15:00:00Z,452.21,152.56,0.00269,0
2026-01-21T15:05:00Z,424.24,117.35,0.00128,1
2026-01-21T15:10:00Z,436.47,137.52,0.00087,0
2026-01-21T15:15:00Z,371.68,134.74,0.00171,0
2026-01-21T15:20:00Z,432.87,138.16,0.00088,0
2026-01-21T15:25:00Z,464.80,129.32,0.00270,2
2026-01-21T15:30:00Z,396.46,135.33,0.00117,0
2026-01-21T15:35:00Z,403.43,155.95,0.00000,0
2026-01-21T15:40:00Z,458.53,143.16,0.00167,4
2026-01-21T15:45:00Z,374.49,131.63,0.00110,0
2026-01-21T15:50:00Z,401.77,129.01,0.00225,0
2026-01-21T15:55:00Z,412.18,141.94,0.00252,0
2026-01-21T16:00:00Z,410.04,143.75,0.00122,0
2026-01-21T16:05:00Z,429.36,130.43,0.00055,0
2026-01-21T16:10:00Z,388.39,134.49,0.00142,0
2026-01-21T16:15:00Z,440.17,131.51,0.00066,1
2026-01-21T16:20:00Z,387.19,146.36,0.00129,0
2026-01-21T16:25:00Z,419.29,151.05,0.00102,0
2026-01-21T16:30:00Z,389.37,144.98,0.00064,0
2026-01-21T16:35:00Z,426.99,118.91,0.00231,0
2026-01-21T16:40:00Z,380.33,148.06,0.00144,0
2026-01-21T16:45:00Z,382.34,150.39,0.00096,0
2026-01-21T16:50:00Z,437.15,119.26,0.00061,0
2026-01-21T16:55:00Z,373.37,124.09,0.00139,0
2026-01-21T17:00:00Z,373.88,134.58,0.00006,1
2026-01-21T17:05:00Z,432.69,131.78,0.00161,0
2026-01-21T17:10:00Z,405.66,145.06,0.00208,2
2026-01-21T17:15:00Z,388.04,161.53,0.00131,0
2026-01-21T17:20:00Z,366.56,144.91,0.00155,0
2026-01-21T17:25:00Z,419.90,138.42,0.00099,0
2026-01-21T17:30:00Z,428.20,134.96,0.00111,0
2026-01-21T17:35:00Z,385.97,133.21,0.00053,2
2026-01-21T17:40:00Z,436.44,122.01,0.00051,6
2026-01-21T17:45:00Z,430.52,145.81,0.00168,0
2026-01-21T17:50:00Z,425.87,137.89,0.00099,0
2026-01-21T17:55:00Z,422.13,119.72,0.00072,1
2026-01-21T18:00:00Z,423.97,135.92,0.00167,1
2026-01-21T18:05:00Z,412.99,139.53,0.00201,0
2026-01-21T18:10:00Z,412.03,128.03,0.00159,0
2026-01-21T18:15:00Z,425.61,134.50,0.00187,0
2026-01-21T18:20:00Z,382.76,129.67,0.00129,0
2026-01-21T18:25:00Z,438.71,136.81,0.00116,2
2026-01-21T18:30:00Z,439.67,133.41,0.00133,2
2026-01-21T18:35:00Z,414.13,140.06,0.00052,2
2026-01-21T18:40:00Z,448.43,138.12,0.00043,0
2026-01-21T18:45:00Z,437.81,135.07,0.00192,0
2026-01-21T18:50:00Z,411.72,135.61,0.00171,0
2026-01-21T18:55:00Z,427.22,137.38,0.00172,3
2026-01-21T19:00:00Z,442.77,136.72,0.00098,0
2026-01-21T19:05:00Z,445.99,136.16,0.00145,0
2026-01-21T19:10:00Z,434.75,148.75,0.00099,1
2026-01-21T19:15:00Z,414.78,149.76,0.00192,0
2026-01-21T19:20:00Z,428.46,121.71,0.00160,0
2026-01-21T19:25:00Z,405.92,114.41,0.00113,0
2026-01-21T19:30:00Z,401.71,133.42,0.00079,0
2026-01-21T19:35:00Z,383.84,146.17,0.00146,0
2026-01-21T19:40:00Z,409.64,131.50,0.00107,0
2026-01-21T19:45:00Z,408.87,143.71,0.00104,0
2026-01-21T19:50:00Z,416.24,140.71,0.00243,2
2026-01-21T19:55:00Z,392.74,144.36,0.00165,0
2026-01-21T20:00:00Z,401.17,138.88,0.00088,0
2026-01-21T20:05:00Z,393.89,146.22,0.00250,0
2026-01-21T20:10:00Z,357.22,123.45,0.00153,0
2026-01-21T20:15:00Z,418.41,142.31,0.00262,0
2026-01-21T20:20:00Z,387.89,142.70,0.00031,0
2026-01-21T20:25:00Z,348.00,132.76,0.00187,0
2026-01-21T20:30:00Z,369.57,130.44,0.00191,0
2026-01-21T20:35:00Z,333.10,120.64,0.00061,1
2026-01-21T20:40:00Z,382.64,103.44,0.00000,0
2026-01-21T20:45:00Z,373.06,137.11,0.00081,0
2026-01-21T20:50:00Z,327.16,133.89,0.00055,0
2026-01-21T20:55:00Z,362.81,143.32,0.00161,0
2026-01-21T21:00:00Z,351.84,124.12,0.00269,0
2026-01-21T21:05:00Z,327.17,114.30,0.00203,0
2026-01-21T21:10:00Z,361.07,109.10,0.00074,0
2026-01-21T21:15:00Z,348.32,150.28,0.00282,1
2026-01-21T21:20:00Z,354.31,126.92,0.00193,0
2026-01-21T21:25:00Z,349.19,128.40,0.00187,0
2026-01-21T21:30:00Z,341.85,136.86,0.00149,0
2026-01-21T21:35:00Z,325.48,134.11,0.00138,0
2026-01-21T21:40:00Z,314.72,136.45,0.00184,0
2026-01-21T21:45:00Z,348.01,141.06,0.00180,0
2026-01-21T21:50:00Z,292.34,134.13,0.00307,0
2026-01-21T21:55:00Z,324.20,137.79,0.00192,0
2026-01-21T22:00:00Z,303.03,107.10,0.00154,0
2026-01-21T22:05:00Z,335.87,130.64,0.00110,0
2026-01-21T22:10:00Z,277.29,107.51,0.00143,0
2026-01-21T22:15:00Z,285.78,115.67,0.00112,0
2026-01-21T22:20:00Z,276.60,112.88,0.00179,0
2026-01-21T22:25:00Z,298.76,125.72,0.00156,0
2026-01-21T22:30:00Z,272.06,120.19,0.00103,0
2026-01-21T22:35:00Z,220.40,115.75,0.00094,0
2026-01-21T22:40:00Z,255.36,116.39,0.00168,0
2026-01-21T22:45:00Z,292.01,114.33,0.00136,0
2026-01-21T22:50:00Z,290.78,112.47,0.00248,0
2026-01-21T22:55:00Z,253.57,111.19,0.00124,0
2026-01-21T23:00:00Z,271.54,114.18,0.00109,0
2026-01-21T23:05:00Z,226.50,128.11,0.00109,0
2026-01-21T23:10:00Z,234.83,118.06,0.00158,0
2026-01-21T23:15:00Z,234.97,119.67,0.00122,0
2026-01-21T23:20:00Z,259.35,119.54,0.00180,0
2026-01-21T23:25:00Z,271.70,123.23,0.00171,0
2026-01-21T23:30:00Z,233.11,135.16,0.00241,0
2026-01-21T23:35:00Z,268.72,132.22,0.00080,0
2026-01-21T23:40:00Z,223.50,116.41,0.00183,0
2026-01-21T23:45:00Z,182.67,103.31,0.00188,0
2026-01-21T23:50:00Z,226.60,115.49,0.00181,0
2026-01-21T23:55:00Z,211.31,114.96,0.00126,0
2026-01-22T00:00:00Z,205.53,119.18,0.00190,0
2026-01-22T00:05:00Z,241.46,118.37,0.00147,0
2026-01-22T00:10:00Z,229.32,101.94,0.00059,0
2026-01-22T00:15:00Z,264.94,112.19,0.00235,0
2026-01-22T00:20:00Z,251.61,127.01,0.00190,0
2026-01-22T00:25:00Z,208.63,122.30,0.00258,0
2026-01-22T00:30:00Z,227.91,112.06,0.00230,0
2026-01-22T00:35:00Z,231.89,124.18,0.00126,0
2026-01-22T00:40:00Z,231.29,111.90,0.00232,0
2026-01-22T00:45:00Z,231.50,109.77,0.00163,0
2026-01-22T00:50:00Z,227.58,125.85,0.00090,0
2026-01-22T00:55:00Z,253.53,122.64,0.00213,0
2026-01-22T01:00:00Z,185.17,102.45,0.00211,0
2026-01-22T01:05:00Z,227.64,110.25,0.00103,0
2026-01-22T01:10:00Z,230.87,107.76,0.00134,0
2026-01-22T01:15:00Z,223.81,136.60,0.00250,0
2026-01-22T01:20:00Z,229.36,120.76,0.00207,0
2026-01-22T01:25:00Z,232.84,115.44,0.00244,0
2026-01-22T01:30:00Z,242.42,109.86,0.00152,0
2026-01-22T01:35:00Z,243.94,125.00,0.00056,0
2026-01-22T01:40:00Z,277.89,129.82,0.00158,0
2026-01-22T01:45:00Z,243.12,119.63,0.00145,0
2026-01-22T01:50:00Z,200.88,105.42,0.00060,0
2026-01-22T01:55:00Z,244.07,127.88,0.00164,0
2026-01-22T02:00:00Z,239.71,102.01,0.00195,0
2026-01-22T02:05:00Z,227.46,112.88,0.00190,0
2026-01-22T02:10:00Z,247.84,121.91,0.00147,0
2026-01-22T02:15:00Z,215.05,125.74,0.00130,0
2026-01-22T02:20:00Z,223.89,117.66,0.00111,0
2026-01-22T02:25:00Z,254.52,116.47,0.00143,0
2026-01-22T02:30:00Z,189.04,127.57,0.00000,0
2026-01-22T02:35:00Z,232.07,114.63,0.00211,0
2026-01-22T02:40:00Z,230.98,121.66,0.00122,0
2026-01-22T02:45:00Z,230.87,87.75,0.00179,0
2026-01-22T02:50:00Z,246.19,106.49,0.00075,0
2026-01-22T02:55:00Z,227.82,100.71,0.00201,0
2026-01-22T03:00:00Z,256.34,114.21,0.00119,0
2026-01-22T03:05:00Z,251.85,113.61,0.00155,0
2026-01-22T03:10:00Z,252.63,120.51,0.00121,0
2026-01-22T03:15:00Z,227.22,135.20,0.00121,0
2026-01-22T03:20:00Z,246.54,110.03,0.00252,0
2026-01-22T03:25:00Z,267.56,119.94,0.00049,0
2026-01-22T03:30:00Z,241.36,134.17,0.00141,0
2026-01-22T03:35:00Z,220.90,111.04,0.00110,0
2026-01-22T03:40:00Z,225.57,120.20,0.00184,0
2026-01-22T03:45:00Z,190.01,99.97,0.00181,0
2026-01-22T03:50:00Z,236.01,123.36,0.00054,0
2026-01-22T03:55:00Z,232.08,133.85,0.00050,0
2026-01-22T04:00:00Z,263.00,119.14,0.00129,0
2026-01-22T04:05:00Z,235.45,124.67,0.00217,0
2026-01-22T04:10:00Z,256.47,119.99,0.00195,0
2026-01-22T04:15:00Z,221.33,99.77,0.00213,0
2026-01-22T04:20:00Z,270.38,128.31,0.00227,0
2026-01-22T04:25:00Z,239.59,108.09,0.00129,0
2026-01-22T04:30:00Z,245.18,110.74,0.00122,0
2026-01-22T04:35:00Z,332.96,110.24,0.00228,0
2026-01-22T04:40:00Z,245.35,109.72,0.00185,0
2026-01-22T04:45:00Z,300.38,111.40,0.00173,0
2026-01-22T04:50:00Z,287.92,112.60,0.00222,0
2026-01-22T04:55:00Z,283.81,113.57,0.00118,0
2026-01-22T05:00:00Z,250.77,104.05,0.00250,0
2026-01-22T05:05:00Z,274.10,116.16,0.00132,0
2026-01-22T05:10:00Z,298.76,130.90,0.00195,0
2026-01-22T05:15:00Z,263.84,115.28,0.00181,0
2026-01-22T05:20:00Z,303.38,135.79,0.00093,0
2026-01-22T05:25:00Z,318.03,126.16,0.00099,0
2026-01-22T05:30:00Z,289.97,112.24,0.00217,0
2026-01-22T05:35:00Z,334.26,118.00,0.00231,0
2026-01-22T05:40:00Z,311.40,118.02,0.00127,0
2026-01-22T05:45:00Z,342.14,132.90,0.00097,0
2026-01-22T05:50:00Z,325.26,107.17,0.00311,0
2026-01-22T05:55:00Z,327.20,117.06,0.00118,0
2026-01-22T06:00:00Z,398.32,125.13,0.00146,0
2026-01-22T06:05:00Z,341.76,131.07,0.00199,3
2026-01-22T06:10:00Z,366.21,106.77,0.00274,0
2026-01-22T06:15:00Z,322.02,141.75,0.00236,1
2026-01-22T06:20:00Z,327.42,113.97,0.00127,0
2026-01-22T06:25:00Z,420.50,134.18,0.00229,0
2026-01-22T06:30:00Z,375.27,123.28,0.00138,0
2026-01-22T06:35:00Z,373.32,128.85,0.00184,0
2026-01-22T06:40:00Z,382.77,155.66,0.00222,0
2026-01-22T06:45:00Z,405.13,153.75,0.00095,0
2026-01-22T06:50:00Z,385.41,128.95,0.00117,3
2026-01-22T06:55:00Z,393.80,136.20,0.00196,1
2026-01-22T07:00:00Z,402.36,130.45,0.00246,0
2026-01-22T07:05:00Z,451.02,133.20,0.00111,1
2026-01-22T07:10:00Z,409.73,132.82,0.00052,0
2026-01-22T07:15:00Z,536.71,151.07,0.00180,4
2026-01-22T07:20:00Z,484.94,152.22,0.00204,4
2026-01-22T07:25:00Z,457.37,106.61,0.00272,1
2026-01-22T07:30:00Z,466.55,146.86,0.00211,0
2026-01-22T07:35:00Z,438.15,149.81,0.00112,0
2026-01-22T07:40:00Z,473.13,109.62,0.00189,4
2026-01-22T07:45:00Z,485.59,133.74,0.00175,6
2026-01-22T07:50:00Z,491.48,108.84,0.00179,2
2026-01-22T07:55:00Z,498.50,153.49,0.00154,2
2026-01-22T08:00:00Z,562.13,156.82,0.00131,3
2026-01-22T08:05:00Z,557.75,127.91,0.00198,3
2026-01-22T08:10:00Z,527.19,161.94,0.00171,1
2026-01-22T08:15:00Z,532.77,137.94,0.00225,7
2026-01-22T08:20:00Z,547.46,140.70,0.00310,3
2026-01-22T08:25:00Z,561.92,138.82,0.00020,5
2026-01-22T08:30:00Z,559.57,144.48,0.00170,5
2026-01-22T08:35:00Z,581.07,146.29,0.00164,10
2026-01-22T08:40:00Z,560.10,149.29,0.00150,2
2026-01-22T08:45:00Z,629.14,139.18,0.00019,3
2026-01-22T08:50:00Z,608.87,165.82,0.00144,5
2026-01-22T08:55:00Z,618.14,158.17,0.00220,5
2026-01-22T09:00:00Z,622.59,163.79,0.00216,4
2026-01-22T09:05:00Z,623.81,175.02,0.00184,4
2026-01-22T09:10:00Z,611.84,136.01,0.00090,7
2026-01-22T09:15:00Z,653.76,162.82,0.00060,6
2026-01-22T09:20:00Z,645.27,167.87,0.00078,7
2026-01-22T09:25:00Z,640.66,148.76,0.00146,6
2026-01-22T09:30:00Z,686.01,178.35,0.00297,4
2026-01-22T09:35:00Z,686.11,161.93,0.00162,8
2026-01-22T09:40:00Z,680.98,149.22,0.00152,8
2026-01-22T09:45:00Z,697.16,158.08,0.00338,8
2026-01-22T09:50:00Z,643.55,171.09,0.00037,7
2026-01-22T09:55:00Z,730.22,163.67,0.00242,13
2026-01-22T10:00:00Z,723.12,169.17,0.00184,12
2026-01-22T10:05:00Z,721.81,160.35,0.00289,11
2026-01-22T10:10:00Z,710.54,142.57,0.00210,10
2026-01-22T10:15:00Z,737.89,177.16,0.00170,11
2026-01-22T10:20:00Z,681.69,155.21,0.00104,7
2026-01-22T10:25:00Z,721.09,176.80,0.00150,12
2026-01-22T10:30:00Z,753.22,157.54,0.00256,10
2026-01-22T10:35:00Z,750.63,161.09,0.00316,7
2026-01-22T10:40:00Z,716.91,184.95,0.00184,10
2026-01-22T10:45:00Z,762.81,169.07,0.00229,13
2026-01-22T10:50:00Z,720.75,177.74,0.00358,9
2026-01-22T10:55:00Z,723.19,180.06,0.00213,10
2026-01-22T11:00:00Z,680.00,170.16,0.00267,5
2026-01-22T11:05:00Z,689.78,167.92,0.00201,11
2026-01-22T11:10:00Z,720.17,163.08,0.00247,6
2026-01-22T11:15:00Z,733.23,161.76,0.00214,12
2026-01-22T11:20:00Z,712.84,173.22,0.00253,8
2026-01-22T11:25:00Z,716.15,162.39,0.00252,8
2026-01-22T11:30:00Z,742.43,162.66,0.00108,6
2026-01-22T11:35:00Z,704.36,166.79,0.00145,9
2026-01-22T11:40:00Z,685.93,149.42,0.00243,8
2026-01-22T11:45:00Z,688.19,180.82,0.00312,10
2026-01-22T11:50:00Z,743.86,172.69,0.00429,13
2026-01-22T11:55:00Z,681.80,168.83,0.00140,9
2026-01-22T12:00:00Z,715.82,167.39,0.00216,9
2026-01-22T12:05:00Z,690.73,161.34,0.00139,9
2026-01-22T12:10:00Z,672.85,143.20,0.00076,4
2026-01-22T12:15:00Z,693.63,148.94,0.00107,10
2026-01-22T12:20:00Z,659.27,175.19,0.00244,6
2026-01-22T12:25:00Z,657.95,151.12,0.00000,4
2026-01-22T12:30:00Z,649.92,174.68,0.00137,5
2026-01-22T12:35:00Z,649.85,157.76,0.00127,8
2026-01-22T12:40:00Z,659.68,164.64,0.00067,7
2026-01-22T12:45:00Z,685.18,161.90,0.00153,8
2026-01-22T12:50:00Z,643.29,155.86,0.00150,5
2026-01-22T12:55:00Z,658.12,163.82,0.00203,6
2026-01-22T13:00:00Z,603.05,149.93,0.00140,4
2026-01-22T13:05:00Z,601.17,161.42,0.00153,4
2026-01-22T13:10:00Z,615.49,158.43,0.00123,4
2026-01-22T13:15:00Z,615.49,148.21,0.00192,8
2026-01-22T13:20:00Z,542.49,148.71,0.00253,4
2026-01-22T13:25:00Z,548.44,130.22,0.00123,4
2026-01-22T13:30:00Z,578.94,157.98,0.00240,6
2026-01-22T13:35:00Z,560.18,158.64,0.00131,4
2026-01-22T13:40:00Z,531.55,145.85,0.00106,6
2026-01-22T13:45:00Z,522.35,144.25,0.00115,2
2026-01-22T13:50:00Z,544.81,153.79,0.00177,1
2026-01-22T13:55:00Z,553.17,144.04,0.00157,4
2026-01-22T14:00:00Z,512.45,145.18,0.00161,2
2026-01-22T14:05:00Z,449.69,163.61,0.00111,1
2026-01-22T14:10:00Z,529.21,146.53,0.00237,3
2026-01-22T14:15:00Z,502.42,150.79,0.00002,4
2026-01-22T14:20:00Z,438.02,129.00,0.00220,0
2026-01-22T14:25:00Z,476.06,155.29,0.00159,0
2026-01-22T14:30:00Z,500.80,140.46,0.00216,3
2026-01-22T14:35:00Z,449.76,146.44,0.00163,0
2026-01-22T14:40:00Z,483.34,153.89,0.00115,2
2026-01-22T14:45:00Z,459.73,137.90,0.00112,0
2026-01-22T14:50:00Z,462.59,159.43,0.00129,0
2026-01-22T14:55:00Z,469.67,131.18,0.00129,1
2026-01-22T15:00:00Z,436.92,155.99,0.00193,2
2026-01-22T15:05:00Z,442.73,128.46,0.00030,0
2026-01-22T15:10:00Z,478.20,149.82,0.00078,4
2026-01-22T15:15:00Z,436.12,161.40,0.00155,0
2026-01-22T15:20:00Z,419.69,125.38,0.00162,0
2026-01-22T15:25:00Z,399.28,142.90,0.00159,0
2026-01-22T15:30:00Z,402.49,126.79,0.00088,3
2026-01-22T15:35:00Z,412.43,153.99,0.00129,0
2026-01-22T15:40:00Z,408.70,144.98,0.00265,1
2026-01-22T15:45:00Z,367.95,137.66,0.00291,0
2026-01-22T15:50:00Z,410.10,123.44,0.00176,0
2026-01-22T15:55:00Z,425.12,155.95,0.00195,3
2026-01-22T16:00:00Z,405.96,118.38,0.00185,1
2026-01-22T16:05:00Z,384.20,153.98,0.00032,0
2026-01-22T16:10:00Z,396.90,141.54,0.00118,3
2026-01-22T16:15:00Z,395.56,133.26,0.00091,0
2026-01-22T16:20:00Z,388.88,141.59,0.00086,0
2026-01-22T16:25:00Z,375.22,125.96,0.00124,0
2026-01-22T16:30:00Z,384.61,127.35,0.00182,0
2026-01-22T16:35:00Z,380.75,138.18,0.00252,4
2026-01-22T16:40:00Z,403.06,119.49,0.00159,1
2026-01-22T16:45:00Z,407.70,123.88,0.00158,1
2026-01-22T16:50:00Z,364.67,118.53,0.00231,0
2026-01-22T16:55:00Z,388.20,122.40,0.00182,0
2026-01-22T17:00:00Z,422.07,148.80,0.00240,2
2026-01-22T17:05:00Z,407.44,141.92,0.00006,0
2026-01-22T17:10:00Z,380.78,122.44,0.00209,0
2026-01-22T17:15:00Z,417.26,131.18,0.00346,2
2026-01-22T17:20:00Z,422.88,133.31,0.00160,1
2026-01-22T17:25:00Z,388.81,145.55,0.00180,0
2026-01-22T17:30:00Z,423.68,122.54,0.00051,1
2026-01-22T17:35:00Z,423.89,126.99,0.00097,0
2026-01-22T17:40:00Z,455.14,163.05,0.00146,4
2026-01-22T17:45:00Z,439.97,120.49,0.00165,0
2026-01-22T17:50:00Z,371.76,117.21,0.00179,0
2026-01-22T17:55:00Z,438.42,161.85,0.00167,0
2026-01-22T18:00:00Z,444.72,136.86,0.00049,1
2026-01-22T18:05:00Z,435.30,140.28,0.00217,0
2026-01-22T18:10:00Z,425.52,129.71,0.00079,3
2026-01-22T18:15:00Z,392.65,134.76,0.00177,0
2026-01-22T18:20:00Z,461.25,126.10,0.00177,0
2026-01-22T18:25:00Z,421.86,129.24,0.00305,2
2026-01-22T18:30:00Z,412.11,150.45,0.00186,1
2026-01-22T18:35:00Z,391.62,132.64,0.00158,0
2026-01-22T18:40:00Z,427.62,133.60,0.00208,0
2026-01-22T18:45:00Z,419.12,131.98,0.00257,0
2026-01-22T18:50:00Z,443.76,133.49,0.00082,1
2026-01-22T18:55:00Z,372.19,129.51,0.00164,0
2026-01-22T19:00:00Z,433.53,152.44,0.00135,0
2026-01-22T19:05:00Z,453.81,123.19,0.00106,0
2026-01-22T19:10:00Z,413.03,134.54,0.00241,0
2026-01-22T19:15:00Z,403.27,143.89,0.00176,0
2026-01-22T19:20:00Z,410.71,163.21,0.00173,0
2026-01-22T19:25:00Z,386.18,132.37,0.00226,0
2026-01-22T19:30:00Z,427.01,145.56,0.00243,0
2026-01-22T19:35:00Z,395.86,119.51,0.00186,0
2026-01-22T19:40:00Z,396.33,124.73,0.00192,0
2026-01-22T19:45:00Z,396.62,124.86,0.00267,0
2026-01-22T19:50:00Z,425.13,137.19,0.00254,2
2026-01-22T19:55:00Z,403.49,126.68,0.00208,0
2026-01-22T20:00:00Z,352.81,130.21,0.00252,0
2026-01-22T20:05:00Z,390.76,146.81,0.00057,0
2026-01-22T20:10:00Z,392.07,140.61,0.00091,0
2026-01-22T20:15:00Z,379.57,139.74,0.00106,0
2026-01-22T20:20:00Z,371.39,123.08,0.00000,0
2026-01-22T20:25:00Z,369.65,122.29,0.00171,0
2026-01-22T20:30:00Z,384.53,135.10,0.00198,0
2026-01-22T20:35:00Z,346.42,121.07,0.00160,0
2026-01-22T20:40:00Z,343.89,131.16,0.00225,0
2026-01-22T20:45:00Z,352.32,122.76,0.00335,0
2026-01-22T20:50:00Z,369.88,116.34,0.00076,0
2026-01-22T20:55:00Z,342.99,137.12,0.00224,0
2026-01-22T21:00:00Z,345.82,116.64,0.00221,0
2026-01-22T21:05:00Z,349.76,119.35,0.00206,0
2026-01-22T21:10:00Z,333.78,121.31,0.00063,0
2026-01-22T21:15:00Z,357.67,130.34,0.00094,0
2026-01-22T21:20:00Z,289.24,115.18,0.00224,0
2026-01-22T21:25:00Z,304.82,120.10,0.00151,0
2026-01-22T21:30:00Z,362.26,116.95,0.00092,0
2026-01-22T21:35:00Z,331.03,107.09,0.00034,0
2026-01-22T21:40:00Z,301.39,136.91,0.00085,0
2026-01-22T21:45:00Z,262.43,122.39,0.00088,0
2026-01-22T21:50:00Z,323.47,128.96,0.00141,0
2026-01-22T21:55:00Z,320.37,116.02,0.00205,0
2026-01-22T22:00:00Z,294.21,128.60,0.00173,0
2026-01-22T22:05:00Z,306.85,143.01,0.00043,0
2026-01-22T22:10:00Z,273.81,137.94,0.00106,0
2026-01-22T22:15:00Z,231.39,124.29,0.00220,0
2026-01-22T22:20:00Z,282.48,117.72,0.00116,0
2026-01-22T22:25:00Z,230.13,119.58,0.00204,0
2026-01-22T22:30:00Z,270.42,111.25,0.00183,0
2026-01-22T22:35:00Z,245.47,125.69,0.00159,0
2026-01-22T22:40:00Z,273.54,120.05,0.00061,0
2026-01-22T22:45:00Z,239.53,87.01,0.00147,0
2026-01-22T22:50:00Z,292.61,135.19,0.00140,0
2026-01-22T22:55:00Z,254.49,123.96,0.00181,0
2026-01-22T23:00:00Z,312.32,117.19,0.00132,0
2026-01-22T23:05:00Z,226.82,118.90,0.00229,0
2026-01-22T23:10:00Z,279.39,114.17,0.00180,0
2026-01-22T23:15:00Z,252.93,107.50,0.00148,0
2026-01-22T23:20:00Z,272.09,131.97,0.00171,0
2026-01-22T23:25:00Z,263.96,119.69,0.00229,0
2026-01-22T23:30:00Z,209.32,112.41,0.00229,0
2026-01-22T23:35:00Z,275.34,106.49,0.00196,0
2026-01-22T23:40:00Z,223.09,121.47,0.00235,0
2026-01-22T23:45:00Z,272.33,125.00,0.00133,0
2026-01-22T23:50:00Z,225.48,126.50,0.00294,0
2026-01-22T23:55:00Z,241.63,118.22,0.00121,0
2026-01-23T00:00:00Z,198.44,111.36,0.00079,0
2026-01-23T00:05:00Z,233.35,105.13,0.00193,0
2026-01-23T00:10:00Z,225.23,122.22,0.00264,0
2026-01-23T00:15:00Z,266.94,117.08,0.00176,0
2026-01-23T00:20:00Z,267.57,115.97,0.00184,0
2026-01-23T00:25:00Z,257.91,121.51,0.00251,0
2026-01-23T00:30:00Z,233.79,118.24,0.00243,0
2026-01-23T00:35:00Z,233.99,124.15,0.00274,0
2026-01-23T00:40:00Z,226.00,136.66,0.00051,0
2026-01-23T00:45:00Z,227.74,106.25,0.00168,0
2026-01-23T00:50:00Z,252.41,99.50,0.00216,0
2026-01-23T00:55:00Z,280.17,125.98,0.00282,0
2026-01-23T01:00:00Z,237.27,117.75,0.00326,0
2026-01-23T01:05:00Z,178.57,92.37,0.00156,0
2026-01-23T01:10:00Z,258.30,106.25,0.00201,0
2026-01-23T01:15:00Z,235.09,108.67,0.00138,0
2026-01-23T01:20:00Z,226.70,112.48,0.00101,0
2026-01-23T01:25:00Z,196.83,123.59,0.00121,0
2026-01-23T01:30:00Z,256.25,133.85,0.00151,0
2026-01-23T01:35:00Z,219.60,90.69,0.00000,0
2026-01-23T01:40:00Z,212.37,104.67,0.00112,0
2026-01-23T01:45:00Z,230.31,124.32,0.00045,0
2026-01-23T01:50:00Z,252.50,119.70,0.00284,0
2026-01-23T01:55:00Z,234.10,121.19,0.00109,0
2026-01-23T02:00:00Z,221.24,116.44,0.00144,0
2026-01-23T02:05:00Z,238.93,129.50,0.00113,0
2026-01-23T02:10:00Z,210.45,121.90,0.00094,0
2026-01-23T02:15:00Z,218.18,109.31,0.00120,0
2026-01-23T02:20:00Z,259.69,111.34,0.00212,0
2026-01-23T02:25:00Z,247.15,123.63,0.00150,0
2026-01-23T02:30:00Z,213.50,113.60,0.00072,0
2026-01-23T02:35:00Z,213.30,121.33,0.00156,0
2026-01-23T02:40:00Z,280.26,110.52,0.00055,0
2026-01-23T02:45:00Z,233.90,104.98,0.00170,0
2026-01-23T02:50:00Z,230.94,131.08,0.00235,0
2026-01-23T02:55:00Z,219.59,129.03,0.00186,0
2026-01-23T03:00:00Z,251.81,125.43,0.00318,0
2026-01-23T03:05:00Z,231.54,117.29,0.00211,0
2026-01-23T03:10:00Z,229.61,98.86,0.00218,0
2026-01-23T03:15:00Z,248.75,117.83,0.00180,0
2026-01-23T03:20:00Z,252.63,117.38,0.00245,0
2026-01-23T03:25:00Z,243.61,104.52,0.00138,0
2026-01-23T03:30:00Z,245.43,129.13,0.00305,0
2026-01-23T03:35:00Z,247.75,118.47,0.00099,0
2026-01-23T03:40:00Z,220.75,132.75,0.00104,0
2026-01-23T03:45:00Z,245.31,135.41,0.00139,0
2026-01-23T03:50:00Z,260.72,124.66,0.00216,0
2026-01-23T03:55:00Z,230.77,118.69,0.00199,0
2026-01-23T04:00:00Z,237.33,106.35,0.00074,0
2026-01-23T04:05:00Z,233.73,104.24,0.00240,0
2026-01-23T04:10:00Z,226.25,111.79,0.00090,0
2026-01-23T04:15:00Z,247.73,108.37,0.00062,0
2026-01-23T04:20:00Z,266.32,105.82,0.00252,0
2026-01-23T04:25:00Z,265.80,117.92,0.00212,0
2026-01-23T04:30:00Z,278.64,126.89,0.00202,0
2026-01-23T04:35:00Z,239.60,98.18,0.00140,0
2026-01-23T04:40:00Z,311.85,121.21,0.00070,0
2026-01-23T04:45:00Z,267.64,113.95,0.00207,0
2026-01-23T04:50:00Z,294.14,125.39,0.00000,0
2026-01-23T04:55:00Z,283.51,123.43,0.00255,0
2026-01-23T05:00:00Z,282.47,136.13,0.00181,0
2026-01-23T05:05:00Z,311.61,112.56,0.00125,0
2026-01-23T05:10:00Z,301.22,119.68,0.00137,1
2026-01-23T05:15:00Z,282.79,125.54,0.00106,0
2026-01-23T05:20:00Z,318.64,137.61,0.00215,0
2026-01-23T05:25:00Z,285.00,123.03,0.00209,0
2026-01-23T05:30:00Z,314.05,110.24,0.00154,0
2026-01-23T05:35:00Z,256.59,94.55,0.00148,0
2026-01-23T05:40:00Z,313.32,122.67,0.00138,0
2026-01-23T05:45:00Z,347.42,128.32,0.00110,0
2026-01-23T05:50:00Z,293.96,119.89,0.00107,0
2026-01-23T05:55:00Z,320.66,117.42,0.00087,0
2026-01-23T06:00:00Z,323.04,114.96,0.00113,0
2026-01-23T06:05:00Z,381.13,135.25,0.00276,2
2026-01-23T06:10:00Z,349.88,138.47,0.00132,0
2026-01-23T06:15:00Z,407.99,139.25,0.00131,2
2026-01-23T06:20:00Z,354.61,124.58,0.00107,0
2026-01-23T06:25:00Z,369.76,134.08,0.00202,0
2026-01-23T06:30:00Z,366.36,131.68,0.00183,0
2026-01-23T06:35:00Z,347.98,133.09,0.00131,0
2026-01-23T06:40:00Z,378.50,141.57,0.00141,0
2026-01-23T06:45:00Z,458.81,127.03,0.00066,1
2026-01-23T06:50:00Z,394.00,140.68,0.00138,0
2026-01-23T06:55:00Z,435.83,133.79,0.00207,0
2026-01-23T07:00:00Z,390.32,145.63,0.00136,0
2026-01-23T07:05:00Z,448.94,148.23,0.00291,2
2026-01-23T07:10:00Z,389.72,148.92,0.00193,1
2026-01-23T07:15:00Z,383.26,126.64,0.00054,0
2026-01-23T07:20:00Z,450.10,135.93,0.00216,1
2026-01-23T07:25:00Z,469.28,112.21,0.00000,2
2026-01-23T07:30:00Z,446.95,124.01,0.00168,0
2026-01-23T07:35:00Z,459.34,125.81,0.00202,2
2026-01-23T07:40:00Z,459.17,138.73,0.00143,0
2026-01-23T07:45:00Z,520.96,146.66,0.00224,8
2026-01-23T07:50:00Z,465.82,134.22,0.00170,1
2026-01-23T07:55:00Z,470.70,137.96,0.00181,4
2026-01-23T08:00:00Z,494.54,164.48,0.00197,3
2026-01-23T08:05:00Z,557.37,158.52,0.00173,5
2026-01-23T08:10:00Z,534.34,147.69,0.00046,1
2026-01-23T08:15:00Z,548.35,145.24,0.00018,4
2026-01-23T08:20:00Z,541.47,148.06,0.00203,1
2026-01-23T08:25:00Z,574.51,153.69,0.00056,6
2026-01-23T08:30:00Z,518.07,140.21,0.00144,5
2026-01-23T08:35:00Z,572.82,151.18,0.00230,3
2026-01-23T08:40:00Z,601.09,166.42,0.00170,3
2026-01-23T08:45:00Z,598.07,146.92,0.00103,5
2026-01-23T08:50:00Z,599.07,146.37,0.00127,5
2026-01-23T08:55:00Z,581.62,155.96,0.00156,2
2026-01-23T09:00:00Z,634.32,145.13,0.00112,8
2026-01-23T09:05:00Z,594.10,144.09,0.00000,7
2026-01-23T09:10:00Z,615.82,165.44,0.00169,6
2026-01-23T09:15:00Z,660.01,155.44,0.00259,6
2026-01-23T09:20:00Z,687.11,171.94,0.00194,5
2026-01-23T09:25:00Z,676.28,187.25,0.00101,11
2026-01-23T09:30:00Z,622.45,147.23,0.00176,5
2026-01-23T09:35:00Z,693.11,166.24,0.00224,6
2026-01-23T09:40:00Z,697.56,152.92,0.00168,7
2026-01-23T09:45:00Z,659.12,161.85,0.00129,5
2026-01-23T09:50:00Z,689.40,163.76,0.00134,8
2026-01-23T09:55:00Z,725.48,157.93,0.00178,11
2026-01-23T10:00:00Z,730.58,140.11,0.00182,8
2026-01-23T10:05:00Z,675.52,135.94,0.00155,4
2026-01-23T10:10:00Z,750.40,185.41,0.00187,11
2026-01-23T10:15:00Z,731.56,167.16,0.00252,9
2026-01-23T10:20:00Z,696.49,156.65,0.00120,7
2026-01-23T10:25:00Z,693.55,152.05,0.00268,6
2026-01-23T10:30:00Z,725.88,166.38,0.00334,4
2026-01-23T10:35:00Z,729.95,173.42,0.00265,10
2026-01-23T10:40:00Z,715.52,157.40,0.00407,9
2026-01-23T10:45:00Z,715.06,163.04,0.00211,11
2026-01-23T10:50:00Z,748.15,171.73,0.00225,10
2026-01-23T10:55:00Z,771.61,176.69,0.00275,13
2026-01-23T11:00:00Z,711.30,155.70,0.00221,10
2026-01-23T11:05:00Z,746.71,189.44,0.00212,11
2026-01-23T11:10:00Z,708.11,161.10,0.00024,7
2026-01-23T11:15:00Z,724.30,156.18,0.00186,12
2026-01-23T11:20:00Z,702.37,163.82,0.00212,8
2026-01-23T11:25:00Z,731.95,176.94,0.00223,8
2026-01-23T11:30:00Z,662.01,150.57,0.00096,9
2026-01-23T11:35:00Z,716.42,177.37,0.00375,7
2026-01-23T11:40:00Z,722.89,165.93,0.00244,8
2026-01-23T11:45:00Z,731.71,159.82,0.00170,9
2026-01-23T11:50:00Z,707.92,173.97,0.00249,12
2026-01-23T11:55:00Z,701.13,178.50,0.00207,10
2026-01-23T12:00:00Z,751.21,174.54,0.00190,14
2026-01-23T12:05:00Z,667.97,159.70,0.00220,11
2026-01-23T12:10:00Z,662.20,166.06,0.00128,8
2026-01-23T12:15:00Z,688.85,166.88,0.00243,9
2026-01-23T12:20:00Z,712.85,174.55,0.00204,7
2026-01-23T12:25:00Z,642.68,154.03,0.00000,8
2026-01-23T12:30:00Z,642.48,165.05,0.00098,6
2026-01-23T12:35:00Z,652.94,126.63,0.00172,7
2026-01-23T12:40:00Z,625.55,162.60,0.00079,5
2026-01-23T12:45:00Z,677.17,168.20,0.00187,7
2026-01-23T12:50:00Z,655.38,151.02,0.00094,8
2026-01-23T12:55:00Z,660.93,189.35,0.00181,7
2026-01-23T13:00:00Z,611.58,170.00,0.00131,4
2026-01-23T13:05:00Z,578.65,163.79,0.00069,5
2026-01-23T13:10:00Z,598.98,146.83,0.00062,12
2026-01-23T13:15:00Z,557.38,146.27,0.00164,4
2026-01-23T13:20:00Z,571.72,147.49,0.00168,6
2026-01-23T13:25:00Z,570.85,155.49,0.00158,6
2026-01-23T13:30:00Z,551.73,137.37,0.00125,5
2026-01-23T13:35:00Z,591.36,154.82,0.00079,6
2026-01-23T13:40:00Z,559.02,142.56,0.00172,5
2026-01-23T13:45:00Z,526.35,159.32,0.00195,1
2026-01-23T13:50:00Z,557.97,138.27,0.00157,6
2026-01-23T13:55:00Z,522.12,147.26,0.00192,6
2026-01-23T14:00:00Z,501.90,159.96,0.00185,0
2026-01-23T14:05:00Z,552.23,148.11,0.00030,4
2026-01-23T14:10:00Z,498.47,140.47,0.00203,1
2026-01-23T14:15:00Z,476.64,128.45,0.00089,0
2026-01-23T14:20:00Z,483.85,144.42,0.00141,0
2026-01-23T14:25:00Z,490.98,145.88,0.00213,0
2026-01-23T14:30:00Z,426.11,151.00,0.00076,1
2026-01-23T14:35:00Z,479.53,128.88,0.00119,1
2026-01-23T14:40:00Z,458.81,145.06,0.00018,4
2026-01-23T14:45:00Z,416.67,123.95,0.00147,0
2026-01-23T14:50:00Z,431.44,120.40,0.00078,1
2026-01-23T14:55:00Z,410.73,117.77,0.00221,0
2026-01-23T15:00:00Z,433.75,137.64,0.00188,1
2026-01-23T15:05:00Z,427.34,138.01,0.00241,0
2026-01-23T15:10:00Z,441.81,152.63,0.00187,2
2026-01-23T15:15:00Z,435.08,143.41,0.00089,0
2026-01-23T15:20:00Z,445.71,143.38,0.00217,0
2026-01-23T15:25:00Z,462.69,144.10,0.00132,1
2026-01-23T15:30:00Z,401.63,141.63,0.00077,0
2026-01-23T15:35:00Z,392.32,122.10,0.00085,0
2026-01-23T15:40:00Z,414.86,160.77,0.00095,0
2026-01-23T15:45:00Z,396.76,128.71,0.00074,0
2026-01-23T15:50:00Z,408.56,133.90,0.00167,0
2026-01-23T15:55:00Z,399.51,145.30,0.00156,0
2026-01-23T16:00:00Z,459.31,135.07,0.00000,2
2026-01-23T16:05:00Z,385.68,140.19,0.00128,0
2026-01-23T16:10:00Z,360.17,130.49,0.00128,0
2026-01-23T16:15:00Z,393.07,136.61,0.00302,0
2026-01-23T16:20:00Z,429.38,152.63,0.00095,0
2026-01-23T16:25:00Z,400.58,152.57,0.00092,0
2026-01-23T16:30:00Z,385.77,136.00,0.00042,0
2026-01-23T16:35:00Z,397.55,124.53,0.00148,0
2026-01-23T16:40:00Z,393.51,136.04,0.00204,0
2026-01-23T16:45:00Z,379.95,147.74,0.00169,0
2026-01-23T16:50:00Z,349.43,152.14,0.00067,0
2026-01-23T16:55:00Z,398.91,134.50,0.00048,0
2026-01-23T17:00:00Z,338.35,131.13,0.00212,0
2026-01-23T17:05:00Z,382.87,149.51,0.00269,0
2026-01-23T17:10:00Z,408.38,118.94,0.00074,0
2026-01-23T17:15:00Z,389.09,128.42,0.00181,0
2026-01-23T17:20:00Z,385.23,117.41,0.00193,0
2026-01-23T17:25:00Z,391.39,148.93,0.00032,0
2026-01-23T17:30:00Z,388.19,104.04,0.00076,0
2026-01-23T17:35:00Z,402.46,160.72,0.00057,0
2026-01-23T17:40:00Z,456.43,152.39,0.00224,0
2026-01-23T17:45:00Z,419.37,122.84,0.00274,0
2026-01-23T17:50:00Z,406.19,130.59,0.00119,0
2026-01-23T17:55:00Z,391.89,128.11,0.00043,0
2026-01-23T18:00:00Z,387.58,127.71,0.00313,0
2026-01-23T18:05:00Z,388.33,139.05,0.00060,1
2026-01-23T18:10:00Z,428.13,130.14,0.00154,1
2026-01-23T18:15:00Z,464.59,129.26,0.00200,2
2026-01-23T18:20:00Z,412.97,142.16,0.00160,0
2026-01-23T18:25:00Z,403.00,139.41,0.00094,0
2026-01-23T18:30:00Z,426.84,130.29,0.00158,1
2026-01-23T18:35:00Z,424.27,147.94,0.00071,0
2026-01-23T18:40:00Z,402.91,114.74,0.00275,2
2026-01-23T18:45:00Z,393.95,132.44,0.00226,0
2026-01-23T18:50:00Z,412.41,130.75,0.00243,0
2026-01-23T18:55:00Z,417.03,130.31,0.00025,0
2026-01-23T19:00:00Z,396.61,129.45,0.00055,0
2026-01-23T19:05:00Z,420.01,119.16,0.00106,0
2026-01-23T19:10:00Z,385.92,132.53,0.00048,0
2026-01-23T19:15:00Z,450.65,125.89,0.00141,0
2026-01-23T19:20:00Z,396.06,124.01,0.00099,0
2026-01-23T19:25:00Z,441.27,136.74,0.00139,2
2026-01-23T19:30:00Z,432.91,144.00,0.00156,1
2026-01-23T19:35:00Z,410.88,118.99,0.00192,0
2026-01-23T19:40:00Z,441.85,143.73,0.00165,0
2026-01-23T19:45:00Z,406.45,149.69,0.00045,0
2026-01-23T19:50:00Z,395.22,110.52,0.00035,0
2026-01-23T19:55:00Z,421.76,127.14,0.00193,2
2026-01-23T20:00:00Z,376.59,119.73,0.00142,0
2026-01-23T20:05:00Z,388.84,139.92,0.00134,0
2026-01-23T20:10:00Z,416.33,152.11,0.00141,0
2026-01-23T20:15:00Z,417.78,141.89,0.00099,0
2026-01-23T20:20:00Z,380.88,131.04,0.00061,0
2026-01-23T20:25:00Z,350.26,123.81,0.00182,0
2026-01-23T20:30:00Z,367.71,114.02,0.00176,0
2026-01-23T20:35:00Z,351.33,123.10,0.00251,0
2026-01-23T20:40:00Z,342.91,148.77,0.00170,0
2026-01-23T20:45:00Z,337.86,129.44,0.00154,0
2026-01-23T20:50:00Z,324.66,133.19,0.00146,0
2026-01-23T20:55:00Z,376.44,124.33,0.00147,0
2026-01-23T21:00:00Z,311.81,130.33,0.00210,0
2026-01-23T21:05:00Z,315.53,123.00,0.00073,0
2026-01-23T21:10:00Z,351.51,126.32,0.00120,0
2026-01-23T21:15:00Z,325.12,136.82,0.00110,0
2026-01-23T21:20:00Z,337.71,141.05,0.00179,1
2026-01-23T21:25:00Z,353.07,129.61,0.00201,0
2026-01-23T21:30:00Z,298.13,135.50,0.00061,0
2026-01-23T21:35:00Z,303.53,127.95,0.00118,0
2026-01-23T21:40:00Z,319.98,109.70,0.00105,0
2026-01-23T21:45:00Z,324.31,131.89,0.00130,0
2026-01-23T21:50:00Z,315.02,117.12,0.00234,0
2026-01-23T21:55:00Z,273.82,140.24,0.00174,0
2026-01-23T22:00:00Z,307.91,138.57,0.00045,0
2026-01-23T22:05:00Z,296.29,110.80,0.00064,0
2026-01-23T22:10:00Z,322.59,110.72,0.00074,0
2026-01-23T22:15:00Z,279.54,107.07,0.00259,0
2026-01-23T22:20:00Z,293.94,138.63,0.00100,0
2026-01-23T22:25:00Z,273.50,125.75,0.00124,0
2026-01-23T22:30:00Z,236.67,116.01,0.00067,0
2026-01-23T22:35:00Z,289.19,120.30,0.00071,0
2026-01-23T22:40:00Z,239.70,116.78,0.00118,0
2026-01-23T22:45:00Z,260.47,116.58,0.00100,0
2026-01-23T22:50:00Z,242.57,96.45,0.00212,0
2026-01-23T22:55:00Z,266.35,123.24,0.00140,0
2026-01-23T23:00:00Z,254.34,133.34,0.00138,0
2026-01-23T23:05:00Z,298.49,98.89,0.00139,0
2026-01-23T23:10:00Z,254.14,113.60,0.00111,0
2026-01-23T23:15:00Z,229.99,112.17,0.00208,0
2026-01-23T23:20:00Z,217.79,121.86,0.00125,0
2026-01-23T23:25:00Z,256.31,117.96,0.00110,0
2026-01-23T23:30:00Z,236.83,133.08,0.00186,0
2026-01-23T23:35:00Z,243.26,89.01,0.00099,0
2026-01-23T23:40:00Z,273.19,106.76,0.00058,0
2026-01-23T23:45:00Z,252.81,115.44,0.00069,0
2026-01-23T23:50:00Z,242.87,117.27,0.00219,0
2026-01-23T23:55:00Z,211.63,106.15,0.00116,0
2026-01-24T00:00:00Z,157.44,120.94,0.00096,0
2026-01-24T00:05:00Z,108.49,123.19,0.00343,0
2026-01-24T00:10:00Z,192.81,92.13,0.00122,0
2026-01-24T00:15:00Z,162.97,105.85,0.00254,0
2026-01-24T00:20:00Z,168.45,103.09,0.00097,0
2026-01-24T00:25:00Z,189.32,118.16,0.00094,0
2026-01-24T00:30:00Z,192.58,118.48,0.00232,0
2026-01-24T00:35:00Z,176.46,99.67,0.00002,0
2026-01-24T00:40:00Z,160.17,103.11,0.00239,0
2026-01-24T00:45:00Z,191.52,114.27,0.00023,0
2026-01-24T00:50:00Z,155.27,116.63,0.00121,0
2026-01-24T00:55:00Z,142.38,104.31,0.00179,0
2026-01-24T01:00:00Z,109.70,104.79,0.00180,0
2026-01-24T01:05:00Z,139.90,112.45,0.00222,0
2026-01-24T01:10:00Z,138.21,116.05,0.00072,0
2026-01-24T01:15:00Z,140.89,89.67,0.00197,0
2026-01-24T01:20:00Z,144.54,115.06,0.00173,0
2026-01-24T01:25:00Z,180.15,114.76,0.00164,0
2026-01-24T01:30:00Z,163.90,88.65,0.00168,0
2026-01-24T01:35:00Z,133.67,115.85,0.00135,0
2026-01-24T01:40:00Z,153.57,92.79,0.00228,0
2026-01-24T01:45:00Z,190.54,93.89,0.00015,0
2026-01-24T01:50:00Z,161.29,101.56,0.00202,0
2026-01-24T01:55:00Z,196.64,98.33,0.00103,0
2026-01-24T02:00:00Z,186.57,113.28,0.00186,0
2026-01-24T02:05:00Z,150.31,108.56,0.00138,0
2026-01-24T02:10:00Z,139.05,98.08,0.00132,0
2026-01-24T02:15:00Z,158.25,108.74,0.00058,0
2026-01-24T02:20:00Z,173.44,114.65,0.00136,0
2026-01-24T02:25:00Z,150.17,112.94,0.00330,0
2026-01-24T02:30:00Z,128.77,95.31,0.00012,0
2026-01-24T02:35:00Z,172.18,122.39,0.00183,0
2026-01-24T02:40:00Z,161.88,117.44,0.00100,0
2026-01-24T02:45:00Z,171.48,108.32,0.00100,0
2026-01-24T02:50:00Z,199.24,98.35,0.00072,0
2026-01-24T02:55:00Z,134.16,126.24,0.00186,0
2026-01-24T03:00:00Z,140.07,107.45,0.00236,0
2026-01-24T03:05:00Z,174.92,103.74,0.00234,0
2026-01-24T03:10:00Z,142.42,92.44,0.00120,0
2026-01-24T03:15:00Z,186.81,130.15,0.00116,0
2026-01-24T03:20:00Z,159.78,125.10,0.00146,0
2026-01-24T03:25:00Z,192.92,116.40,0.00192,0
2026-01-24T03:30:00Z,167.40,106.17,0.00126,0
2026-01-24T03:35:00Z,177.55,95.77,0.00120,0
2026-01-24T03:40:00Z,175.82,107.95,0.00241,0
2026-01-24T03:45:00Z,182.98,130.76,0.00197,0
2026-01-24T03:50:00Z,191.22,112.16,0.00224,0
2026-01-24T03:55:00Z,155.30,94.19,0.00122,0
2026-01-24T04:00:00Z,209.66,117.59,0.00177,0
2026-01-24T04:05:00Z,143.91,96.71,0.00008,0
2026-01-24T04:10:00Z,158.10,104.74,0.00191,0
2026-01-24T04:15:00Z,190.24,125.53,0.00168,0
2026-01-24T04:20:00Z,167.32,97.13,0.00011,0
2026-01-24T04:25:00Z,182.90,102.02,0.00136,0
2026-01-24T04:30:00Z,189.86,104.53,0.00042,0
2026-01-24T04:35:00Z,232.03,103.71,0.00138,0
2026-01-24T04:40:00Z,202.15,104.25,0.00241,0
2026-01-24T04:45:00Z,192.32,120.21,0.00181,0
2026-01-24T04:50:00Z,219.81,116.99,0.00092,0
2026-01-24T04:55:00Z,208.53,98.12,0.00164,0
2026-01-24T05:00:00Z,184.42,115.34,0.00155,0
2026-01-24T05:05:00Z,177.61,124.74,0.00088,0
2026-01-24T05:10:00Z,186.37,128.48,0.00098,0
2026-01-24T05:15:00Z,245.86,115.11,0.00105,0
2026-01-24T05:20:00Z,223.73,122.37,0.00154,0
2026-01-24T05:25:00Z,235.42,124.12,0.00175,0
2026-01-24T05:30:00Z,196.81,117.37,0.00173,0
2026-01-24T05:35:00Z,222.88,117.95,0.00230,0
2026-01-24T05:40:00Z,230.05,124.54,0.00148,0
2026-01-24T05:45:00Z,249.52,117.40,0.00117,0
2026-01-24T05:50:00Z,255.67,123.73,0.00170,0
2026-01-24T05:55:00Z,224.97,119.55,0.00268,0
2026-01-24T06:00:00Z,205.94,108.63,0.00248,0
2026-01-24T06:05:00Z,220.41,109.01,0.00153,0
2026-01-24T06:10:00Z,224.38,120.96,0.00350,0
2026-01-24T06:15:00Z,234.82,120.34,0.00161,0
2026-01-24T06:20:00Z,235.66,130.87,0.00171,0
2026-01-24T06:25:00Z,255.66,98.15,0.00149,0
2026-01-24T06:30:00Z,307.49,128.56,0.00146,0
2026-01-24T06:35:00Z,268.08,110.80,0.00135,0
2026-01-24T06:40:00Z,318.24,115.20,0.00076,0
2026-01-24T06:45:00Z,278.03,133.74,0.00254,0
2026-01-24T06:50:00Z,277.98,139.75,0.00197,0
2026-01-24T06:55:00Z,255.54,122.76,0.00120,0
2026-01-24T07:00:00Z,327.59,136.92,0.00191,1
2026-01-24T07:05:00Z,299.49,118.68,0.00121,0
2026-01-24T07:10:00Z,313.22,127.87,0.00175,1
2026-01-24T07:15:00Z,327.36,122.36,0.00177,0
2026-01-24T07:20:00Z,341.21,130.78,0.00173,4
2026-01-24T07:25:00Z,292.78,103.51,0.00275,0
2026-01-24T07:30:00Z,329.09,125.14,0.00264,0
2026-01-24T07:35:00Z,344.42,129.89,0.00097,0
2026-01-24T07:40:00Z,361.44,137.05,0.00122,0
2026-01-24T07:45:00Z,334.69,127.59,0.00079,0
2026-01-24T07:50:00Z,370.29,130.27,0.00105,0
2026-01-24T07:55:00Z,377.17,129.18,0.00012,1
2026-01-24T08:00:00Z,382.98,139.02,0.00095,0
2026-01-24T08:05:00Z,407.53,128.95,0.00178,0
2026-01-24T08:10:00Z,337.46,119.39,0.00285,0
2026-01-24T08:15:00Z,348.20,141.77,0.00238,0
2026-01-24T08:20:00Z,405.38,145.76,0.00137,0
2026-01-24T08:25:00Z,413.76,129.82,0.00178,0
2026-01-24T08:30:00Z,414.67,133.64,0.00096,0
2026-01-24T08:35:00Z,426.77,126.35,0.00196,3
2026-01-24T08:40:00Z,447.28,126.39,0.00020,0
2026-01-24T08:45:00Z,406.07,135.49,0.00102,0
2026-01-24T08:50:00Z,424.74,130.88,0.00152,1
2026-01-24T08:55:00Z,430.16,120.92,0.00056,0
2026-01-24T09:00:00Z,448.06,140.27,0.00151,0
2026-01-24T09:05:00Z,431.65,123.42,0.00232,2
2026-01-24T09:10:00Z,470.15,131.01,0.00066,2
2026-01-24T09:15:00Z,473.57,154.99,0.00227,4
2026-01-24T09:20:00Z,479.45,129.46,0.00188,1
2026-01-24T09:25:00Z,473.07,137.90,0.00112,2
2026-01-24T09:30:00Z,448.38,111.88,0.00096,2
2026-01-24T09:35:00Z,458.77,140.23,0.00130,0
2026-01-24T09:40:00Z,517.71,150.55,0.00071,1
2026-01-24T09:45:00Z,498.87,139.12,0.00232,3
2026-01-24T09:50:00Z,482.41,149.84,0.00213,2
2026-01-24T09:55:00Z,512.95,155.00,0.00103,2
2026-01-24T10:00:00Z,524.18,126.81,0.00076,5
2026-01-24T10:05:00Z,502.25,148.88,0.00066,4
2026-01-24T10:10:00Z,505.83,149.84,0.00169,2
2026-01-24T10:15:00Z,469.96,156.20,0.00155,1
2026-01-24T10:20:00Z,535.36,150.12,0.00106,4
2026-01-24T10:25:00Z,539.70,159.98,0.00103,3
2026-01-24T10:30:00Z,508.87,129.02,0.00112,0
2026-01-24T10:35:00Z,487.19,137.58,0.00101,2
2026-01-24T10:40:00Z,528.41,152.98,0.00219,5
2026-01-24T10:45:00Z,522.30,156.83,0.00197,7
2026-01-24T10:50:00Z,534.59,128.82,0.00056,5
2026-01-24T10:55:00Z,512.71,151.80,0.00149,4
2026-01-24T11:00:00Z,509.24,144.37,0.00023,4
2026-01-24T11:05:00Z,549.86,158.14,0.00205,0
2026-01-24T11:10:00Z,542.23,136.21,0.00176,6
2026-01-24T11:15:00Z,543.53,143.97,0.00183,8
2026-01-24T11:20:00Z,519.78,146.41,0.00193,0
2026-01-24T11:25:00Z,530.70,151.55,0.00176,0
2026-01-24T11:30:00Z,523.56,157.58,0.00163,1
2026-01-24T11:35:00Z,539.35,150.51,0.00162,2
2026-01-24T11:40:00Z,513.13,133.80,0.00045,1
2026-01-24T11:45:00Z,474.86,138.18,0.00014,1
2026-01-24T11:50:00Z,526.86,163.91,0.00000,3
2026-01-24T11:55:00Z,495.90,131.40,0.00171,0
2026-01-24T12:00:00Z,480.67,145.76,0.00059,1
2026-01-24T12:05:00Z,499.85,145.52,0.00167,0
2026-01-24T12:10:00Z,486.46,140.01,0.00120,2
2026-01-24T12:15:00Z,481.46,163.34,0.00180,0
2026-01-24T12:20:00Z,524.36,145.39,0.00226,4
2026-01-24T12:25:00Z,486.65,148.31,0.00309,0
2026-01-24T12:30:00Z,491.47,153.92,0.00159,3
2026-01-24T12:35:00Z,482.96,146.33,0.00000,2
2026-01-24T12:40:00Z,495.85,149.94,0.00000,0
2026-01-24T12:45:00Z,472.81,133.43,0.00095,0
2026-01-24T12:50:00Z,448.67,142.65,0.00205,0
2026-01-24T12:55:00Z,411.86,162.12,0.00196,0
2026-01-24T13:00:00Z,442.67,121.07,0.00268,1
2026-01-24T13:05:00Z,408.52,136.59,0.00196,0
2026-01-24T13:10:00Z,450.20,144.14,0.00075,0
2026-01-24T13:15:00Z,438.83,151.83,0.00183,0
2026-01-24T13:20:00Z,443.14,136.22,0.00139,1
2026-01-24T13:25:00Z,428.23,150.62,0.00183,1
2026-01-24T13:30:00Z,417.14,135.53,0.00158,0
2026-01-24T13:35:00Z,387.18,134.27,0.00186,1
2026-01-24T13:40:00Z,379.07,122.02,0.00228,0
2026-01-24T13:45:00Z,386.31,123.94,0.00035,0
2026-01-24T13:50:00Z,388.76,135.95,0.00082,0
2026-01-24T13:55:00Z,344.40,126.72,0.00144,0
2026-01-24T14:00:00Z,336.54,137.30,0.00267,0
2026-01-24T14:05:00Z,330.67,145.66,0.00255,0
2026-01-24T14:10:00Z,365.46,125.91,0.00113,0
2026-01-24T14:15:00Z,322.03,140.62,0.00201,0
2026-01-24T14:20:00Z,319.16,138.77,0.00096,0
2026-01-24T14:25:00Z,319.70,119.83,0.00131,0
2026-01-24T14:30:00Z,339.75,138.92,0.00202,0
2026-01-24T14:35:00Z,284.88,121.72,0.00030,0
2026-01-24T14:40:00Z,320.61,124.30,0.00135,0
2026-01-24T14:45:00Z,304.02,113.19,0.00125,0
2026-01-24T14:50:00Z,329.43,147.13,0.00103,0
2026-01-24T14:55:00Z,343.38,119.42,0.00202,0
2026-01-24T15:00:00Z,309.05,140.94,0.00038,0
2026-01-24T15:05:00Z,334.37,138.90,0.00311,0
2026-01-24T15:10:00Z,297.78,131.90,0.00139,0
2026-01-24T15:15:00Z,329.31,121.05,0.00119,0
2026-01-24T15:20:00Z,272.79,115.88,0.00112,0
2026-01-24T15:25:00Z,328.36,114.87,0.00137,0
2026-01-24T15:30:00Z,293.56,143.64,0.00255,0
2026-01-24T15:35:00Z,299.35,114.86,0.00134,0
2026-01-24T15:40:00Z,255.51,119.89,0.00000,0
2026-01-24T15:45:00Z,295.31,113.15,0.00126,0
2026-01-24T15:50:00Z,260.71,117.11,0.00161,0
2026-01-24T15:55:00Z,288.33,134.09,0.00197,0
2026-01-24T16:00:00Z,307.32,124.70,0.00186,0
2026-01-24T16:05:00Z,315.08,129.09,0.00076,0
2026-01-24T16:10:00Z,267.01,127.62,0.00113,0
2026-01-24T16:15:00Z,286.76,133.50,0.00032,0
2026-01-24T16:20:00Z,289.19,122.69,0.00081,0
2026-01-24T16:25:00Z,304.67,115.51,0.00182,0
2026-01-24T16:30:00Z,286.41,103.19,0.00075,0
2026-01-24T16:35:00Z,280.61,113.15,0.00071,0
2026-01-24T16:40:00Z,284.96,123.64,0.00276,0
2026-01-24T16:45:00Z,267.78,120.27,0.00163,0
2026-01-24T16:50:00Z,253.41,117.34,0.00077,0
2026-01-24T16:55:00Z,295.84,100.65,0.00144,0
2026-01-24T17:00:00Z,286.65,115.81,0.00228,0
2026-01-24T17:05:00Z,284.60,129.17,0.00203,0
2026-01-24T17:10:00Z,293.36,116.89,0.00221,0
2026-01-24T17:15:00Z,309.01,111.35,0.00058,0
2026-01-24T17:20:00Z,303.72,137.99,0.00063,0
2026-01-24T17:25:00Z,255.43,110.18,0.00097,0
2026-01-24T17:30:00Z,318.18,126.15,0.00189,0
2026-01-24T17:35:00Z,300.17,121.97,0.00000,0
2026-01-24T17:40:00Z,301.94,130.51,0.00238,0
2026-01-24T17:45:00Z,295.62,118.62,0.00223,0
2026-01-24T17:50:00Z,357.53,129.58,0.00117,0
2026-01-24T17:55:00Z,289.66,130.90,0.00140,0
2026-01-24T18:00:00Z,274.05,100.72,0.00115,0
2026-01-24T18:05:00Z,300.35,124.80,0.00089,0
2026-01-24T18:10:00Z,285.52,136.31,0.00096,0
2026-01-24T18:15:00Z,303.90,136.99,0.00000,0
2026-01-24T18:20:00Z,287.20,113.08,0.00132,0
2026-01-24T18:25:00Z,318.62,128.49,0.00191,0
2026-01-24T18:30:00Z,231.60,125.19,0.00123,0
2026-01-24T18:35:00Z,318.86,142.63,0.00117,0
2026-01-24T18:40:00Z,368.34,126.60,0.00228,0
2026-01-24T18:45:00Z,350.52,121.24,0.00127,0
2026-01-24T18:50:00Z,256.11,120.72,0.00120,0
2026-01-24T18:55:00Z,284.92,134.15,0.00152,0
2026-01-24T19:00:00Z,256.56,103.33,0.00167,0
2026-01-24T19:05:00Z,325.99,130.37,0.00150,0
2026-01-24T19:10:00Z,273.07,112.82,0.00126,0
2026-01-24T19:15:00Z,274.85,115.06,0.00219,0
2026-01-24T19:20:00Z,320.63,124.92,0.00287,0
2026-01-24T19:25:00Z,283.83,119.29,0.00079,0
2026-01-24T19:30:00Z,314.97,121.27,0.00335,0
2026-01-24T19:35:00Z,297.77,124.42,0.00134,0
2026-01-24T19:40:00Z,289.92,140.37,0.00081,0
2026-01-24T19:45:00Z,259.05,126.80,0.00126,0
2026-01-24T19:50:00Z,294.87,122.85,0.00146,0
2026-01-24T19:55:00Z,326.50,144.65,0.00119,0
2026-01-24T20:00:00Z,297.94,103.37,0.00047,0
2026-01-24T20:05:00Z,282.70,121.17,0.00063,0
2026-01-24T20:10:00Z,312.01,128.97,0.00048,0
2026-01-24T20:15:00Z,290.79,116.43,0.00129,0
2026-01-24T20:20:00Z,282.41,124.62,0.00176,0
2026-01-24T20:25:00Z,232.32,122.94,0.00116,0
2026-01-24T20:30:00Z,292.19,120.01,0.00224,0
2026-01-24T20:35:00Z,234.48,121.05,0.00186,0
2026-01-24T20:40:00Z,281.49,117.94,0.00182,0
2026-01-24T20:45:00Z,254.48,126.60,0.00234,0
2026-01-24T20:50:00Z,264.62,117.47,0.00143,0
2026-01-24T20:55:00Z,274.88,108.48,0.00099,0
2026-01-24T21:00:00Z,281.00,117.71,0.00209,0
2026-01-24T21:05:00Z,251.28,115.63,0.00163,0
2026-01-24T21:10:00Z,252.94,114.92,0.00284,0
2026-01-24T21:15:00Z,228.90,106.06,0.00115,0
2026-01-24T21:20:00Z,244.17,132.89,0.00217,0
2026-01-24T21:25:00Z,216.07,118.19,0.00035,0
2026-01-24T21:30:00Z,216.10,119.23,0.00053,0
2026-01-24T21:35:00Z,277.29,112.44,0.00131,0
2026-01-24T21:40:00Z,214.95,124.23,0.00150,0
2026-01-24T21:45:00Z,253.13,120.81,0.00093,0
2026-01-24T21:50:00Z,193.44,106.73,0.00056,0
2026-01-24T21:55:00Z,195.60,132.39,0.00042,0
2026-01-24T22:00:00Z,211.97,122.21,0.00130,0
2026-01-24T22:05:00Z,249.24,113.60,0.00136,0
2026-01-24T22:10:00Z,230.84,120.18,0.00136,0
2026-01-24T22:15:00Z,208.40,121.16,0.00266,0
2026-01-24T22:20:00Z,186.79,106.57,0.00183,0
2026-01-24T22:25:00Z,210.04,114.66,0.00271,0
2026-01-24T22:30:00Z,187.41,115.51,0.00205,0
2026-01-24T22:35:00Z,195.80,101.91,0.00176,0
2026-01-24T22:40:00Z,171.45,109.75,0.00063,0
2026-01-24T22:45:00Z,199.14,115.24,0.00186,0
2026-01-24T22:50:00Z,180.06,92.90,0.00151,0
2026-01-24T22:55:00Z,167.18,108.58,0.00232,0
2026-01-24T23:00:00Z,199.40,129.02,0.00015,0
2026-01-24T23:05:00Z,170.33,105.46,0.00167,0
2026-01-24T23:10:00Z,202.08,122.64,0.00152,0
2026-01-24T23:15:00Z,163.04,115.90,0.00049,0
2026-01-24T23:20:00Z,195.92,126.82,0.00086,0
2026-01-24T23:25:00Z,195.65,99.01,0.00182,0
2026-01-24T23:30:00Z,174.52,102.23,0.00100,0
2026-01-24T23:35:00Z,169.08,137.65,0.00103,0
2026-01-24T23:40:00Z,192.41,107.51,0.00252,0
2026-01-24T23:45:00Z,198.77,132.89,0.00066,0
2026-01-24T23:50:00Z,158.38,98.12,0.00109,0
2026-01-24T23:55:00Z,189.62,113.47,0.00197,0
