timestamp,query_family,rows_expected_band,join_count,filter_count,uses_sort,uses_aggregation,uses_grouping,current_db_connections,current_queue_depth,recent_db_latency_ms,requests_per_minute,query_duration_ms
2026-01-01T00:00:00Z,member_search,large,2,3,false,false,false,40,0,97.82,317.06,517.99
2026-01-01T00:05:00Z,account_summary,small,1,4,false,false,false,28,0,99.12,241.20,278.77
2026-01-01T00:10:00Z,transfer_history,medium,4,1,false,false,false,45,6,148.28,93.74,568.23
2026-01-01T00:15:00Z,statement_lookup,tiny,4,6,false,true,false,28,0,102.45,258.51,344.37
2026-01-01T00:20:00Z,transaction_history,medium,2,6,false,false,false,49,3,123.79,230.84,522.22
2026-01-01T00:25:00Z,account_summary,large,2,2,false,true,false,31,0,121.85,213.86,489.34
2026-01-01T00:30:00Z,statement_lookup,small,3,3,false,false,false,38,0,120.06,195.08,462.09
2026-01-01T00:35:00Z,account_summary,medium,3,3,false,false,false,45,0,156.98,327.48,419.56
2026-01-01T00:40:00Z,verification_audit,medium,1,5,false,false,false,29,0,118.40,271.19,507.47
2026-01-01T00:45:00Z,verification_audit,tiny,4,6,false,true,false,52,0,110.81,259.31,530.41
2026-01-01T00:50:00Z,transfer_history,medium,3,4,false,false,false,23,0,50.50,263.88,440.21
2026-01-01T00:55:00Z,verification_audit,small,4,2,false,false,false,35,0,107.30,238.23,523.13
2026-01-01T01:00:00Z,account_summary,tiny,0,5,true,false,false,41,0,132.57,159.77,170.91
2026-01-01T01:05:00Z,member_search,large,3,6,true,false,false,24,0,78.31,198.45,724.03
2026-01-01T01:10:00Z,transaction_history,small,3,1,true,true,true,33,0,93.82,139.18,725.50
2026-01-01T01:15:00Z,transfer_history,small,4,2,false,false,false,35,0,94.63,313.31,478.81
2026-01-01T01:20:00Z,account_summary,tiny,1,5,true,false,false,50,3,137.35,317.48,157.77
2026-01-01T01:25:00Z,transaction_history,very_large,3,6,false,false,false,42,0,99.62,258.90,1103.38
2026-01-01T01:30:00Z,statement_lookup,medium,1,5,true,false,false,29,0,95.42,217.20,375.90
2026-01-01T01:35:00Z,account_summary,large,4,5,true,false,false,39,0,93.35,260.89,887.79
2026-01-01T01:40:00Z,statement_lookup,large,3,4,true,true,false,43,0,133.19,254.75,1039.42
2026-01-01T01:45:00Z,transfer_history,large,4,3,true,true,false,41,10,124.30,220.61,1123.82
2026-01-01T01:50:00Z,member_search,very_large,4,6,false,false,false,39,0,111.01,339.06,902.24
2026-01-01T01:55:00Z,verification_audit,large,0,5,true,false,false,31,0,121.03,139.08,997.56
2026-01-01T02:00:00Z,verification_audit,medium,3,6,false,false,false,44,1,131.14,268.53,595.12
2026-01-01T02:05:00Z,transaction_history,large,2,1,false,true,false,45,3,125.99,283.95,698.62
2026-01-01T02:10:00Z,transaction_history,tiny,2,6,false,true,true,26,0,81.85,242.05,510.39
2026-01-01T02:15:00Z,member_search,very_large,4,4,false,false,false,39,3,159.84,237.33,965.24
2026-01-01T02:20:00Z,transaction_history,large,3,3,false,true,true,27,0,62.61,235.23,671.62
2026-01-01T02:25:00Z,account_summary,medium,3,6,false,true,true,30,0,97.09,209.24,583.38
2026-01-01T02:30:00Z,transaction_history,small,4,6,true,false,false,45,0,137.57,384.49,499.75
2026-01-01T02:35:00Z,transfer_history,small,2,3,false,true,true,36,0,112.21,139.53,472.19
2026-01-01T02:40:00Z,member_search,small,2,2,true,false,false,31,0,123.00,223.76,447.41
2026-01-01T02:45:00Z,member_search,large,0,4,true,false,false,37,0,130.05,281.55,827.48
2026-01-01T02:50:00Z,account_summary,very_large,3,5,true,false,false,55,0,170.29,337.73,1272.11
2026-01-01T02:55:00Z,transaction_history,small,3,6,true,false,false,31,0,86.38,203.06,551.64
2026-01-01T03:00:00Z,statement_lookup,small,2,5,false,false,false,33,0,146.59,330.63,219.55
2026-01-01T03:05:00Z,member_search,medium,3,4,true,true,true,32,0,124.20,265.13,580.48
2026-01-01T03:10:00Z,transfer_history,very_large,4,1,true,false,false,38,0,134.46,198.15,1352.97
2026-01-01T03:15:00Z,transfer_history,large,0,2,false,true,true,35,0,129.16,287.65,667.09
2026-01-01T03:20:00Z,transaction_history,small,2,1,true,false,false,35,0,99.06,258.00,632.06
2026-01-01T03:25:00Z,statement_lookup,tiny,4,3,true,false,false,31,4,153.04,249.51,383.80
2026-01-01T03:30:00Z,verification_audit,tiny,0,5,false,true,true,56,7,170.98,322.09,711.72
2026-01-01T03:35:00Z,account_summary,small,3,3,false,false,false,23,0,114.00,198.57,254.07
2026-01-01T03:40:00Z,transfer_history,small,2,1,true,false,false,29,0,101.44,209.76,342.52
2026-01-01T03:45:00Z,account_summary,small,3,1,false,false,false,41,0,103.37,338.65,203.50
2026-01-01T03:50:00Z,transaction_history,large,3,6,true,false,false,37,0,95.90,287.96,1024.74
2026-01-01T03:55:00Z,transaction_history,tiny,0,6,false,false,false,36,0,104.59,188.22,427.73
2026-01-01T04:00:00Z,transaction_history,tiny,4,5,true,false,false,37,1,86.82,190.13,676.31
2026-01-01T04:05:00Z,transaction_history,small,3,3,true,false,false,9,0,37.38,205.81,426.76
2026-01-01T04:10:00Z,transaction_history,small,0,2,true,false,false,47,5,177.68,359.81,481.59
2026-01-01T04:15:00Z,account_summary,large,4,1,true,false,false,37,0,109.54,246.71,897.74
2026-01-01T04:20:00Z,account_summary,medium,0,6,true,true,true,25,4,107.52,253.05,529.42
2026-01-01T04:25:00Z,transfer_history,small,3,3,false,true,true,23,0,45.19,212.86,293.61
2026-01-01T04:30:00Z,transfer_history,medium,3,6,true,false,false,47,4,154.93,325.25,525.05
2026-01-01T04:35:00Z,account_summary,tiny,0,2,false,true,true,39,4,154.28,225.28,350.30
2026-01-01T04:40:00Z,transaction_history,small,0,3,false,false,false,38,0,81.09,254.09,331.01
2026-01-01T04:45:00Z,account_summary,small,4,5,true,false,false,42,5,145.16,323.36,351.47
2026-01-01T04:50:00Z,verification_audit,tiny,0,5,false,false,false,39,0,105.34,252.44,314.58
2026-01-01T04:55:00Z,member_search,tiny,4,3,true,false,false,27,0,88.20,264.52,475.89
2026-01-01T05:00:00Z,verification_audit,tiny,2,1,false,true,false,46,4,136.71,375.68,418.98
2026-01-01T05:05:00Z,statement_lookup,medium,2,6,true,false,false,37,0,93.64,262.23,356.03
2026-01-01T05:10:00Z,member_search,small,2,1,false,true,true,37,0,105.41,308.06,463.99
2026-01-01T05:15:00Z,account_summary,medium,4,2,false,false,false,29,0,108.61,279.10,450.44
2026-01-01T05:20:00Z,transfer_history,medium,2,5,false,false,false,40,2,112.80,283.58,446.88
2026-01-01T05:25:00Z,member_search,tiny,3,1,true,false,false,47,0,138.76,278.40,387.14
2026-01-01T05:30:00Z,statement_lookup,small,3,6,true,false,false,21,0,72.08,251.75,427.43
2026-01-01T05:35:00Z,member_search,very_large,1,4,false,true,false,35,0,120.70,241.20,957.04
2026-01-01T05:40:00Z,transfer_history,large,0,5,true,false,false,29,0,91.95,304.25,889.11
2026-01-01T05:45:00Z,account_summary,small,4,5,false,false,false,23,0,76.28,338.32,355.37
2026-01-01T05:50:00Z,account_summary,large,1,3,true,false,false,41,0,107.16,292.21,835.23
2026-01-01T05:55:00Z,verification_audit,tiny,2,2,true,false,false,27,0,119.04,298.38,601.64
2026-01-01T06:00:00Z,transaction_history,large,3,1,false,false,false,35,0,130.57,283.87,880.24
2026-01-01T06:05:00Z,member_search,large,4,2,true,true,true,26,0,112.31,246.12,959.13
2026-01-01T06:10:00Z,transaction_history,very_large,4,5,false,false,false,36,0,96.92,291.79,1152.76
2026-01-01T06:15:00Z,member_search,large,2,4,false,false,false,26,0,126.43,315.05,657.06
2026-01-01T06:20:00Z,account_summary,small,4,5,false,false,false,38,0,119.74,192.68,346.15
2026-01-01T06:25:00Z,member_search,small,4,2,true,false,false,50,11,209.82,252.52,696.94
2026-01-01T06:30:00Z,transaction_history,very_large,2,6,false,false,false,38,0,134.44,305.96,1138.63
2026-01-01T06:35:00Z,transaction_history,medium,3,4,false,false,false,24,0,88.99,155.76,540.88
2026-01-01T06:40:00Z,transaction_history,tiny,3,5,false,false,false,36,0,149.18,181.95,462.35
2026-01-01T06:45:00Z,transfer_history,tiny,2,2,false,false,false,59,11,169.37,315.34,573.79
2026-01-01T06:50:00Z,transaction_history,medium,1,6,false,false,false,30,0,99.43,296.15,392.35
2026-01-01T06:55:00Z,account_summary,large,4,4,false,false,false,29,0,112.73,312.54,527.40
2026-01-01T07:00:00Z,transaction_history,small,3,1,false,false,false,35,0,134.79,335.94,415.39
2026-01-01T07:05:00Z,transfer_history,tiny,0,5,false,true,false,35,3,119.51,384.96,456.26
2026-01-01T07:10:00Z,statement_lookup,medium,4,1,false,true,false,49,1,132.45,450.86,711.24
2026-01-01T07:15:00Z,transfer_history,medium,4,2,true,false,false,42,3,125.32,476.40,554.28
2026-01-01T07:20:00Z,transaction_history,medium,4,3,false,false,false,53,7,167.66,331.35,739.54
2026-01-01T07:25:00Z,transaction_history,small,2,4,false,false,false,39,2,119.73,430.69,215.26
2026-01-01T07:30:00Z,transfer_history,medium,0,3,false,false,false,47,4,152.63,433.14,387.39
2026-01-01T07:35:00Z,transfer_history,tiny,3,3,false,false,false,43,3,124.74,506.57,308.16
2026-01-01T07:40:00Z,account_summary,medium,0,4,false,true,true,45,7,157.30,387.59,666.72
2026-01-01T07:45:00Z,transaction_history,small,0,6,true,false,false,39,0,103.48,406.78,493.59
2026-01-01T07:50:00Z,transfer_history,small,0,5,true,false,false,49,9,164.44,474.48,577.28
2026-01-01T07:55:00Z,account_summary,large,3,4,false,false,false,40,0,106.78,447.04,501.82
2026-01-01T08:00:00Z,transaction_history,medium,1,1,true,true,true,50,4,144.99,512.18,530.92
2026-01-01T08:05:00Z,transfer_history,medium,3,5,true,false,false,32,0,81.69,453.13,612.25
2026-01-01T08:10:00Z,transaction_history,small,0,1,true,false,false,50,0,106.09,501.59,305.60
2026-01-01T08:15:00Z,account_summary,medium,2,3,true,false,false,54,7,198.12,410.34,367.41
2026-01-01T08:20:00Z,verification_audit,medium,2,2,false,false,false,56,2,133.16,473.77,333.64
2026-01-01T08:25:00Z,account_summary,medium,0,1,false,false,false,52,0,125.08,604.91,208.69
2026-01-01T08:30:00Z,transfer_history,medium,0,2,false,false,false,53,2,164.42,599.88,444.07
2026-01-01T08:35:00Z,transaction_history,very_large,4,2,false,false,false,60,16,230.21,598.34,1498.48
2026-01-01T08:40:00Z,transaction_history,medium,2,1,false,true,true,42,0,121.54,477.10,623.09
2026-01-01T08:45:00Z,statement_lookup,large,4,2,false,false,false,33,0,104.20,482.11,709.85
2026-01-01T08:50:00Z,account_summary,small,1,4,true,false,false,39,5,169.56,491.02,514.74
2026-01-01T08:55:00Z,transaction_history,large,3,1,true,false,false,41,2,117.86,407.54,906.23
2026-01-01T09:00:00Z,member_search,large,1,3,false,false,false,50,0,125.58,555.08,737.92
2026-01-01T09:05:00Z,account_summary,large,2,1,true,false,false,59,3,166.55,691.35,1051.27
2026-01-01T09:10:00Z,member_search,tiny,2,3,false,false,false,43,0,119.22,579.24,234.00
2026-01-01T09:15:00Z,statement_lookup,tiny,2,1,false,false,false,49,1,141.64,697.04,254.21
2026-01-01T09:20:00Z,transaction_history,large,1,4,false,false,false,56,13,195.02,612.38,608.45
2026-01-01T09:25:00Z,member_search,medium,4,3,true,false,false,58,2,143.28,654.68,616.47
2026-01-01T09:30:00Z,transaction_history,small,1,5,false,false,false,55,7,160.21,615.69,429.90
2026-01-01T09:35:00Z,transaction_history,small,3,6,true,true,true,57,8,190.11,649.17,864.18
2026-01-01T09:40:00Z,member_search,tiny,2,3,false,false,false,60,0,128.04,551.78,254.75
2026-01-01T09:45:00Z,statement_lookup,medium,0,4,false,true,false,69,13,206.37,760.66,630.87
2026-01-01T09:50:00Z,statement_lookup,small,3,3,true,false,false,48,10,204.44,611.32,652.91
2026-01-01T09:55:00Z,transaction_history,medium,3,4,false,false,false,76,19,262.28,672.38,1117.84
2026-01-01T10:00:00Z,member_search,small,1,1,true,false,false,61,12,200.53,566.65,655.26
2026-01-01T10:05:00Z,account_summary,small,0,1,false,true,false,57,0,127.35,737.74,215.31
2026-01-01T10:10:00Z,member_search,large,2,6,false,false,false,70,10,204.59,772.02,1029.27
2026-01-01T10:15:00Z,transaction_history,tiny,3,4,true,false,false,46,12,192.32,627.50,696.56
2026-01-01T10:20:00Z,account_summary,medium,1,4,false,false,false,63,17,225.47,787.19,557.67
2026-01-01T10:25:00Z,transaction_history,large,4,2,false,false,false,63,6,189.86,796.12,912.92
2026-01-01T10:30:00Z,transfer_history,large,0,1,true,false,false,44,0,187.89,685.93,1058.24
2026-01-01T10:35:00Z,transaction_history,very_large,1,1,false,false,false,45,0,142.54,608.65,987.73
2026-01-01T10:40:00Z,transaction_history,very_large,1,5,false,false,false,65,12,226.86,693.78,1023.31
2026-01-01T10:45:00Z,member_search,small,4,3,true,false,false,39,0,74.46,754.88,519.57
2026-01-01T10:50:00Z,verification_audit,medium,2,1,true,true,true,57,3,113.54,757.82,829.09
2026-01-01T10:55:00Z,verification_audit,small,3,5,false,true,true,47,4,156.49,713.70,741.26
2026-01-01T11:00:00Z,transfer_history,large,1,6,false,false,false,69,15,238.68,817.27,902.39
2026-01-01T11:05:00Z,transfer_history,very_large,4,3,false,true,true,70,5,167.93,819.94,1263.42
2026-01-01T11:10:00Z,verification_audit,tiny,1,3,true,false,false,55,2,158.69,697.16,492.07
2026-01-01T11:15:00Z,statement_lookup,medium,4,3,true,true,false,56,2,139.98,788.48,756.24
2026-01-01T11:20:00Z,transaction_history,tiny,4,1,false,false,false,76,23,261.43,782.27,1121.57
2026-01-01T11:25:00Z,transfer_history,medium,1,3,true,false,false,65,5,180.27,783.56,681.35
2026-01-01T11:30:00Z,account_summary,large,3,4,true,false,false,66,12,239.78,877.92,1149.93
2026-01-01T11:35:00Z,account_summary,very_large,2,3,false,false,false,67,14,210.13,838.10,1269.08
2026-01-01T11:40:00Z,transaction_history,large,2,6,true,true,false,78,20,261.58,749.37,1228.20
2026-01-01T11:45:00Z,transaction_history,large,4,3,false,true,true,56,5,154.45,735.43,1111.25
2026-01-01T11:50:00Z,transaction_history,medium,3,1,false,false,false,80,25,265.79,843.86,1191.00
2026-01-01T11:55:00Z,transfer_history,medium,2,6,true,false,false,57,4,187.15,816.01,733.55
2026-01-01T12:00:00Z,transaction_history,medium,3,2,false,false,false,60,5,185.51,746.21,648.00
2026-01-01T12:05:00Z,transaction_history,small,1,2,true,true,true,65,4,160.59,795.35,538.28
2026-01-01T12:10:00Z,transfer_history,medium,4,3,false,true,true,72,16,241.32,694.13,1168.03
2026-01-01T12:15:00Z,member_search,tiny,3,2,true,true,true,74,16,249.29,830.00,1022.67
2026-01-01T12:20:00Z,transaction_history,large,1,6,false,false,false,57,0,180.26,790.67,687.79
2026-01-01T12:25:00Z,member_search,tiny,2,5,false,false,false,74,14,240.53,785.10,625.96
2026-01-01T12:30:00Z,account_summary,very_large,4,2,true,true,false,83,16,245.30,820.86,1890.73
2026-01-01T12:35:00Z,transfer_history,small,1,1,false,false,false,69,9,212.60,749.95,505.90
2026-01-01T12:40:00Z,transfer_history,medium,0,4,true,false,false,69,18,242.09,871.74,869.41
2026-01-01T12:45:00Z,transaction_history,large,0,2,false,false,false,64,8,180.75,760.56,900.28
2026-01-01T12:50:00Z,transfer_history,medium,4,6,false,true,true,73,10,195.31,856.69,966.03
2026-01-01T12:55:00Z,transaction_history,small,2,3,false,false,false,85,17,257.78,843.16,866.07
2026-01-01T13:00:00Z,statement_lookup,medium,4,2,false,false,false,68,9,199.33,776.47,818.62
2026-01-01T13:05:00Z,transfer_history,medium,2,3,true,false,false,51,7,185.95,773.91,469.74
2026-01-01T13:10:00Z,statement_lookup,tiny,0,2,false,true,true,69,13,202.85,741.80,595.02
2026-01-01T13:15:00Z,member_search,medium,4,2,false,false,false,69,13,214.84,807.23,790.08
2026-01-01T13:20:00Z,statement_lookup,medium,2,5,false,false,false,61,10,176.49,746.64,639.85
2026-01-01T13:25:00Z,account_summary,medium,1,5,true,true,false,53,8,169.57,743.27,517.52
2026-01-01T13:30:00Z,transaction_history,small,0,4,true,false,false,74,10,244.29,777.73,479.72
2026-01-01T13:35:00Z,statement_lookup,very_large,2,3,false,true,false,65,2,176.99,790.08,1437.28
2026-01-01T13:40:00Z,account_summary,small,2,6,false,false,false,52,6,139.10,857.69,421.93
2026-01-01T13:45:00Z,member_search,small,2,3,false,true,true,71,18,268.64,832.00,897.62
2026-01-01T13:50:00Z,transaction_history,small,3,6,false,false,false,64,20,239.38,820.43,971.85
2026-01-01T13:55:00Z,transaction_history,medium,3,2,true,false,false,58,4,128.69,633.31,581.42
2026-01-01T14:00:00Z,verification_audit,large,0,5,true,false,false,62,6,174.26,737.13,972.17
2026-01-01T14:05:00Z,statement_lookup,small,1,2,false,false,false,73,22,258.53,813.41,529.75
2026-01-01T14:10:00Z,transaction_history,medium,3,6,true,true,false,62,10,211.16,731.12,865.50
2026-01-01T14:15:00Z,statement_lookup,medium,0,6,false,false,false,58,4,164.33,779.14,261.69
2026-01-01T14:20:00Z,verification_audit,medium,4,4,true,false,false,54,0,135.02,650.67,765.04
2026-01-01T14:25:00Z,verification_audit,small,2,4,true,false,false,63,5,173.15,668.31,521.43
2026-01-01T14:30:00Z,transaction_history,small,0,3,false,false,false,77,24,294.67,734.22,836.97
2026-01-01T14:35:00Z,transaction_history,large,4,2,false,true,false,79,15,228.73,757.97,1230.53
2026-01-01T14:40:00Z,transaction_history,very_large,0,1,false,false,false,57,6,163.62,714.82,1224.60
2026-01-01T14:45:00Z,transaction_history,large,0,1,true,false,false,59,1,128.44,648.64,792.26
2026-01-01T14:50:00Z,transaction_history,large,4,4,true,false,false,67,2,186.90,780.84,1010.74
2026-01-01T14:55:00Z,transfer_history,medium,0,6,true,false,false,58,2,143.22,746.69,617.46
2026-01-01T15:00:00Z,transaction_history,tiny,0,5,true,false,false,46,0,153.21,605.84,503.13
2026-01-01T15:05:00Z,transaction_history,large,4,3,true,true,true,76,22,250.99,670.56,2185.17
2026-01-01T15:10:00Z,member_search,large,3,5,true,true,true,57,10,182.82,686.58,1310.36
2026-01-01T15:15:00Z,transaction_history,small,0,4,false,false,false,66,7,190.13,603.78,371.07
2026-01-01T15:20:00Z,member_search,medium,1,2,true,false,false,46,0,136.51,621.10,439.09
2026-01-01T15:25:00Z,verification_audit,small,2,5,false,true,false,53,3,137.74,653.41,522.22
2026-01-01T15:30:00Z,transaction_history,medium,2,6,true,false,false,62,5,170.38,689.37,745.74
2026-01-01T15:35:00Z,transfer_history,small,1,6,true,true,false,60,0,149.97,567.13,660.23
2026-01-01T15:40:00Z,account_summary,medium,0,4,false,false,false,46,0,67.60,547.63,329.37
2026-01-01T15:45:00Z,transaction_history,large,4,5,false,true,true,66,7,194.19,711.04,1216.68
2026-01-01T15:50:00Z,verification_audit,medium,4,2,false,true,false,44,0,104.47,611.02,658.35
2026-01-01T15:55:00Z,member_search,medium,2,4,true,true,false,71,13,234.45,699.52,900.83
2026-01-01T16:00:00Z,verification_audit,large,2,2,false,false,false,54,0,142.08,573.96,574.84
2026-01-01T16:05:00Z,account_summary,small,3,1,false,false,false,40,0,111.86,393.27,170.24
2026-01-01T16:10:00Z,verification_audit,medium,1,6,false,true,true,56,9,180.23,553.26,724.07
2026-01-01T16:15:00Z,transaction_history,medium,0,2,false,false,false,42,2,91.36,570.23,465.28
2026-01-01T16:20:00Z,account_summary,small,2,3,true,false,false,41,0,118.31,508.90,473.16
2026-01-01T16:25:00Z,account_summary,tiny,3,2,true,false,false,40,1,100.54,535.54,250.65
2026-01-01T16:30:00Z,transfer_history,medium,4,1,true,false,false,36,0,110.69,456.00,633.94
2026-01-01T16:35:00Z,statement_lookup,large,2,3,false,true,true,43,4,162.89,518.31,690.38
2026-01-01T16:40:00Z,transaction_history,tiny,2,4,false,false,false,69,11,232.82,609.20,437.81
2026-01-01T16:45:00Z,member_search,medium,3,5,false,true,true,51,3,162.27,633.84,680.95
2026-01-01T16:50:00Z,transfer_history,medium,1,2,true,false,false,69,15,244.60,642.52,737.11
2026-01-01T16:55:00Z,account_summary,very_large,3,5,false,true,true,60,7,150.58,561.39,1413.15
2026-01-01T17:00:00Z,transaction_history,large,1,3,false,false,false,57,9,185.31,312.94,750.02
2026-01-01T17:05:00Z,verification_audit,small,2,6,false,false,false,48,2,149.00,457.62,487.27
2026-01-01T17:10:00Z,transfer_history,medium,3,1,true,false,false,43,0,114.74,401.95,656.26
2026-01-01T17:15:00Z,transfer_history,large,2,3,false,false,false,33,0,125.80,405.90,805.62
2026-01-01T17:20:00Z,statement_lookup,small,2,3,false,false,false,53,8,154.92,347.10,348.40
2026-01-01T17:25:00Z,statement_lookup,small,0,4,true,false,false,36,0,96.80,334.02,333.56
2026-01-01T17:30:00Z,member_search,large,3,3,false,true,true,49,0,124.35,412.94,908.50
2026-01-01T17:35:00Z,account_summary,large,3,4,true,false,false,27,3,141.41,483.32,846.57
2026-01-01T17:40:00Z,transfer_history,large,3,1,false,false,false,55,4,148.78,403.88,805.91
2026-01-01T17:45:00Z,verification_audit,small,3,1,true,false,false,42,0,92.01,459.07,522.44
2026-01-01T17:50:00Z,statement_lookup,small,3,1,true,false,false,47,0,161.28,446.78,439.97
2026-01-01T17:55:00Z,transfer_history,very_large,3,6,false,false,false,57,7,188.65,424.91,1383.14
2026-01-01T18:00:00Z,transaction_history,small,0,3,true,true,true,48,5,126.84,281.38,458.32
2026-01-01T18:05:00Z,account_summary,large,4,6,true,false,false,38,0,129.17,246.35,899.03
2026-01-01T18:10:00Z,statement_lookup,small,4,3,false,false,false,36,0,124.73,222.62,471.00
2026-01-01T18:15:00Z,transfer_history,medium,1,3,false,false,false,38,2,110.88,280.50,287.92
2026-01-01T18:20:00Z,transaction_history,large,0,6,false,false,false,34,0,107.01,185.93,582.70
2026-01-01T18:25:00Z,transfer_history,tiny,3,6,true,true,false,34,0,102.63,251.32,615.78
2026-01-01T18:30:00Z,statement_lookup,medium,3,4,true,false,false,36,6,117.10,308.86,677.31
2026-01-01T18:35:00Z,account_summary,small,1,3,false,false,false,42,3,117.15,235.47,301.79
2026-01-01T18:40:00Z,member_search,small,0,3,true,true,true,31,0,106.76,256.09,540.10
2026-01-01T18:45:00Z,member_search,medium,3,1,false,false,false,30,2,118.09,290.07,441.11
2026-01-01T18:50:00Z,transaction_history,medium,4,1,true,true,false,27,0,107.99,302.08,728.05
2026-01-01T18:55:00Z,statement_lookup,small,2,2,false,true,false,48,14,183.42,324.66,596.87
2026-01-01T19:00:00Z,transfer_history,medium,1,5,false,false,false,43,0,92.22,223.18,462.81
2026-01-01T19:05:00Z,member_search,tiny,3,2,true,false,false,43,0,127.70,272.50,283.93
2026-01-01T19:10:00Z,account_summary,tiny,4,1,true,false,false,32,0,89.94,352.59,330.45
2026-01-01T19:15:00Z,transfer_history,medium,3,6,true,false,false,39,1,115.72,281.36,672.15
2026-01-01T19:20:00Z,transfer_history,large,3,5,true,true,true,38,0,117.03,199.95,965.01
2026-01-01T19:25:00Z,account_summary,very_large,1,5,true,false,false,36,3,119.83,268.03,1246.56
2026-01-01T19:30:00Z,transaction_history,small,4,5,true,false,false,31,0,124.80,249.50,547.65
2026-01-01T19:35:00Z,member_search,small,4,1,false,false,false,42,9,155.92,326.59,582.01
2026-01-01T19:40:00Z,account_summary,large,1,3,false,true,true,20,0,102.52,216.01,671.89
2026-01-01T19:45:00Z,account_summary,medium,4,1,true,false,false,35,0,138.78,321.78,542.15
2026-01-01T19:50:00Z,statement_lookup,large,1,3,true,true,true,44,11,162.13,316.48,1100.26
2026-01-01T19:55:00Z,account_summary,large,0,5,false,false,false,43,0,131.09,318.84,447.27
2026-01-01T20:00:00Z,member_search,large,0,6,true,false,false,30,0,82.39,221.17,635.78
2026-01-01T20:05:00Z,account_summary,tiny,2,1,true,true,false,28,0,94.15,286.29,421.50
2026-01-01T20:10:00Z,member_search,very_large,3,5,false,false,false,43,3,104.63,273.67,1151.10
2026-01-01T20:15:00Z,account_summary,tiny,2,4,true,false,false,42,0,125.94,348.23,233.40
2026-01-01T20:20:00Z,transaction_history,small,3,1,true,true,true,23,0,49.16,154.35,533.81
2026-01-01T20:25:00Z,verification_audit,medium,1,4,false,false,false,38,0,102.34,280.46,581.46
2026-01-01T20:30:00Z,account_summary,large,1,5,true,false,false,37,0,121.99,332.57,771.65
2026-01-01T20:35:00Z,account_summary,tiny,1,1,true,false,false,29,0,111.75,249.82,331.57
2026-01-01T20:40:00Z,transaction_history,very_large,4,2,true,true,true,49,0,132.37,238.18,1664.76
2026-01-01T20:45:00Z,account_summary,small,2,3,true,false,false,24,0,97.30,174.54,261.71
2026-01-01T20:50:00Z,member_search,large,3,2,true,false,false,37,0,87.44,324.98,787.53
2026-01-01T20:55:00Z,account_summary,medium,1,5,false,false,false,38,0,120.18,251.13,455.86
2026-01-01T21:00:00Z,statement_lookup,tiny,4,6,true,false,false,37,0,107.25,328.88,575.33
2026-01-01T21:05:00Z,verification_audit,medium,4,5,true,false,false,19,0,87.51,299.18,594.28
2026-01-01T21:10:00Z,account_summary,tiny,3,3,false,false,false,23,0,92.17,255.55,118.96
2026-01-01T21:15:00Z,account_summary,tiny,4,3,false,false,false,34,0,108.79,194.48,284.69
2026-01-01T21:20:00Z,member_search,large,0,6,false,false,false,29,7,141.98,304.23,588.46
2026-01-01T21:25:00Z,transfer_history,medium,2,4,false,false,false,29,0,69.85,213.20,438.46
2026-01-01T21:30:00Z,member_search,small,0,1,true,false,false,32,0,106.99,360.16,288.51
2026-01-01T21:35:00Z,account_summary,medium,0,5,true,false,false,30,0,94.94,179.63,222.11
2026-01-01T21:40:00Z,account_summary,tiny,3,3,false,false,false,37,0,129.00,411.67,257.67
2026-01-01T21:45:00Z,account_summary,tiny,3,5,false,true,false,39,0,126.00,278.93,285.23
2026-01-01T21:50:00Z,transaction_history,small,4,1,false,false,false,30,0,97.80,238.10,401.90
2026-01-01T21:55:00Z,member_search,tiny,1,4,false,true,false,37,4,137.01,200.41,415.34
2026-01-01T22:00:00Z,member_search,medium,4,2,true,true,true,29,0,68.33,298.89,546.34
2026-01-01T22:05:00Z,member_search,small,3,3,false,true,true,40,0,120.71,233.76,501.96
2026-01-01T22:10:00Z,transfer_history,small,1,2,false,false,false,32,0,104.07,344.39,258.97
2026-01-01T22:15:00Z,statement_lookup,small,3,3,true,false,false,21,0,84.19,243.44,544.20
2026-01-01T22:20:00Z,account_summary,small,0,3,true,false,false,30,0,97.40,255.83,208.43
2026-01-01T22:25:00Z,account_summary,medium,0,4,false,false,false,39,0,97.70,329.01,240.01
2026-01-01T22:30:00Z,account_summary,large,1,1,true,false,false,45,0,126.85,312.69,653.31
2026-01-01T22:35:00Z,member_search,tiny,4,3,false,true,false,44,4,127.66,318.17,556.84
2026-01-01T22:40:00Z,transfer_history,large,1,1,false,true,false,37,0,116.70,214.11,497.69
2026-01-01T22:45:00Z,transfer_history,very_large,0,5,false,false,false,21,0,66.75,266.71,947.73
2026-01-01T22:50:00Z,transaction_history,large,1,3,false,false,false,35,0,126.42,283.97,489.89
2026-01-01T22:55:00Z,transaction_history,small,0,3,false,false,false,43,0,132.15,314.86,297.84
2026-01-01T23:00:00Z,member_search,medium,2,1,false,false,false,40,0,111.54,300.09,356.15
2026-01-01T23:05:00Z,statement_lookup,large,4,1,false,true,true,47,0,142.72,313.23,813.77
2026-01-01T23:10:00Z,transaction_history,medium,0,5,false,true,true,56,6,154.81,402.25,668.35
2026-01-01T23:15:00Z,member_search,medium,3,5,false,false,false,40,2,140.03,206.90,627.92
2026-01-01T23:20:00Z,transaction_history,small,0,5,false,false,false,39,0,125.28,175.48,329.05
2026-01-01T23:25:00Z,transaction_history,small,2,5,false,true,true,25,0,88.59,214.53,721.80
2026-01-01T23:30:00Z,statement_lookup,small,2,6,false,false,false,49,0,133.63,255.85,287.27
2026-01-01T23:35:00Z,account_summary,small,1,2,true,false,false,43,5,149.99,269.61,423.76
2026-01-01T23:40:00Z,statement_lookup,medium,3,3,true,false,false,32,0,81.86,261.61,576.25
2026-01-01T23:45:00Z,statement_lookup,large,3,1,false,true,true,34,2,93.30,301.96,866.76
2026-01-01T23:50:00Z,transaction_history,medium,1,5,false,false,false,37,0,66.43,204.81,221.32
2026-01-01T23:55:00Z,statement_lookup,large,1,4,true,false,false,42,4,144.06,366.58,942.69
2026-01-02T00:00:00Z,account_summary,large,1,4,false,false,false,21,0,84.90,297.64,493.17
2026-01-02T00:05:00Z,transfer_history,very_large,0,1,false,false,false,40,0,113.90,290.81,962.15
2026-01-02T00:10:00Z,transaction_history,large,2,2,true,false,false,51,0,128.68,304.60,916.65
2026-01-02T00:15:00Z,member_search,small,0,5,false,false,false,35,0,90.37,326.36,253.01
2026-01-02T00:20:00Z,statement_lookup,large,0,6,true,true,false,49,1,149.39,377.12,845.55
2026-01-02T00:25:00Z,member_search,medium,4,3,false,true,true,30,0,92.34,280.53,631.11
2026-01-02T00:30:00Z,transaction_history,small,3,5,true,true,false,38,0,123.59,307.86,738.29
2026-01-02T00:35:00Z,member_search,small,1,1,true,true,true,39,2,106.53,249.14,499.13
2026-01-02T00:40:00Z,transaction_history,very_large,4,2,true,false,false,37,0,123.14,229.90,1361.56
2026-01-02T00:45:00Z,transfer_history,medium,1,4,true,true,true,47,0,115.74,351.32,626.21
2026-01-02T00:50:00Z,statement_lookup,very_large,2,1,false,true,true,36,1,127.71,306.96,1166.16
2026-01-02T00:55:00Z,transaction_history,medium,3,6,false,false,false,32,0,94.92,221.28,478.69
2026-01-02T01:00:00Z,statement_lookup,very_large,4,5,true,false,false,43,1,132.75,228.55,1305.31
2026-01-02T01:05:00Z,verification_audit,medium,1,4,true,false,false,32,0,84.48,302.31,349.12
2026-01-02T01:10:00Z,transaction_history,tiny,3,2,false,true,false,31,0,103.25,293.15,370.61
2026-01-02T01:15:00Z,account_summary,small,4,1,false,false,false,37,0,89.71,231.24,367.85
2026-01-02T01:20:00Z,transfer_history,medium,3,3,true,false,false,30,0,81.19,255.67,520.96
2026-01-02T01:25:00Z,account_summary,small,1,1,false,true,true,33,1,125.89,196.20,362.13
2026-01-02T01:30:00Z,member_search,tiny,1,6,false,false,false,38,0,118.17,308.47,220.86
2026-01-02T01:35:00Z,account_summary,tiny,1,6,true,false,false,33,1,105.61,183.76,272.63
2026-01-02T01:40:00Z,member_search,large,2,3,false,false,false,41,0,124.52,234.25,716.97
2026-01-02T01:45:00Z,transaction_history,very_large,4,4,true,false,false,8,0,65.48,265.23,1266.00
2026-01-02T01:50:00Z,transaction_history,large,2,2,false,false,false,22,0,103.55,284.46,649.01
2026-01-02T01:55:00Z,transaction_history,tiny,3,1,true,false,false,41,5,130.22,254.25,584.65
2026-01-02T02:00:00Z,verification_audit,large,0,1,false,false,false,42,0,133.05,239.80,605.21
2026-01-02T02:05:00Z,account_summary,small,2,4,false,true,false,29,1,104.42,249.97,310.43
2026-01-02T02:10:00Z,statement_lookup,small,0,2,false,false,false,44,2,127.46,314.78,195.24
2026-01-02T02:15:00Z,statement_lookup,small,1,1,false,false,false,27,0,93.04,179.36,256.93
2026-01-02T02:20:00Z,member_search,very_large,3,1,false,false,false,34,0,104.13,276.24,910.09
2026-01-02T02:25:00Z,member_search,tiny,3,5,false,false,false,40,0,107.93,339.92,238.60
2026-01-02T02:30:00Z,transaction_history,large,0,6,true,false,false,44,0,111.16,346.59,700.00
2026-01-02T02:35:00Z,transaction_history,large,3,2,true,true,false,31,0,103.99,248.46,999.17
2026-01-02T02:40:00Z,transaction_history,medium,0,5,true,false,false,34,0,110.25,341.55,472.07
2026-01-02T02:45:00Z,transfer_history,medium,4,4,false,false,false,48,3,145.40,293.52,624.49
2026-01-02T02:50:00Z,statement_lookup,large,4,5,false,true,true,44,1,147.63,243.12,781.00
2026-01-02T02:55:00Z,account_summary,medium,2,5,true,false,false,32,0,103.79,189.17,396.43
2026-01-02T03:00:00Z,transfer_history,small,2,5,true,true,true,45,0,102.86,312.65,567.47
2026-01-02T03:05:00Z,statement_lookup,very_large,1,6,false,false,false,41,11,140.11,249.25,1214.87
2026-01-02T03:10:00Z,transaction_history,very_large,4,3,true,false,false,28,2,88.56,329.05,1410.27
2026-01-02T03:15:00Z,transfer_history,tiny,4,5,true,false,false,34,0,67.63,361.82,601.45
2026-01-02T03:20:00Z,transaction_history,small,3,5,false,false,false,40,0,75.71,242.23,424.03
2026-01-02T03:25:00Z,transaction_history,small,0,6,false,false,false,23,0,77.37,240.71,373.92
2026-01-02T03:30:00Z,account_summary,medium,4,4,true,false,false,39,0,102.15,333.92,475.30
2026-01-02T03:35:00Z,member_search,very_large,3,3,false,true,true,29,0,115.36,253.10,1251.89
2026-01-02T03:40:00Z,verification_audit,medium,0,2,true,false,false,33,0,96.66,200.44,552.17
2026-01-02T03:45:00Z,transaction_history,small,1,2,false,false,false,53,0,165.18,267.70,266.05
2026-01-02T03:50:00Z,member_search,medium,3,5,true,false,false,45,0,125.19,353.49,749.44
2026-01-02T03:55:00Z,account_summary,small,1,4,true,false,false,39,0,122.30,257.79,392.22
2026-01-02T04:00:00Z,member_search,very_large,4,6,false,false,false,32,10,147.08,343.30,1053.45
2026-01-02T04:05:00Z,account_summary,tiny,0,5,false,true,true,47,0,128.41,233.00,368.60
2026-01-02T04:10:00Z,statement_lookup,small,3,2,true,false,false,24,0,111.16,171.12,563.55
2026-01-02T04:15:00Z,transfer_history,small,2,2,false,false,false,30,0,113.88,277.47,391.89
2026-01-02T04:20:00Z,transfer_history,large,4,1,false,true,true,27,0,90.50,302.35,858.53
2026-01-02T04:25:00Z,member_search,small,2,5,true,false,false,29,0,77.58,254.91,437.79
2026-01-02T04:30:00Z,member_search,large,1,4,false,true,true,33,0,96.05,299.21,673.43
2026-01-02T04:35:00Z,statement_lookup,large,2,4,true,false,false,29,0,123.86,271.23,690.66
2026-01-02T04:40:00Z,verification_audit,large,4,4,true,false,false,32,0,136.78,309.96,788.87
2026-01-02T04:45:00Z,transaction_history,medium,4,5,false,false,false,32,0,94.59,429.02,540.96
2026-01-02T04:50:00Z,account_summary,medium,2,6,true,true,true,30,0,117.49,280.14,569.43
2026-01-02T04:55:00Z,account_summary,medium,3,1,false,false,false,46,7,172.14,379.81,444.61
2026-01-02T05:00:00Z,transaction_history,very_large,4,3,false,true,true,46,0,113.09,316.26,1167.59
2026-01-02T05:05:00Z,transaction_history,small,4,4,false,false,false,24,0,93.98,197.81,517.05
2026-01-02T05:10:00Z,transfer_history,tiny,0,5,false,true,true,36,0,110.62,285.38,366.78
2026-01-02T05:15:00Z,member_search,medium,3,1,false,false,false,35,0,118.09,262.12,471.51
2026-01-02T05:20:00Z,member_search,medium,0,4,true,false,false,48,0,130.34,323.93,539.90
2026-01-02T05:25:00Z,account_summary,tiny,2,4,true,false,false,26,0,78.25,245.24,366.57
2026-01-02T05:30:00Z,statement_lookup,medium,3,3,false,false,false,38,0,120.41,224.09,409.47
2026-01-02T05:35:00Z,transaction_history,small,1,2,false,true,true,29,0,110.64,271.51,411.83
2026-01-02T05:40:00Z,transaction_history,very_large,1,6,false,false,false,52,0,145.32,373.13,1109.90
2026-01-02T05:45:00Z,transaction_history,very_large,0,2,true,false,false,44,0,148.17,328.62,1129.47
2026-01-02T05:50:00Z,member_search,small,2,1,false,true,false,41,6,130.44,258.96,460.25
2026-01-02T05:55:00Z,statement_lookup,small,2,1,false,true,true,29,2,104.75,259.64,381.11
2026-01-02T06:00:00Z,transaction_history,small,1,6,true,false,false,35,0,121.66,313.64,453.66
2026-01-02T06:05:00Z,statement_lookup,tiny,0,4,true,true,false,37,1,122.88,396.78,334.70
2026-01-02T06:10:00Z,account_summary,large,3,4,false,true,true,31,0,99.24,244.58,707.61
2026-01-02T06:15:00Z,account_summary,medium,1,3,false,false,false,35,1,109.65,315.52,372.32
2026-01-02T06:20:00Z,transfer_history,medium,3,3,false,false,false,33,4,106.70,228.82,458.70
2026-01-02T06:25:00Z,account_summary,small,2,6,false,false,false,33,0,92.69,286.44,199.31
2026-01-02T06:30:00Z,statement_lookup,tiny,3,1,true,false,false,39,0,129.61,233.07,387.95
2026-01-02T06:35:00Z,transfer_history,tiny,0,3,true,false,false,26,0,105.75,97.67,395.94
2026-01-02T06:40:00Z,verification_audit,small,1,4,false,false,false,41,0,117.66,268.19,409.88
2026-01-02T06:45:00Z,account_summary,very_large,2,1,false,false,false,41,0,109.86,298.96,909.01
2026-01-02T06:50:00Z,member_search,tiny,2,3,false,true,true,30,0,96.75,233.30,515.09
2026-01-02T06:55:00Z,transfer_history,very_large,2,3,false,false,false,34,0,141.90,280.63,1098.63
2026-01-02T07:00:00Z,statement_lookup,large,2,5,false,false,false,42,0,124.53,317.48,556.04
2026-01-02T07:05:00Z,statement_lookup,tiny,0,3,false,false,false,40,0,144.29,432.86,87.50
2026-01-02T07:10:00Z,transfer_history,large,3,4,false,false,false,60,4,170.78,457.78,801.24
2026-01-02T07:15:00Z,account_summary,medium,4,3,false,true,false,57,14,209.79,364.96,731.03
2026-01-02T07:20:00Z,account_summary,medium,3,5,false,true,true,39,3,124.69,294.88,609.21
2026-01-02T07:25:00Z,transaction_history,tiny,0,2,false,false,false,45,0,144.23,411.66,484.20
2026-01-02T07:30:00Z,transfer_history,medium,3,5,false,true,true,31,0,103.77,381.18,470.67
2026-01-02T07:35:00Z,transaction_history,large,2,3,true,false,false,40,0,127.61,354.57,756.61
2026-01-02T07:40:00Z,transaction_history,medium,3,3,false,false,false,49,9,140.58,291.49,428.36
2026-01-02T07:45:00Z,transaction_history,very_large,2,5,true,true,true,40,2,102.02,439.78,1333.10
2026-01-02T07:50:00Z,transaction_history,large,0,2,true,true,false,47,0,120.43,458.54,941.77
2026-01-02T07:55:00Z,account_summary,medium,2,1,false,true,false,38,0,140.47,469.28,393.46
2026-01-02T08:00:00Z,transaction_history,medium,2,5,false,false,false,53,10,185.60,584.16,506.00
2026-01-02T08:05:00Z,statement_lookup,very_large,2,5,true,false,false,45,0,168.49,447.46,1251.23
2026-01-02T08:10:00Z,statement_lookup,tiny,2,4,false,false,false,46,3,136.17,478.67,365.39
2026-01-02T08:15:00Z,transfer_history,medium,4,6,false,false,false,54,1,152.45,492.67,533.46
2026-01-02T08:20:00Z,account_summary,small,0,1,false,false,false,52,9,200.44,549.31,357.31
2026-01-02T08:25:00Z,transfer_history,small,0,1,false,false,false,53,10,161.80,543.19,306.83
2026-01-02T08:30:00Z,verification_audit,large,2,2,false,true,false,55,9,169.25,536.43,799.95
2026-01-02T08:35:00Z,transaction_history,small,0,2,false,false,false,54,0,123.28,563.65,204.06
2026-01-02T08:40:00Z,transfer_history,medium,4,3,true,false,false,55,8,177.30,562.76,673.28
2026-01-02T08:45:00Z,verification_audit,very_large,0,1,true,false,false,57,0,158.57,605.70,1499.18
2026-01-02T08:50:00Z,member_search,very_large,1,1,false,false,false,57,5,155.24,502.54,1065.95
2026-01-02T08:55:00Z,account_summary,small,2,5,true,false,false,39,2,143.36,492.23,380.26
2026-01-02T09:00:00Z,transaction_history,tiny,4,1,false,false,false,53,6,157.61,628.92,522.49
2026-01-02T09:05:00Z,transaction_history,large,2,5,true,false,false,54,10,161.18,650.37,1023.05
2026-01-02T09:10:00Z,transaction_history,medium,0,2,false,true,false,57,0,166.23,608.81,474.59
2026-01-02T09:15:00Z,transaction_history,very_large,0,1,true,false,false,59,3,138.54,576.55,1315.18
2026-01-02T09:20:00Z,transfer_history,tiny,3,1,true,false,false,56,1,122.66,639.15,324.44
2026-01-02T09:25:00Z,transaction_history,medium,3,4,true,true,false,60,4,195.10,658.46,785.00
2026-01-02T09:30:00Z,transaction_history,small,4,4,true,false,false,59,7,171.69,812.78,697.03
2026-01-02T09:35:00Z,account_summary,very_large,4,6,false,false,false,62,4,177.37,534.02,1010.23
2026-01-02T09:40:00Z,transaction_history,large,0,1,true,true,true,61,10,178.77,669.89,1173.95
2026-01-02T09:45:00Z,account_summary,medium,3,3,true,false,false,47,1,119.11,571.60,699.93
2026-01-02T09:50:00Z,statement_lookup,large,0,3,false,false,false,81,11,238.53,814.48,933.08
2026-01-02T09:55:00Z,account_summary,medium,2,2,false,true,true,56,18,203.37,579.82,598.95
2026-01-02T10:00:00Z,account_summary,large,0,4,false,false,false,61,6,155.88,702.26,575.40
2026-01-02T10:05:00Z,transfer_history,large,2,4,false,false,false,39,0,110.61,659.56,697.74
2026-01-02T10:10:00Z,transfer_history,medium,4,3,false,false,false,62,1,121.22,627.78,562.24
2026-01-02T10:15:00Z,account_summary,medium,2,1,true,false,false,58,2,161.40,707.20,458.08
2026-01-02T10:20:00Z,verification_audit,very_large,4,6,false,false,false,57,4,158.19,767.41,1209.82
2026-01-02T10:25:00Z,transfer_history,tiny,0,4,true,false,false,55,0,176.00,768.75,335.34
2026-01-02T10:30:00Z,statement_lookup,tiny,3,2,false,true,true,82,24,292.86,815.72,1317.77
2026-01-02T10:35:00Z,transfer_history,tiny,0,5,true,false,false,67,6,192.87,709.52,707.75
2026-01-02T10:40:00Z,statement_lookup,medium,1,6,false,false,false,64,4,156.70,907.24,424.47
2026-01-02T10:45:00Z,transfer_history,large,0,3,false,false,false,86,20,268.49,732.55,955.57
2026-01-02T10:50:00Z,transaction_history,small,0,4,true,false,false,61,8,205.72,815.42,591.36
2026-01-02T10:55:00Z,account_summary,medium,3,4,false,true,true,56,8,176.04,746.40,599.14
2026-01-02T11:00:00Z,account_summary,small,2,1,false,true,false,59,10,184.64,791.17,545.44
2026-01-02T11:05:00Z,account_summary,large,2,4,true,true,true,72,15,252.32,750.43,1315.27
2026-01-02T11:10:00Z,account_summary,tiny,1,3,false,false,false,67,11,186.49,807.59,483.37
2026-01-02T11:15:00Z,statement_lookup,small,2,4,false,false,false,73,1,168.69,744.87,411.57
2026-01-02T11:20:00Z,member_search,small,1,4,false,false,false,58,0,142.97,737.75,390.71
2026-01-02T11:25:00Z,statement_lookup,very_large,3,4,false,false,false,73,16,252.36,775.33,1514.49
2026-01-02T11:30:00Z,member_search,large,2,2,false,false,false,69,15,216.77,714.63,705.76
2026-01-02T11:35:00Z,member_search,medium,0,1,false,true,true,69,8,225.48,779.77,676.59
2026-01-02T11:40:00Z,member_search,tiny,2,4,false,false,false,69,7,168.42,801.48,347.80
2026-01-02T11:45:00Z,member_search,very_large,4,1,true,true,true,61,5,190.87,742.84,1593.25
2026-01-02T11:50:00Z,transfer_history,medium,1,6,false,false,false,60,6,175.56,731.08,682.28
2026-01-02T11:55:00Z,account_summary,medium,1,5,false,false,false,57,6,192.37,706.72,567.11
2026-01-02T12:00:00Z,verification_audit,medium,2,2,false,true,false,66,4,208.34,801.71,719.28
2026-01-02T12:05:00Z,account_summary,small,3,2,false,false,false,74,21,287.38,871.48,704.27
2026-01-02T12:10:00Z,transaction_history,small,0,3,true,false,false,56,0,151.28,759.32,499.23
2026-01-02T12:15:00Z,transaction_history,medium,3,2,false,false,false,65,8,164.44,777.71,614.12
2026-01-02T12:20:00Z,verification_audit,tiny,2,3,false,false,false,70,11,216.22,747.27,789.18
2026-01-02T12:25:00Z,account_summary,small,4,4,false,false,false,58,0,171.10,824.05,563.04
2026-01-02T12:30:00Z,transaction_history,small,3,1,false,true,true,59,5,175.92,781.17,741.45
2026-01-02T12:35:00Z,member_search,medium,1,6,false,false,false,52,3,149.99,745.77,488.60
2026-01-02T12:40:00Z,verification_audit,medium,1,4,true,false,false,69,12,225.75,819.45,761.61
2026-01-02T12:45:00Z,transfer_history,large,2,3,true,false,false,52,3,156.11,776.09,953.90
2026-01-02T12:50:00Z,member_search,large,4,1,true,false,false,65,1,181.75,688.04,1046.15
2026-01-02T12:55:00Z,transaction_history,tiny,3,6,false,false,false,47,10,162.36,752.23,582.87
2026-01-02T13:00:00Z,account_summary,medium,0,6,false,true,true,59,14,217.65,731.62,893.94
2026-01-02T13:05:00Z,statement_lookup,very_large,4,6,true,false,false,73,3,182.21,805.69,1551.38
2026-01-02T13:10:00Z,statement_lookup,tiny,2,6,true,false,false,76,14,257.08,742.92,518.37
2026-01-02T13:15:00Z,account_summary,tiny,0,5,true,false,false,59,6,180.69,743.26,407.17
2026-01-02T13:20:00Z,transaction_history,tiny,3,2,false,true,true,60,5,165.10,830.45,778.90
2026-01-02T13:25:00Z,transaction_history,medium,4,2,true,false,false,62,8,182.34,762.56,741.42
2026-01-02T13:30:00Z,member_search,tiny,3,4,true,true,false,68,3,173.18,851.74,677.36
2026-01-02T13:35:00Z,transaction_history,medium,3,4,true,true,true,60,3,156.71,671.83,818.64
2026-01-02T13:40:00Z,transfer_history,tiny,1,5,false,false,false,71,6,183.44,865.64,436.57
2026-01-02T13:45:00Z,member_search,small,2,4,false,false,false,49,7,145.82,847.55,490.81
2026-01-02T13:50:00Z,transaction_history,small,4,6,false,true,true,52,2,131.33,751.80,690.97
2026-01-02T13:55:00Z,transaction_history,large,4,5,true,false,false,78,13,229.38,814.48,1402.70
2026-01-02T14:00:00Z,transaction_history,tiny,0,1,true,false,false,51,2,167.52,677.81,381.55
2026-01-02T14:05:00Z,member_search,medium,0,3,true,false,false,69,0,162.58,811.90,621.91
2026-01-02T14:10:00Z,transaction_history,tiny,2,2,false,false,false,65,13,225.55,710.00,575.21
2026-01-02T14:15:00Z,member_search,very_large,1,6,false,true,true,63,6,189.47,745.86,1175.75
2026-01-02T14:20:00Z,account_summary,large,4,6,false,true,false,71,16,250.47,734.19,1287.99
2026-01-02T14:25:00Z,account_summary,small,4,1,false,true,true,62,0,162.70,761.40,584.73
2026-01-02T14:30:00Z,statement_lookup,tiny,1,1,false,false,false,64,8,159.20,694.06,254.62
2026-01-02T14:35:00Z,verification_audit,large,0,4,false,false,false,65,8,201.28,687.48,852.20
2026-01-02T14:40:00Z,transaction_history,small,1,6,false,false,false,71,20,228.11,817.82,631.89
2026-01-02T14:45:00Z,account_summary,large,0,6,false,true,false,72,9,194.24,764.07,830.31
2026-01-02T14:50:00Z,member_search,tiny,0,6,true,false,false,75,3,190.41,758.66,315.14
2026-01-02T14:55:00Z,member_search,medium,2,1,false,true,true,49,15,218.85,671.59,774.69
2026-01-02T15:00:00Z,member_search,large,4,4,true,false,false,70,12,230.04,544.68,1241.48
2026-01-02T15:05:00Z,transfer_history,tiny,1,1,true,false,false,54,0,145.95,562.00,473.12
2026-01-02T15:10:00Z,transfer_history,medium,4,4,false,true,true,73,8,202.41,649.71,681.28
2026-01-02T15:15:00Z,account_summary,tiny,2,3,false,false,false,68,14,190.82,595.41,478.63
2026-01-02T15:20:00Z,member_search,small,0,6,false,false,false,64,4,136.37,702.99,460.68
2026-01-02T15:25:00Z,verification_audit,small,3,2,false,false,false,54,0,110.66,780.41,460.96
2026-01-02T15:30:00Z,account_summary,small,3,6,true,true,true,55,2,137.72,585.73,449.79
2026-01-02T15:35:00Z,account_summary,small,3,6,false,true,true,59,0,139.43,695.96,483.02
2026-01-02T15:40:00Z,member_search,medium,4,4,false,false,false,64,14,215.63,699.48,699.81
2026-01-02T15:45:00Z,statement_lookup,small,0,3,true,false,false,54,6,185.69,597.78,452.09
2026-01-02T15:50:00Z,transfer_history,small,2,2,true,true,true,52,3,146.03,542.16,594.22
2026-01-02T15:55:00Z,member_search,large,2,1,false,true,true,55,5,148.09,724.18,825.38
2026-01-02T16:00:00Z,account_summary,tiny,2,6,false,true,false,47,2,131.46,586.34,381.05
2026-01-02T16:05:00Z,transaction_history,medium,2,5,true,true,false,48,0,145.87,528.07,609.64
2026-01-02T16:10:00Z,account_summary,small,1,3,true,false,false,57,8,183.93,574.17,341.94
2026-01-02T16:15:00Z,account_summary,small,3,6,false,true,false,58,1,156.00,633.07,578.95
2026-01-02T16:20:00Z,transaction_history,medium,0,6,false,false,false,57,0,110.44,546.35,364.18
2026-01-02T16:25:00Z,account_summary,medium,1,5,false,false,false,67,11,180.76,621.65,434.93
2026-01-02T16:30:00Z,transaction_history,medium,1,1,true,true,true,67,0,178.30,593.14,839.29
2026-01-02T16:35:00Z,transfer_history,tiny,4,4,true,true,true,39,0,118.28,353.25,643.11
2026-01-02T16:40:00Z,verification_audit,small,0,4,false,false,false,50,0,152.12,500.56,347.38
2026-01-02T16:45:00Z,member_search,medium,3,2,false,false,false,48,2,124.85,532.75,540.82
2026-01-02T16:50:00Z,account_summary,medium,3,6,true,true,true,58,11,151.71,577.67,699.99
2026-01-02T16:55:00Z,verification_audit,tiny,0,3,false,false,false,52,11,166.37,492.61,619.42
2026-01-02T17:00:00Z,statement_lookup,very_large,4,5,true,true,true,51,0,116.55,441.57,1522.62
2026-01-02T17:05:00Z,member_search,medium,1,3,false,true,true,61,6,186.17,409.03,509.59
2026-01-02T17:10:00Z,transaction_history,tiny,4,1,true,false,false,47,0,127.90,388.57,427.32
2026-01-02T17:15:00Z,account_summary,very_large,4,6,false,false,false,31,0,89.49,441.60,1065.89
2026-01-02T17:20:00Z,statement_lookup,small,2,6,true,false,false,44,0,117.26,460.54,357.69
2026-01-02T17:25:00Z,transaction_history,medium,4,4,false,false,false,54,5,134.45,462.86,508.02
2026-01-02T17:30:00Z,account_summary,large,1,1,false,true,true,51,2,109.89,401.49,767.50
2026-01-02T17:35:00Z,verification_audit,tiny,3,3,false,true,true,59,10,182.21,400.41,711.16
2026-01-02T17:40:00Z,transaction_history,small,4,2,false,false,false,41,1,130.83,392.46,603.42
2026-01-02T17:45:00Z,statement_lookup,small,1,3,false,true,false,49,0,145.35,400.60,360.73
2026-01-02T17:50:00Z,verification_audit,small,4,6,false,true,false,43,0,127.81,382.22,524.57
2026-01-02T17:55:00Z,transfer_history,medium,1,4,false,false,false,46,2,140.43,491.77,562.44
2026-01-02T18:00:00Z,account_summary,very_large,4,3,false,false,false,32,0,85.91,168.53,799.60
2026-01-02T18:05:00Z,transfer_history,medium,0,4,false,false,false,34,0,109.42,236.88,414.33
2026-01-02T18:10:00Z,member_search,large,4,2,false,false,false,37,0,115.32,345.23,915.88
2026-01-02T18:15:00Z,statement_lookup,tiny,1,6,false,false,false,44,3,147.40,333.76,391.40
2026-01-02T18:20:00Z,transaction_history,medium,0,2,true,false,false,44,0,139.87,282.76,550.28
2026-01-02T18:25:00Z,transaction_history,very_large,0,4,false,true,true,45,0,134.56,264.35,1254.09
2026-01-02T18:30:00Z,transfer_history,small,2,3,false,false,false,39,0,122.55,334.12,167.18
2026-01-02T18:35:00Z,transaction_history,large,3,3,false,false,false,40,0,77.60,264.61,942.15
2026-01-02T18:40:00Z,transaction_history,very_large,2,1,true,false,false,50,2,147.59,313.45,1470.84
2026-01-02T18:45:00Z,transaction_history,medium,1,6,false,false,false,46,0,150.89,337.68,441.56
2026-01-02T18:50:00Z,statement_lookup,tiny,3,6,true,true,true,31,0,126.53,230.45,427.10
2026-01-02T18:55:00Z,account_summary,small,1,6,true,false,false,33,0,114.91,260.40,376.79
2026-01-02T19:00:00Z,member_search,medium,2,2,false,false,false,33,0,128.96,303.79,236.11
2026-01-02T19:05:00Z,transaction_history,tiny,2,4,true,false,false,37,0,106.04,277.57,591.74
2026-01-02T19:10:00Z,verification_audit,small,1,5,true,false,false,33,1,103.91,290.78,490.84
2026-01-02T19:15:00Z,statement_lookup,very_large,0,6,false,false,false,42,0,108.28,338.59,939.92
2026-01-02T19:20:00Z,account_summary,small,2,1,true,false,false,38,1,111.62,281.55,261.19
2026-01-02T19:25:00Z,member_search,medium,3,4,false,false,false,40,0,126.81,198.29,355.18
2026-01-02T19:30:00Z,member_search,medium,3,1,false,false,false,46,8,135.71,315.88,649.16
2026-01-02T19:35:00Z,account_summary,small,3,4,true,true,true,55,10,205.88,353.00,676.03
2026-01-02T19:40:00Z,transaction_history,small,1,6,true,true,true,27,0,92.90,254.55,681.97
2026-01-02T19:45:00Z,statement_lookup,tiny,1,6,true,false,false,42,0,122.56,281.87,205.90
2026-01-02T19:50:00Z,transfer_history,small,2,4,true,false,false,47,1,123.69,329.41,557.47
2026-01-02T19:55:00Z,statement_lookup,large,4,1,true,false,false,44,0,118.96,382.59,926.57
2026-01-02T20:00:00Z,account_summary,medium,4,2,false,false,false,47,4,134.08,295.20,525.40
2026-01-02T20:05:00Z,member_search,large,2,6,true,false,false,48,0,118.99,273.67,899.13
2026-01-02T20:10:00Z,member_search,large,0,4,true,false,false,40,0,117.18,210.95,828.11
2026-01-02T20:15:00Z,statement_lookup,large,3,2,false,false,false,27,0,108.23,193.74,673.76
2026-01-02T20:20:00Z,statement_lookup,large,4,1,false,true,false,21,0,90.32,188.52,806.07
2026-01-02T20:25:00Z,member_search,medium,2,4,true,false,false,36,0,112.18,223.38,536.66
2026-01-02T20:30:00Z,account_summary,very_large,4,5,false,false,false,40,0,103.33,220.90,1011.73
2026-01-02T20:35:00Z,transaction_history,large,4,2,false,false,false,51,0,138.13,249.84,779.91
2026-01-02T20:40:00Z,transaction_history,tiny,0,2,true,true,false,38,0,91.76,301.04,396.25
2026-01-02T20:45:00Z,statement_lookup,tiny,3,5,false,false,false,39,3,138.42,279.88,358.69
2026-01-02T20:50:00Z,transaction_history,tiny,0,3,true,true,true,23,0,77.79,406.87,370.50
2026-01-02T20:55:00Z,transfer_history,small,0,4,false,false,false,41,2,134.96,250.01,380.51
2026-01-02T21:00:00Z,account_summary,medium,3,4,true,true,false,34,0,83.21,309.39,572.27
2026-01-02T21:05:00Z,member_search,tiny,2,6,false,false,false,25,0,93.84,264.59,307.00
2026-01-02T21:10:00Z,statement_lookup,small,4,1,false,false,false,32,0,102.77,283.62,336.88
2026-01-02T21:15:00Z,verification_audit,small,3,2,false,false,false,31,0,89.71,235.92,399.24
2026-01-02T21:20:00Z,transfer_history,medium,3,4,false,false,false,44,0,107.26,204.40,462.35
2026-01-02T21:25:00Z,transfer_history,medium,2,5,false,false,false,45,0,115.36,331.91,466.69
2026-01-02T21:30:00Z,transfer_history,large,2,3,false,false,false,37,0,153.44,260.71,636.10
2026-01-02T21:35:00Z,member_search,large,4,6,true,false,false,41,0,121.99,259.52,916.96
2026-01-02T21:40:00Z,account_summary,large,0,2,false,false,false,41,0,91.02,374.57,564.56
2026-01-02T21:45:00Z,statement_lookup,small,0,1,true,false,false,43,2,95.73,323.36,203.76
2026-01-02T21:50:00Z,transaction_history,small,1,1,false,false,false,46,5,101.62,256.19,330.09
2026-01-02T21:55:00Z,account_summary,tiny,3,6,true,false,false,37,0,119.05,228.41,366.28
2026-01-02T22:00:00Z,account_summary,medium,4,3,true,false,false,44,0,110.63,376.94,501.39
2026-01-02T22:05:00Z,transaction_history,small,3,3,false,true,false,46,2,148.58,384.72,649.61
2026-01-02T22:10:00Z,account_summary,medium,4,6,false,false,false,46,0,121.58,323.00,465.09
2026-01-02T22:15:00Z,transaction_history,medium,4,3,true,false,false,28,0,91.27,233.93,802.39
2026-01-02T22:20:00Z,account_summary,very_large,3,6,true,false,false,59,16,181.37,259.45,1646.91
2026-01-02T22:25:00Z,verification_audit,medium,0,1,false,true,true,26,2,117.15,232.90,444.33
2026-01-02T22:30:00Z,transaction_history,large,3,4,true,false,false,41,1,148.14,310.90,1008.94
2026-01-02T22:35:00Z,member_search,medium,2,5,true,true,true,37,3,98.01,257.91,576.09
2026-01-02T22:40:00Z,member_search,small,1,1,true,false,false,39,0,111.61,297.14,262.96
2026-01-02T22:45:00Z,transaction_history,small,4,2,false,false,false,43,0,124.78,243.70,573.79
2026-01-02T22:50:00Z,account_summary,tiny,3,6,true,false,false,32,0,135.70,249.10,319.13
2026-01-02T22:55:00Z,transfer_history,medium,0,5,true,false,false,26,0,92.37,150.98,525.58
2026-01-02T23:00:00Z,account_summary,medium,2,5,false,true,false,20,0,93.30,191.21,271.35
2026-01-02T23:05:00Z,statement_lookup,tiny,4,1,true,false,false,35,0,94.89,307.28,479.20
2026-01-02T23:10:00Z,member_search,small,2,6,false,true,true,47,0,132.02,381.45,550.05
2026-01-02T23:15:00Z,account_summary,small,0,6,true,true,false,23,0,65.08,272.10,271.81
2026-01-02T23:20:00Z,verification_audit,small,3,4,true,false,false,30,7,135.79,228.85,542.86
2026-01-02T23:25:00Z,transaction_history,medium,4,2,false,false,false,54,13,168.65,373.73,682.24
2026-01-02T23:30:00Z,statement_lookup,medium,0,4,false,false,false,54,6,142.64,290.49,396.04
2026-01-02T23:35:00Z,statement_lookup,small,3,2,false,true,false,29,0,84.82,220.01,481.02
2026-01-02T23:40:00Z,verification_audit,tiny,1,5,false,false,false,24,0,111.39,251.37,326.28
2026-01-02T23:45:00Z,account_summary,tiny,2,5,false,false,false,52,0,124.99,322.50,235.93
2026-01-02T23:50:00Z,member_search,large,4,1,false,false,false,31,0,88.33,316.62,720.33
2026-01-02T23:55:00Z,account_summary,large,2,3,false,false,false,35,0,127.35,342.47,399.87
2026-01-03T00:00:00Z,transfer_history,large,2,1,false,true,false,39,6,103.90,272.27,825.11
2026-01-03T00:05:00Z,member_search,tiny,2,3,false,true,true,33,0,105.58,203.59,384.19
2026-01-03T00:10:00Z,transfer_history,very_large,0,6,false,false,false,33,1,115.10,293.55,1047.71
2026-01-03T00:15:00Z,transaction_history,tiny,2,3,false,true,true,42,9,159.33,345.97,700.81
2026-01-03T00:20:00Z,transaction_history,small,0,5,true,true,true,24,0,94.00,242.23,502.01
2026-01-03T00:25:00Z,transfer_history,tiny,1,4,true,false,false,28,0,99.21,366.80,337.88
2026-01-03T00:30:00Z,account_summary,medium,4,1,true,false,false,31,0,76.50,316.27,381.62
2026-01-03T00:35:00Z,transfer_history,medium,0,4,true,false,false,54,0,130.05,399.88,508.39
2026-01-03T00:40:00Z,member_search,very_large,4,5,false,false,false,31,0,145.32,264.28,1335.97
2026-01-03T00:45:00Z,verification_audit,medium,0,1,false,false,false,33,0,111.78,267.35,337.12
2026-01-03T00:50:00Z,account_summary,small,2,5,false,true,true,52,13,196.78,336.39,557.31
2026-01-03T00:55:00Z,member_search,medium,4,1,true,false,false,40,0,108.51,236.56,647.17
2026-01-03T01:00:00Z,statement_lookup,small,1,3,true,true,false,35,0,80.11,305.20,328.77
2026-01-03T01:05:00Z,statement_lookup,large,4,6,false,false,false,36,0,112.14,255.09,808.24
2026-01-03T01:10:00Z,statement_lookup,medium,2,4,false,true,false,19,0,94.22,231.40,475.33
2026-01-03T01:15:00Z,transaction_history,medium,0,4,false,false,false,43,0,133.46,299.57,511.30
2026-01-03T01:20:00Z,account_summary,very_large,2,3,true,true,true,43,0,135.85,354.70,1235.59
2026-01-03T01:25:00Z,transaction_history,large,2,5,false,false,false,36,1,115.82,253.65,723.29
2026-01-03T01:30:00Z,transfer_history,small,2,2,true,false,false,41,0,89.90,216.63,325.10
2026-01-03T01:35:00Z,verification_audit,large,1,1,false,true,true,40,0,98.32,264.43,732.13
2026-01-03T01:40:00Z,account_summary,very_large,0,4,false,false,false,29,0,81.38,220.92,863.41
2026-01-03T01:45:00Z,member_search,medium,1,3,false,true,true,36,3,135.14,270.93,468.59
2026-01-03T01:50:00Z,member_search,tiny,1,6,true,false,false,29,0,80.84,314.86,336.64
2026-01-03T01:55:00Z,statement_lookup,tiny,2,6,true,false,false,38,0,137.46,221.13,275.75
2026-01-03T02:00:00Z,statement_lookup,small,2,4,true,false,false,39,0,137.72,322.22,290.22
2026-01-03T02:05:00Z,statement_lookup,tiny,0,1,false,false,false,37,0,90.40,237.14,92.11
2026-01-03T02:10:00Z,member_search,small,1,3,false,false,false,31,0,70.27,300.29,349.15
2026-01-03T02:15:00Z,transaction_history,large,3,3,false,true,true,40,0,107.16,301.03,695.85
2026-01-03T02:20:00Z,transfer_history,medium,2,2,true,false,false,48,0,119.80,342.88,528.75
2026-01-03T02:25:00Z,transfer_history,tiny,2,1,true,false,false,42,8,155.65,435.89,493.21
2026-01-03T02:30:00Z,account_summary,medium,4,5,false,true,true,31,0,110.22,317.89,446.98
2026-01-03T02:35:00Z,account_summary,medium,4,1,true,false,false,40,0,103.76,363.79,514.74
2026-01-03T02:40:00Z,transaction_history,medium,0,2,true,true,true,45,0,103.14,247.26,598.65
2026-01-03T02:45:00Z,transaction_history,large,0,6,true,false,false,47,1,76.98,302.06,628.95
2026-01-03T02:50:00Z,verification_audit,tiny,1,6,true,false,false,42,0,112.17,353.68,484.94
2026-01-03T02:55:00Z,transaction_history,tiny,1,3,true,false,false,39,0,139.82,214.59,379.88
2026-01-03T03:00:00Z,statement_lookup,very_large,1,5,true,false,false,32,0,99.03,221.94,1038.22
2026-01-03T03:05:00Z,transfer_history,medium,3,4,false,false,false,41,0,117.81,262.49,512.91
2026-01-03T03:10:00Z,member_search,small,2,6,false,false,false,37,0,100.48,277.40,388.87
2026-01-03T03:15:00Z,account_summary,small,3,4,false,false,false,49,3,134.93,272.16,455.38
2026-01-03T03:20:00Z,account_summary,large,2,5,false,true,true,28,0,99.89,242.17,571.68
2026-01-03T03:25:00Z,transaction_history,small,4,6,false,true,false,39,0,120.64,316.41,619.69
2026-01-03T03:30:00Z,member_search,tiny,4,6,true,false,false,31,0,94.99,243.66,497.93
2026-01-03T03:35:00Z,transfer_history,medium,2,2,true,false,false,50,2,156.71,321.30,638.55
2026-01-03T03:40:00Z,transaction_history,small,1,5,false,true,false,29,0,88.18,231.08,452.58
2026-01-03T03:45:00Z,transfer_history,medium,4,6,false,false,false,36,0,97.82,348.25,684.18
2026-01-03T03:50:00Z,transaction_history,medium,2,5,false,false,false,43,1,134.66,204.50,427.26
2026-01-03T03:55:00Z,transaction_history,medium,4,1,false,false,false,33,0,116.96,167.02,770.82
2026-01-03T04:00:00Z,transaction_history,very_large,2,3,true,false,false,39,1,111.06,221.46,1514.02
2026-01-03T04:05:00Z,statement_lookup,large,1,5,true,true,true,33,0,84.55,332.44,890.35
2026-01-03T04:10:00Z,statement_lookup,very_large,3,1,false,false,false,44,0,169.91,348.25,1075.54
2026-01-03T04:15:00Z,transaction_history,large,1,3,true,false,false,39,0,116.04,218.79,866.67
2026-01-03T04:20:00Z,account_summary,small,3,2,false,false,false,34,3,132.60,247.60,437.58
2026-01-03T04:25:00Z,transfer_history,large,4,2,false,true,true,25,0,108.90,277.03,1012.74
2026-01-03T04:30:00Z,transaction_history,large,1,3,true,false,false,30,0,101.71,341.20,816.43
2026-01-03T04:35:00Z,member_search,medium,2,4,true,true,false,36,0,118.30,306.97,493.53
2026-01-03T04:40:00Z,member_search,tiny,0,2,true,false,false,23,0,66.46,227.15,139.51
2026-01-03T04:45:00Z,transaction_history,medium,1,4,false,false,false,29,0,66.48,345.52,527.63
2026-01-03T04:50:00Z,account_summary,tiny,0,5,false,false,false,31,0,112.09,236.97,336.99
2026-01-03T04:55:00Z,verification_audit,tiny,1,1,false,true,false,16,0,74.21,185.46,289.40
2026-01-03T05:00:00Z,account_summary,large,4,5,false,true,false,45,6,114.46,356.27,863.90
2026-01-03T05:05:00Z,account_summary,small,0,5,false,true,true,39,0,91.84,313.54,264.08
2026-01-03T05:10:00Z,verification_audit,medium,2,3,true,true,true,52,0,110.16,368.19,514.22
2026-01-03T05:15:00Z,member_search,tiny,3,6,false,false,false,31,0,75.39,280.91,393.61
2026-01-03T05:20:00Z,statement_lookup,medium,3,1,false,false,false,43,4,117.72,220.84,368.88
2026-01-03T05:25:00Z,account_summary,medium,1,2,true,true,true,35,0,93.22,299.64,563.03
2026-01-03T05:30:00Z,verification_audit,small,1,4,false,true,false,36,0,118.82,385.05,420.43
2026-01-03T05:35:00Z,transaction_history,medium,2,2,false,false,false,31,0,81.31,209.57,426.28
2026-01-03T05:40:00Z,member_search,very_large,1,3,true,true,false,47,1,138.24,272.04,1313.23
2026-01-03T05:45:00Z,transfer_history,medium,3,5,true,false,false,49,5,186.19,251.29,645.15
2026-01-03T05:50:00Z,member_search,medium,0,2,true,false,false,48,8,147.05,290.70,514.56
2026-01-03T05:55:00Z,transaction_history,small,3,4,true,false,false,48,8,189.70,290.64,493.84
2026-01-03T06:00:00Z,transaction_history,large,3,3,false,false,false,48,7,188.58,333.86,980.63
2026-01-03T06:05:00Z,transaction_history,medium,0,5,false,false,false,37,0,145.24,333.40,385.47
2026-01-03T06:10:00Z,member_search,small,0,5,false,true,true,39,3,123.21,261.68,333.62
2026-01-03T06:15:00Z,account_summary,small,4,2,false,true,true,52,1,112.99,300.28,473.23
2026-01-03T06:20:00Z,member_search,small,3,6,true,true,false,26,0,87.55,256.87,498.51
2026-01-03T06:25:00Z,member_search,large,4,4,false,false,false,42,0,115.15,287.28,863.29
2026-01-03T06:30:00Z,transaction_history,tiny,4,1,false,false,false,34,0,96.83,287.42,316.15
2026-01-03T06:35:00Z,transfer_history,large,3,3,false,false,false,18,0,65.86,189.69,656.91
2026-01-03T06:40:00Z,transfer_history,tiny,3,5,false,true,true,42,2,144.17,391.39,358.49
2026-01-03T06:45:00Z,transfer_history,small,4,3,true,true,false,26,0,72.59,350.70,671.86
2026-01-03T06:50:00Z,member_search,small,0,2,true,false,false,36,0,112.53,311.21,264.35
2026-01-03T06:55:00Z,transaction_history,small,1,3,false,false,false,37,0,144.66,251.02,231.21
2026-01-03T07:00:00Z,transaction_history,medium,0,4,true,false,false,35,1,76.54,397.87,394.02
2026-01-03T07:05:00Z,transaction_history,small,2,2,false,false,false,32,0,104.46,385.15,462.38
2026-01-03T07:10:00Z,verification_audit,small,4,5,false,false,false,49,5,137.30,426.85,576.03
2026-01-03T07:15:00Z,transaction_history,small,0,4,false,false,false,53,8,179.65,451.58,170.70
2026-01-03T07:20:00Z,statement_lookup,small,1,2,false,false,false,38,0,91.90,409.40,207.98
2026-01-03T07:25:00Z,transfer_history,large,4,1,false,false,false,40,5,128.37,420.02,771.63
2026-01-03T07:30:00Z,statement_lookup,medium,4,1,false,true,true,31,0,83.34,375.08,476.77
2026-01-03T07:35:00Z,account_summary,small,4,2,false,true,true,31,0,116.86,409.68,509.49
2026-01-03T07:40:00Z,transaction_history,medium,3,6,true,false,false,48,3,154.14,414.85,523.88
2026-01-03T07:45:00Z,transaction_history,medium,2,2,false,false,false,42,7,153.57,337.61,549.58
2026-01-03T07:50:00Z,transaction_history,medium,3,6,true,false,false,52,5,163.87,474.57,677.26
2026-01-03T07:55:00Z,member_search,tiny,4,4,false,true,true,33,0,124.39,466.04,496.26
2026-01-03T08:00:00Z,account_summary,medium,0,1,true,false,false,58,2,139.58,688.50,436.67
2026-01-03T08:05:00Z,transaction_history,small,1,3,true,false,false,50,3,150.91,554.19,453.77
2026-01-03T08:10:00Z,transfer_history,very_large,3,2,false,true,true,52,5,160.71,490.08,1363.39
2026-01-03T08:15:00Z,transfer_history,large,0,2,false,false,false,53,0,146.38,604.21,554.15
2026-01-03T08:20:00Z,transfer_history,medium,0,3,true,false,false,57,0,154.14,523.50,449.20
2026-01-03T08:25:00Z,transaction_history,medium,0,6,false,false,false,47,9,178.16,529.01,476.30
2026-01-03T08:30:00Z,transaction_history,medium,2,1,true,false,false,60,3,186.54,579.75,529.97
2026-01-03T08:35:00Z,statement_lookup,very_large,4,3,true,false,false,25,0,78.94,490.35,1341.80
2026-01-03T08:40:00Z,transfer_history,small,4,4,false,false,false,47,0,126.82,686.84,500.94
2026-01-03T08:45:00Z,transaction_history,small,2,6,true,false,false,59,8,197.71,549.95,704.65
2026-01-03T08:50:00Z,transaction_history,large,4,6,true,false,false,63,7,182.64,504.75,1181.71
2026-01-03T08:55:00Z,transaction_history,small,0,2,true,false,false,50,3,164.16,626.76,373.95
2026-01-03T09:00:00Z,member_search,very_large,2,3,false,false,false,43,8,126.60,581.50,1317.09
2026-01-03T09:05:00Z,statement_lookup,small,3,6,false,true,true,65,2,175.12,660.72,705.24
2026-01-03T09:10:00Z,transaction_history,large,0,3,false,false,false,61,5,172.99,637.93,714.21
2026-01-03T09:15:00Z,transaction_history,small,2,4,false,true,false,59,8,179.82,646.17,567.00
2026-01-03T09:20:00Z,transfer_history,large,2,3,true,true,true,57,2,151.60,651.10,1055.46
2026-01-03T09:25:00Z,statement_lookup,large,2,5,true,true,false,72,19,223.01,609.61,1127.69
2026-01-03T09:30:00Z,account_summary,medium,1,4,false,false,false,53,3,163.81,595.60,530.20
2026-01-03T09:35:00Z,transaction_history,very_large,2,3,true,false,false,62,14,215.24,690.60,1549.99
2026-01-03T09:40:00Z,statement_lookup,medium,0,2,false,false,false,48,7,151.58,682.37,532.04
2026-01-03T09:45:00Z,transaction_history,small,4,1,true,true,false,61,0,132.83,657.56,643.99
2026-01-03T09:50:00Z,member_search,tiny,1,5,false,true,true,48,0,137.90,628.80,430.99
2026-01-03T09:55:00Z,verification_audit,small,3,3,true,true,true,55,4,168.24,629.30,527.75
2026-01-03T10:00:00Z,account_summary,very_large,4,1,true,false,false,67,3,155.09,761.78,1495.58
2026-01-03T10:05:00Z,transaction_history,tiny,0,4,false,false,false,80,15,261.89,721.31,724.42
2026-01-03T10:10:00Z,statement_lookup,large,2,3,false,false,false,65,0,158.57,734.10,793.97
2026-01-03T10:15:00Z,verification_audit,large,4,6,false,false,false,68,11,216.52,751.47,1133.44
2026-01-03T10:20:00Z,transfer_history,very_large,4,1,false,false,false,67,13,205.81,714.40,1239.71
2026-01-03T10:25:00Z,transfer_history,tiny,1,3,false,true,true,62,0,139.81,653.23,431.87
2026-01-03T10:30:00Z,member_search,small,3,6,true,false,false,51,3,144.57,739.35,529.43
2026-01-03T10:35:00Z,account_summary,small,2,2,true,false,false,72,17,229.12,745.02,795.20
2026-01-03T10:40:00Z,statement_lookup,small,4,2,true,false,false,48,4,156.30,651.56,411.43
2026-01-03T10:45:00Z,member_search,large,0,6,false,true,true,63,13,215.21,692.20,954.39
2026-01-03T10:50:00Z,transaction_history,medium,4,2,false,true,false,60,16,203.91,732.33,1237.97
2026-01-03T10:55:00Z,statement_lookup,large,0,2,false,false,false,71,9,212.98,715.67,898.26
2026-01-03T11:00:00Z,member_search,tiny,3,4,false,false,false,66,9,186.11,794.09,648.52
2026-01-03T11:05:00Z,member_search,small,1,4,true,true,true,82,24,317.76,824.35,1138.01
2026-01-03T11:10:00Z,transaction_history,medium,4,4,true,false,false,57,12,177.90,785.66,737.40
2026-01-03T11:15:00Z,account_summary,small,4,6,false,false,false,70,8,204.84,887.44,557.30
2026-01-03T11:20:00Z,member_search,small,2,4,false,true,true,57,9,173.94,744.43,707.12
2026-01-03T11:25:00Z,transaction_history,medium,0,5,false,false,false,76,17,276.24,756.39,666.11
2026-01-03T11:30:00Z,account_summary,very_large,1,6,true,false,false,77,17,266.40,731.55,1483.81
2026-01-03T11:35:00Z,transfer_history,small,1,1,true,true,true,54,4,134.91,739.77,667.31
2026-01-03T11:40:00Z,transaction_history,small,1,5,true,true,true,53,0,147.46,711.76,539.71
2026-01-03T11:45:00Z,transfer_history,very_large,3,2,true,false,false,91,23,307.33,843.04,2413.47
2026-01-03T11:50:00Z,transaction_history,medium,4,1,true,false,false,72,2,179.93,863.61,846.71
2026-01-03T11:55:00Z,member_search,small,1,1,false,false,false,43,1,100.27,743.00,465.85
2026-01-03T12:00:00Z,statement_lookup,tiny,2,4,false,false,false,62,11,197.43,751.23,487.71
2026-01-03T12:05:00Z,member_search,medium,1,1,true,true,true,78,11,234.41,877.30,988.15
2026-01-03T12:10:00Z,transaction_history,medium,4,4,false,false,false,67,1,174.83,855.91,722.54
2026-01-03T12:15:00Z,verification_audit,large,0,6,false,true,false,62,8,194.78,814.94,968.36
2026-01-03T12:20:00Z,transfer_history,small,2,4,true,false,false,66,11,203.00,814.84,552.40
2026-01-03T12:25:00Z,statement_lookup,tiny,2,5,false,false,false,79,13,265.27,839.03,804.91
2026-01-03T12:30:00Z,transfer_history,very_large,3,5,true,false,false,56,0,142.34,738.58,1261.23
2026-01-03T12:35:00Z,account_summary,tiny,3,4,false,false,false,76,11,221.17,821.41,625.40
2026-01-03T12:40:00Z,transfer_history,medium,3,2,true,true,true,77,8,221.18,914.02,975.24
2026-01-03T12:45:00Z,transfer_history,small,4,5,true,false,false,79,12,256.87,854.98,727.60
2026-01-03T12:50:00Z,transaction_history,large,3,6,false,true,true,70,11,198.84,885.64,1112.62
2026-01-03T12:55:00Z,transfer_history,tiny,0,5,false,false,false,70,16,226.56,842.08,517.26
2026-01-03T13:00:00Z,verification_audit,very_large,2,4,false,false,false,74,6,219.52,842.47,1356.59
2026-01-03T13:05:00Z,transaction_history,small,1,2,true,false,false,56,0,132.86,675.61,475.66
2026-01-03T13:10:00Z,transaction_history,small,2,6,false,true,true,53,5,176.40,829.16,755.81
2026-01-03T13:15:00Z,member_search,tiny,0,1,true,true,true,58,11,214.10,740.11,541.74
2026-01-03T13:20:00Z,statement_lookup,large,3,6,true,false,false,80,19,254.11,773.77,1795.18
2026-01-03T13:25:00Z,member_search,medium,4,1,false,false,false,71,6,188.91,743.78,796.06
2026-01-03T13:30:00Z,member_search,very_large,2,4,false,false,false,64,4,151.36,825.34,1360.54
2026-01-03T13:35:00Z,verification_audit,large,3,4,false,true,true,66,16,210.59,805.48,1475.04
2026-01-03T13:40:00Z,transaction_history,medium,4,3,true,false,false,71,8,221.71,780.89,757.98
2026-01-03T13:45:00Z,statement_lookup,large,0,3,false,true,true,70,16,191.06,780.33,1036.86
2026-01-03T13:50:00Z,verification_audit,medium,1,4,false,false,false,76,21,271.68,837.51,868.21
2026-01-03T13:55:00Z,transfer_history,large,0,6,false,true,true,64,10,229.88,828.79,941.96
2026-01-03T14:00:00Z,member_search,medium,2,2,true,false,false,54,4,151.04,705.35,676.59
2026-01-03T14:05:00Z,account_summary,very_large,1,6,false,false,false,57,1,126.44,737.20,861.73
2026-01-03T14:10:00Z,account_summary,medium,2,2,false,false,false,62,12,200.84,681.96,618.24
2026-01-03T14:15:00Z,account_summary,very_large,1,1,false,false,false,59,12,187.46,807.43,1195.49
2026-01-03T14:20:00Z,account_summary,medium,4,1,true,false,false,71,15,252.55,704.68,905.75
2026-01-03T14:25:00Z,transaction_history,tiny,4,2,false,true,true,60,9,183.28,699.10,653.81
2026-01-03T14:30:00Z,verification_audit,tiny,3,2,true,false,false,64,14,213.72,725.65,769.87
2026-01-03T14:35:00Z,transfer_history,medium,2,2,true,false,false,77,16,258.51,887.43,850.56
2026-01-03T14:40:00Z,verification_audit,very_large,2,5,false,false,false,69,12,218.04,708.81,1166.88
2026-01-03T14:45:00Z,transfer_history,small,3,6,true,false,false,61,1,161.42,746.71,550.46
2026-01-03T14:50:00Z,account_summary,small,2,6,false,false,false,62,1,185.47,779.91,550.51
2026-01-03T14:55:00Z,transaction_history,large,2,6,true,true,true,73,10,194.16,743.61,1340.02
2026-01-03T15:00:00Z,account_summary,medium,1,1,false,false,false,65,11,221.77,648.28,490.82
2026-01-03T15:05:00Z,account_summary,medium,2,6,false,false,false,46,4,119.14,647.25,337.79
2026-01-03T15:10:00Z,statement_lookup,medium,1,3,true,true,true,48,8,185.44,706.69,535.29
2026-01-03T15:15:00Z,transaction_history,large,1,5,false,true,true,72,11,249.08,719.85,1044.46
2026-01-03T15:20:00Z,statement_lookup,large,2,6,false,false,false,52,0,121.43,683.90,666.26
2026-01-03T15:25:00Z,account_summary,medium,4,2,true,false,false,67,3,152.27,700.83,443.57
2026-01-03T15:30:00Z,transfer_history,large,1,5,true,true,false,54,3,144.97,680.71,993.29
2026-01-03T15:35:00Z,account_summary,medium,4,6,false,false,false,58,8,169.55,672.49,665.32
2026-01-03T15:40:00Z,transaction_history,small,2,5,false,false,false,62,14,189.87,614.42,558.84
2026-01-03T15:45:00Z,transaction_history,small,4,4,true,true,true,66,11,188.49,680.58,962.37
2026-01-03T15:50:00Z,statement_lookup,small,2,6,false,false,false,53,0,122.46,593.03,311.57
2026-01-03T15:55:00Z,transaction_history,large,1,1,false,false,false,58,2,153.40,658.66,610.47
2026-01-03T16:00:00Z,transaction_history,tiny,1,4,false,false,false,48,8,173.30,522.42,520.76
2026-01-03T16:05:00Z,transaction_history,small,0,4,false,false,false,50,5,173.19,475.10,472.96
2026-01-03T16:10:00Z,transaction_history,medium,2,1,true,true,false,55,6,152.84,615.40,579.34
2026-01-03T16:15:00Z,transaction_history,large,2,3,false,false,false,64,7,181.46,604.73,810.41
2026-01-03T16:20:00Z,statement_lookup,small,0,3,false,false,false,46,0,129.33,483.95,191.69
2026-01-03T16:25:00Z,statement_lookup,large,1,1,true,false,false,45,8,158.94,548.70,784.65
2026-01-03T16:30:00Z,member_search,very_large,1,3,false,false,false,56,3,164.68,542.13,1035.82
2026-01-03T16:35:00Z,account_summary,medium,4,1,true,false,false,58,10,191.28,593.83,799.95
2026-01-03T16:40:00Z,transaction_history,medium,1,5,true,false,false,47,0,101.33,576.09,294.20
2026-01-03T16:45:00Z,transaction_history,large,4,2,false,true,true,58,1,167.45,499.95,933.00
2026-01-03T16:50:00Z,statement_lookup,large,2,6,false,true,false,41,0,133.44,430.55,768.98
2026-01-03T16:55:00Z,verification_audit,large,3,4,false,true,false,50,4,99.82,547.86,1104.86
2026-01-03T17:00:00Z,member_search,medium,3,1,false,true,true,40,0,143.46,350.19,501.31
2026-01-03T17:05:00Z,statement_lookup,very_large,2,3,false,false,false,38,0,144.63,422.21,933.85
2026-01-03T17:10:00Z,member_search,large,0,6,false,true,true,35,0,101.71,352.66,680.78
2026-01-03T17:15:00Z,member_search,small,4,2,false,true,true,50,4,111.63,434.01,646.27
2026-01-03T17:20:00Z,transfer_history,small,0,2,false,false,false,46,0,120.34,386.94,167.39
2026-01-03T17:25:00Z,transaction_history,medium,4,2,false,false,false,45,4,173.11,437.54,619.73
2026-01-03T17:30:00Z,member_search,medium,3,4,false,false,false,38,0,109.08,395.35,389.09
2026-01-03T17:35:00Z,account_summary,tiny,4,4,false,false,false,42,8,173.25,431.56,422.66
2026-01-03T17:40:00Z,member_search,large,1,1,false,true,false,55,0,161.70,297.52,603.84
2026-01-03T17:45:00Z,transfer_history,medium,0,6,false,false,false,50,0,144.81,366.53,287.41
2026-01-03T17:50:00Z,transaction_history,medium,1,6,true,true,false,31,0,87.15,365.96,410.75
2026-01-03T17:55:00Z,member_search,tiny,2,6,true,true,true,47,7,147.05,479.09,689.67
2026-01-03T18:00:00Z,transaction_history,small,3,3,false,true,false,37,2,122.07,336.82,434.49
2026-01-03T18:05:00Z,member_search,tiny,0,3,false,false,false,42,0,120.52,374.25,169.30
2026-01-03T18:10:00Z,verification_audit,large,4,6,true,false,false,44,0,116.84,322.38,945.48
2026-01-03T18:15:00Z,account_summary,large,1,1,false,true,false,31,0,92.38,266.45,538.18
2026-01-03T18:20:00Z,account_summary,large,1,1,true,false,false,31,0,117.42,309.94,803.69
2026-01-03T18:25:00Z,member_search,small,2,3,false,false,false,39,0,134.21,273.46,281.63
2026-01-03T18:30:00Z,statement_lookup,very_large,3,6,false,false,false,32,0,107.67,272.44,781.88
2026-01-03T18:35:00Z,verification_audit,medium,0,1,true,false,false,34,3,93.60,278.57,391.91
2026-01-03T18:40:00Z,transaction_history,large,4,4,true,true,false,38,4,144.51,246.51,1060.42
2026-01-03T18:45:00Z,transfer_history,medium,2,3,true,false,false,40,1,155.97,275.24,541.51
2026-01-03T18:50:00Z,member_search,tiny,4,2,true,false,false,43,0,141.25,348.88,416.39
2026-01-03T18:55:00Z,transaction_history,medium,1,2,false,false,false,37,0,115.14,225.53,492.67
2026-01-03T19:00:00Z,statement_lookup,small,4,5,true,false,false,31,0,76.56,276.11,529.78
2026-01-03T19:05:00Z,transfer_history,medium,2,1,true,true,true,36,2,119.48,270.05,552.77
2026-01-03T19:10:00Z,transaction_history,small,2,5,false,true,false,32,2,122.31,331.52,357.93
2026-01-03T19:15:00Z,statement_lookup,tiny,0,4,true,false,false,32,0,110.44,253.12,223.54
2026-01-03T19:20:00Z,member_search,small,4,5,true,false,false,26,0,90.75,192.56,418.42
2026-01-03T19:25:00Z,account_summary,tiny,4,4,false,false,false,42,0,139.43,267.91,353.15
2026-01-03T19:30:00Z,transaction_history,medium,0,5,false,false,false,29,0,99.98,272.66,395.92
2026-01-03T19:35:00Z,transaction_history,medium,2,5,true,false,false,36,2,102.40,276.95,798.30
2026-01-03T19:40:00Z,member_search,small,4,4,true,false,false,34,0,92.45,273.98,548.59
2026-01-03T19:45:00Z,member_search,medium,1,1,true,false,false,26,0,95.70,232.41,366.01
2026-01-03T19:50:00Z,transaction_history,very_large,0,2,false,false,false,44,0,140.32,325.75,928.54
2026-01-03T19:55:00Z,verification_audit,small,4,3,false,true,true,58,9,171.11,455.50,803.16
2026-01-03T20:00:00Z,member_search,large,2,6,true,false,false,39,0,115.50,309.49,701.76
2026-01-03T20:05:00Z,member_search,tiny,1,6,false,false,false,35,0,115.67,277.09,281.81
2026-01-03T20:10:00Z,statement_lookup,very_large,2,1,true,false,false,43,11,176.21,247.63,1197.81
2026-01-03T20:15:00Z,statement_lookup,very_large,1,5,true,false,false,48,0,115.97,310.69,1283.04
2026-01-03T20:20:00Z,account_summary,tiny,4,1,false,true,false,33,0,69.18,256.71,345.76
2026-01-03T20:25:00Z,verification_audit,small,0,5,true,false,false,44,0,103.79,312.74,403.05
2026-01-03T20:30:00Z,statement_lookup,large,4,5,false,true,true,37,0,124.02,218.68,754.16
2026-01-03T20:35:00Z,account_summary,medium,0,2,false,false,false,31,0,94.24,316.12,341.97
2026-01-03T20:40:00Z,verification_audit,small,3,4,true,false,false,24,0,89.97,270.94,528.03
2026-01-03T20:45:00Z,member_search,medium,3,3,false,false,false,48,11,160.88,286.79,524.09
2026-01-03T20:50:00Z,member_search,large,1,4,true,true,true,44,7,159.05,357.95,952.11
2026-01-03T20:55:00Z,member_search,medium,4,6,true,false,false,42,2,152.41,209.49,755.61
2026-01-03T21:00:00Z,member_search,large,0,4,true,false,false,41,0,129.28,346.90,762.08
2026-01-03T21:05:00Z,transfer_history,large,1,3,true,false,false,29,0,99.53,294.95,765.79
2026-01-03T21:10:00Z,account_summary,tiny,1,1,false,false,false,42,0,127.74,285.02,97.11
2026-01-03T21:15:00Z,transaction_history,tiny,3,5,false,false,false,39,1,86.02,299.43,352.92
2026-01-03T21:20:00Z,transaction_history,small,1,5,false,false,false,37,0,120.30,324.70,382.13
2026-01-03T21:25:00Z,transfer_history,medium,3,2,true,false,false,24,0,78.82,278.21,447.00
2026-01-03T21:30:00Z,member_search,medium,2,3,false,false,false,55,1,130.78,381.07,443.17
2026-01-03T21:35:00Z,transaction_history,large,4,2,false,false,false,42,0,159.27,287.37,682.13
2026-01-03T21:40:00Z,account_summary,tiny,3,1,false,false,false,35,5,116.90,196.85,366.94
2026-01-03T21:45:00Z,statement_lookup,small,1,3,false,false,false,24,0,126.05,352.63,357.61
2026-01-03T21:50:00Z,transaction_history,small,2,4,true,false,false,44,0,118.19,270.30,438.93
2026-01-03T21:55:00Z,member_search,medium,4,1,true,false,false,37,0,127.85,338.72,557.56
2026-01-03T22:00:00Z,account_summary,tiny,2,5,true,true,false,45,0,128.29,379.18,371.66
2026-01-03T22:05:00Z,statement_lookup,medium,4,5,true,false,false,19,0,91.13,231.26,591.96
2026-01-03T22:10:00Z,transfer_history,medium,1,4,false,true,true,32,0,98.69,243.79,654.94
2026-01-03T22:15:00Z,transfer_history,tiny,1,3,false,false,false,51,5,181.30,383.92,365.49
2026-01-03T22:20:00Z,transaction_history,small,3,5,false,false,false,33,0,72.59,322.05,449.39
2026-01-03T22:25:00Z,statement_lookup,small,0,4,false,false,false,14,0,82.39,261.13,172.67
2026-01-03T22:30:00Z,statement_lookup,large,3,3,true,false,false,39,2,101.48,310.72,937.34
2026-01-03T22:35:00Z,transaction_history,medium,1,1,true,false,false,41,0,124.68,337.57,474.18
2026-01-03T22:40:00Z,transaction_history,small,4,4,false,false,false,55,0,138.92,380.77,492.20
2026-01-03T22:45:00Z,account_summary,medium,2,6,true,false,false,43,8,122.66,328.48,563.38
2026-01-03T22:50:00Z,transfer_history,medium,2,3,true,false,false,54,2,145.07,284.39,613.49
2026-01-03T22:55:00Z,transfer_history,small,3,5,false,false,false,30,0,112.39,293.26,438.36
2026-01-03T23:00:00Z,account_summary,large,4,6,false,false,false,29,0,86.69,374.51,678.89
2026-01-03T23:05:00Z,statement_lookup,small,4,3,true,false,false,36,0,120.25,424.40,470.52
2026-01-03T23:10:00Z,statement_lookup,small,4,1,false,false,false,46,0,90.62,368.00,385.60
2026-01-03T23:15:00Z,account_summary,large,3,3,true,true,true,46,3,99.00,365.38,1047.98
2026-01-03T23:20:00Z,statement_lookup,tiny,2,5,false,true,false,47,0,150.07,328.16,419.93
2026-01-03T23:25:00Z,account_summary,very_large,3,1,true,false,false,44,0,136.84,390.65,840.49
2026-01-03T23:30:00Z,member_search,large,0,3,false,true,true,40,0,120.23,274.00,800.15
2026-01-03T23:35:00Z,statement_lookup,small,3,4,true,true,true,35,3,115.58,307.02,654.62
2026-01-03T23:40:00Z,transaction_history,small,0,5,true,true,false,42,0,113.88,243.56,508.09
2026-01-03T23:45:00Z,account_summary,small,0,3,true,false,false,25,0,91.64,259.20,251.96
2026-01-03T23:50:00Z,transfer_history,very_large,1,6,false,false,false,42,4,117.19,262.66,1213.21
2026-01-03T23:55:00Z,transfer_history,large,1,3,false,false,false,50,0,162.19,290.65,735.56
2026-01-04T00:00:00Z,transfer_history,tiny,2,1,false,false,false,49,1,126.40,328.10,294.43
2026-01-04T00:05:00Z,transaction_history,medium,4,1,false,false,false,30,0,123.54,328.52,592.27
2026-01-04T00:10:00Z,statement_lookup,medium,1,5,false,true,true,40,0,129.74,360.03,361.10
2026-01-04T00:15:00Z,statement_lookup,very_large,4,5,false,false,false,42,0,140.78,283.17,1101.39
2026-01-04T00:20:00Z,member_search,medium,2,5,true,false,false,49,1,176.78,299.28,443.78
2026-01-04T00:25:00Z,transaction_history,medium,4,3,true,true,false,52,3,138.40,362.60,868.44
2026-01-04T00:30:00Z,transaction_history,small,4,6,true,false,false,46,3,134.59,400.34,694.23
2026-01-04T00:35:00Z,transfer_history,small,3,5,false,false,false,27,0,99.34,260.15,366.98
2026-01-04T00:40:00Z,statement_lookup,small,1,1,true,true,true,42,1,158.52,305.51,394.43
2026-01-04T00:45:00Z,verification_audit,tiny,2,5,true,false,false,27,0,82.83,299.36,408.98
2026-01-04T00:50:00Z,verification_audit,medium,2,5,false,false,false,44,0,92.36,235.67,506.89
2026-01-04T00:55:00Z,transaction_history,very_large,3,2,false,true,true,31,0,100.16,194.40,1370.84
2026-01-04T01:00:00Z,transaction_history,small,2,3,true,true,false,44,3,142.14,256.25,736.54
2026-01-04T01:05:00Z,account_summary,small,1,3,false,false,false,50,1,135.53,319.73,294.27
2026-01-04T01:10:00Z,account_summary,medium,4,1,false,false,false,37,0,120.75,260.33,331.59
2026-01-04T01:15:00Z,transaction_history,very_large,1,4,false,false,false,41,0,116.66,381.78,947.90
2026-01-04T01:20:00Z,verification_audit,small,1,4,false,true,true,35,0,100.05,338.25,514.98
2026-01-04T01:25:00Z,account_summary,tiny,1,5,true,true,false,42,0,126.07,171.47,342.29
2026-01-04T01:30:00Z,transfer_history,small,2,3,true,false,false,56,7,179.95,243.85,553.37
2026-01-04T01:35:00Z,verification_audit,medium,1,6,false,true,false,61,1,177.13,352.56,550.66
2026-01-04T01:40:00Z,member_search,large,3,5,false,false,false,35,0,139.09,376.19,751.80
2026-01-04T01:45:00Z,member_search,small,3,3,false,false,false,35,0,96.14,348.19,322.28
2026-01-04T01:50:00Z,transfer_history,small,0,4,true,true,false,21,0,76.39,262.85,338.35
2026-01-04T01:55:00Z,transaction_history,medium,1,1,false,true,false,50,1,121.03,386.71,567.06
2026-01-04T02:00:00Z,member_search,small,4,4,false,true,true,27,0,75.56,234.23,489.73
2026-01-04T02:05:00Z,transaction_history,small,1,1,false,true,true,29,0,112.66,242.53,577.24
2026-01-04T02:10:00Z,transaction_history,very_large,1,5,true,true,false,27,0,107.08,277.84,1148.59
2026-01-04T02:15:00Z,account_summary,medium,2,4,true,false,false,40,0,126.53,305.82,365.15
2026-01-04T02:20:00Z,statement_lookup,small,4,2,false,false,false,41,3,144.31,312.83,445.76
2026-01-04T02:25:00Z,transaction_history,medium,1,3,false,false,false,42,0,117.51,284.24,333.63
2026-01-04T02:30:00Z,verification_audit,medium,1,2,false,false,false,54,0,143.01,337.51,648.26
2026-01-04T02:35:00Z,statement_lookup,large,4,2,true,true,true,40,0,127.37,209.87,939.47
2026-01-04T02:40:00Z,transaction_history,medium,1,1,false,true,true,50,4,153.92,414.85,619.62
2026-01-04T02:45:00Z,account_summary,small,0,4,false,false,false,47,0,156.83,290.08,212.89
2026-01-04T02:50:00Z,account_summary,large,1,6,true,false,false,30,0,88.79,333.98,861.52
2026-01-04T02:55:00Z,statement_lookup,large,1,6,true,false,false,51,0,162.28,329.42,714.05
2026-01-04T03:00:00Z,member_search,small,1,1,false,false,false,26,0,100.58,384.01,264.09
2026-01-04T03:05:00Z,transaction_history,medium,2,3,false,false,false,30,0,101.87,399.93,481.84
2026-01-04T03:10:00Z,transfer_history,small,1,3,true,true,true,39,4,131.87,380.17,732.15
2026-01-04T03:15:00Z,verification_audit,medium,2,1,true,false,false,41,0,125.72,278.20,640.58
2026-01-04T03:20:00Z,member_search,medium,4,3,false,false,false,45,2,137.37,287.05,607.40
2026-01-04T03:25:00Z,transaction_history,small,4,3,false,false,false,56,8,184.57,330.91,432.88
2026-01-04T03:30:00Z,statement_lookup,very_large,3,1,false,false,false,23,0,104.01,213.70,944.86
2026-01-04T03:35:00Z,member_search,tiny,1,4,false,false,false,42,4,122.89,286.86,282.82
2026-01-04T03:40:00Z,transaction_history,medium,3,4,false,false,false,46,3,129.34,436.86,566.30
2026-01-04T03:45:00Z,account_summary,large,0,6,false,false,false,37,3,99.30,296.91,466.36
2026-01-04T03:50:00Z,member_search,medium,2,3,false,true,false,28,0,100.79,310.98,335.32
2026-01-04T03:55:00Z,transaction_history,small,3,3,true,false,false,18,0,73.02,350.95,427.08
2026-01-04T04:00:00Z,member_search,large,1,6,true,true,false,49,1,147.78,347.82,921.08
2026-01-04T04:05:00Z,transaction_history,small,3,5,true,false,false,22,0,90.40,229.56,432.48
2026-01-04T04:10:00Z,statement_lookup,large,4,3,false,true,false,48,11,218.61,352.96,888.12
2026-01-04T04:15:00Z,verification_audit,small,3,6,false,false,false,51,7,178.74,372.50,638.98
2026-01-04T04:20:00Z,statement_lookup,small,3,5,false,true,true,22,0,104.34,213.68,521.42
2026-01-04T04:25:00Z,statement_lookup,medium,4,5,true,false,false,43,0,96.43,309.65,393.93
2026-01-04T04:30:00Z,member_search,large,4,2,true,false,false,45,0,121.95,298.96,1061.19
2026-01-04T04:35:00Z,account_summary,large,2,5,true,false,false,23,0,83.07,261.20,852.83
2026-01-04T04:40:00Z,statement_lookup,small,2,4,true,false,false,38,0,90.70,306.17,347.65
2026-01-04T04:45:00Z,statement_lookup,medium,2,3,false,true,true,35,4,121.09,322.64,575.24
2026-01-04T04:50:00Z,member_search,tiny,2,3,true,false,false,42,6,152.38,292.64,481.62
2026-01-04T04:55:00Z,member_search,large,2,1,true,false,false,30,0,103.55,296.53,871.48
2026-01-04T05:00:00Z,transfer_history,very_large,4,3,true,false,false,28,0,96.89,352.16,1209.17
2026-01-04T05:05:00Z,member_search,small,2,1,false,true,false,35,0,132.01,312.78,414.95
2026-01-04T05:10:00Z,account_summary,large,0,1,false,true,false,48,0,141.17,301.24,553.44
2026-01-04T05:15:00Z,verification_audit,small,4,3,true,true,true,39,0,103.38,336.57,790.57
2026-01-04T05:20:00Z,verification_audit,small,0,5,false,false,false,33,0,97.44,345.57,314.97
2026-01-04T05:25:00Z,statement_lookup,medium,4,3,false,true,false,44,8,154.26,258.41,809.40
2026-01-04T05:30:00Z,member_search,small,0,6,false,false,false,44,0,128.72,269.12,233.36
2026-01-04T05:35:00Z,member_search,large,3,5,false,false,false,49,0,92.96,432.15,881.70
2026-01-04T05:40:00Z,transfer_history,tiny,3,4,false,true,true,45,0,136.78,348.36,559.02
2026-01-04T05:45:00Z,account_summary,medium,1,2,false,false,false,36,0,106.57,272.32,357.08
2026-01-04T05:50:00Z,transfer_history,tiny,3,4,true,false,false,47,1,120.67,302.81,475.25
2026-01-04T05:55:00Z,transfer_history,very_large,0,1,false,false,false,50,3,174.50,316.65,1086.51
2026-01-04T06:00:00Z,transfer_history,small,4,3,false,false,false,52,0,173.48,326.21,475.41
2026-01-04T06:05:00Z,account_summary,very_large,2,4,false,false,false,38,12,170.02,208.14,1241.12
2026-01-04T06:10:00Z,statement_lookup,small,1,2,false,true,true,44,0,112.86,216.70,402.14
2026-01-04T06:15:00Z,verification_audit,tiny,4,6,false,false,false,43,0,110.61,337.19,397.80
2026-01-04T06:20:00Z,transfer_history,small,3,3,false,false,false,31,0,77.15,208.95,345.11
2026-01-04T06:25:00Z,transfer_history,small,1,3,false,false,false,35,0,116.31,275.01,311.42
2026-01-04T06:30:00Z,transaction_history,tiny,1,3,false,false,false,45,0,116.34,372.05,194.40
2026-01-04T06:35:00Z,transfer_history,small,0,6,false,true,false,48,0,116.47,364.32,395.83
2026-01-04T06:40:00Z,account_summary,small,4,5,true,false,false,31,0,87.94,257.94,343.37
2026-01-04T06:45:00Z,transaction_history,medium,1,5,false,false,false,39,0,114.07,362.27,407.04
2026-01-04T06:50:00Z,verification_audit,very_large,0,5,false,true,true,39,0,94.91,271.95,1148.82
2026-01-04T06:55:00Z,transaction_history,very_large,2,2,false,true,false,38,4,162.81,369.53,1222.94
2026-01-04T07:00:00Z,account_summary,small,0,3,false,false,false,61,10,190.72,475.63,276.16
2026-01-04T07:05:00Z,statement_lookup,medium,3,3,false,false,false,34,0,114.35,469.77,472.75
2026-01-04T07:10:00Z,member_search,very_large,0,6,true,false,false,52,0,169.08,432.60,1257.62
2026-01-04T07:15:00Z,member_search,medium,3,2,false,true,true,39,6,153.21,483.00,719.34
2026-01-04T07:20:00Z,verification_audit,medium,2,4,true,false,false,35,0,108.09,500.58,392.36
2026-01-04T07:25:00Z,member_search,large,1,4,false,false,false,47,8,162.04,496.30,723.89
2026-01-04T07:30:00Z,member_search,medium,2,2,true,false,false,40,0,82.18,414.12,501.87
2026-01-04T07:35:00Z,verification_audit,small,3,3,false,false,false,61,9,177.56,498.35,583.57
2026-01-04T07:40:00Z,verification_audit,medium,2,6,false,true,true,66,12,230.93,485.14,768.31
2026-01-04T07:45:00Z,account_summary,tiny,4,2,true,false,false,50,5,172.68,465.06,375.76
2026-01-04T07:50:00Z,transfer_history,medium,0,4,true,false,false,60,8,193.72,576.80,579.19
2026-01-04T07:55:00Z,statement_lookup,large,1,6,true,true,true,54,0,126.68,390.29,956.75
2026-01-04T08:00:00Z,transfer_history,small,3,4,false,true,true,46,0,128.18,526.65,483.71
2026-01-04T08:05:00Z,verification_audit,medium,3,5,true,false,false,39,0,133.13,576.81,687.02
2026-01-04T08:10:00Z,account_summary,small,4,3,true,false,false,64,3,149.58,594.59,644.79
2026-01-04T08:15:00Z,transfer_history,small,1,3,false,true,true,63,8,206.17,593.01,657.62
2026-01-04T08:20:00Z,statement_lookup,tiny,2,3,true,true,true,52,0,158.11,638.99,470.51
2026-01-04T08:25:00Z,transfer_history,tiny,2,4,false,true,false,57,0,153.16,519.78,466.73
2026-01-04T08:30:00Z,member_search,medium,2,4,false,false,false,47,0,112.90,596.91,433.66
2026-01-04T08:35:00Z,statement_lookup,medium,4,2,false,false,false,51,6,141.74,632.64,566.04
2026-01-04T08:40:00Z,transfer_history,small,1,1,false,true,false,46,0,101.31,571.35,329.48
2026-01-04T08:45:00Z,transaction_history,large,3,1,true,false,false,50,4,186.16,568.33,1079.97
2026-01-04T08:50:00Z,transaction_history,medium,0,6,false,true,false,54,8,179.73,595.51,567.68
2026-01-04T08:55:00Z,account_summary,small,3,5,true,true,true,46,0,142.86,580.88,601.72
2026-01-04T09:00:00Z,member_search,medium,0,4,false,true,false,72,10,242.65,688.81,520.16
2026-01-04T09:05:00Z,transfer_history,tiny,4,4,false,false,false,66,6,191.71,621.97,606.43
2026-01-04T09:10:00Z,verification_audit,medium,3,5,true,false,false,65,7,190.11,714.88,817.28
2026-01-04T09:15:00Z,account_summary,medium,2,5,false,false,false,57,2,137.27,745.72,241.04
2026-01-04T09:20:00Z,transaction_history,medium,2,1,false,false,false,69,1,157.19,653.46,519.88
2026-01-04T09:25:00Z,member_search,medium,1,3,false,false,false,66,9,213.21,760.04,597.42
2026-01-04T09:30:00Z,statement_lookup,small,2,3,false,false,false,65,14,202.17,622.41,541.53
2026-01-04T09:35:00Z,transaction_history,very_large,3,3,true,true,true,62,9,173.32,635.49,1687.82
2026-01-04T09:40:00Z,account_summary,tiny,3,6,true,false,false,53,1,141.54,668.27,409.39
2026-01-04T09:45:00Z,statement_lookup,medium,1,2,true,false,false,43,0,87.76,631.07,341.89
2026-01-04T09:50:00Z,account_summary,large,0,2,false,false,false,38,0,92.87,564.56,420.95
2026-01-04T09:55:00Z,account_summary,tiny,4,6,false,false,false,48,4,162.69,516.35,320.46
2026-01-04T10:00:00Z,transaction_history,large,3,6,true,true,false,73,17,258.07,770.19,1551.17
2026-01-04T10:05:00Z,transaction_history,large,1,4,true,false,false,62,0,164.80,749.42,881.71
2026-01-04T10:10:00Z,verification_audit,large,1,2,false,true,false,53,2,168.53,743.22,777.83
2026-01-04T10:15:00Z,transaction_history,small,2,6,false,false,false,59,13,187.37,744.25,731.44
2026-01-04T10:20:00Z,verification_audit,large,2,5,true,false,false,69,7,223.07,751.96,1085.08
2026-01-04T10:25:00Z,transaction_history,large,1,2,false,false,false,52,9,180.71,787.59,717.76
2026-01-04T10:30:00Z,member_search,small,2,3,true,false,false,71,0,175.86,759.97,552.23
2026-01-04T10:35:00Z,account_summary,small,0,1,true,false,false,67,19,275.54,672.23,561.79
2026-01-04T10:40:00Z,transaction_history,large,4,4,true,true,true,63,14,176.03,799.64,1427.94
2026-01-04T10:45:00Z,transaction_history,small,2,1,true,true,true,73,17,235.23,787.14,983.69
2026-01-04T10:50:00Z,account_summary,large,3,1,true,false,false,67,7,169.87,739.90,1065.49
2026-01-04T10:55:00Z,member_search,medium,3,3,false,true,false,74,23,278.24,715.16,988.06
2026-01-04T11:00:00Z,member_search,large,2,1,true,false,false,72,17,240.99,903.06,1226.63
2026-01-04T11:05:00Z,member_search,small,0,4,false,false,false,50,12,156.55,702.96,404.23
2026-01-04T11:10:00Z,member_search,large,2,2,false,false,false,72,21,239.40,783.44,1149.05
2026-01-04T11:15:00Z,account_summary,small,4,2,false,false,false,56,9,184.94,814.13,498.21
2026-01-04T11:20:00Z,member_search,small,3,4,false,true,true,69,4,217.05,811.63,696.29
2026-01-04T11:25:00Z,transaction_history,small,4,5,true,false,false,77,14,217.58,900.47,871.51
2026-01-04T11:30:00Z,account_summary,medium,2,3,true,false,false,59,1,117.61,732.47,501.86
2026-01-04T11:35:00Z,transaction_history,large,1,6,true,false,false,57,2,147.88,892.83,831.79
2026-01-04T11:40:00Z,member_search,medium,1,2,false,false,false,62,3,167.30,773.82,441.69
2026-01-04T11:45:00Z,transaction_history,small,1,4,false,false,false,62,16,219.77,802.53,804.30
2026-01-04T11:50:00Z,transaction_history,small,4,2,false,false,false,65,16,239.60,809.14,1170.29
2026-01-04T11:55:00Z,transfer_history,tiny,3,3,true,true,false,59,8,192.02,777.46,705.25
2026-01-04T12:00:00Z,account_summary,medium,2,5,true,false,false,53,6,155.04,770.99,556.59
2026-01-04T12:05:00Z,account_summary,medium,1,6,false,false,false,59,3,151.97,807.87,549.53
2026-01-04T12:10:00Z,transfer_history,large,1,3,false,false,false,60,12,209.60,764.90,845.81
2026-01-04T12:15:00Z,member_search,large,3,5,false,false,false,66,7,182.05,886.50,873.07
2026-01-04T12:20:00Z,transaction_history,very_large,2,4,true,true,false,80,13,242.74,865.57,1864.75
2026-01-04T12:25:00Z,transaction_history,large,2,4,false,false,false,70,5,199.16,827.81,925.88
2026-01-04T12:30:00Z,account_summary,medium,2,1,false,false,false,76,10,217.05,876.35,651.13
2026-01-04T12:35:00Z,member_search,small,1,2,false,false,false,64,2,165.26,865.75,347.41
2026-01-04T12:40:00Z,transaction_history,medium,3,3,true,false,false,60,12,203.33,925.63,806.00
2026-01-04T12:45:00Z,transaction_history,medium,2,5,true,false,false,62,8,211.16,807.78,727.59
2026-01-04T12:50:00Z,member_search,very_large,4,3,true,false,false,64,7,216.43,995.57,1879.42
2026-01-04T12:55:00Z,transfer_history,very_large,1,2,false,false,false,55,8,192.47,773.32,1102.66
2026-01-04T13:00:00Z,member_search,very_large,0,3,false,true,true,73,12,222.08,911.11,1456.87
2026-01-04T13:05:00Z,transaction_history,very_large,0,1,false,false,false,55,0,138.42,761.69,987.54
2026-01-04T13:10:00Z,transaction_history,small,1,5,false,true,false,57,4,131.01,789.12,574.85
2026-01-04T13:15:00Z,account_summary,medium,4,2,false,true,true,74,21,250.60,763.55,1291.04
2026-01-04T13:20:00Z,statement_lookup,tiny,1,6,false,false,false,68,17,250.86,849.52,705.34
2026-01-04T13:25:00Z,transfer_history,tiny,1,5,false,true,true,76,13,217.17,904.06,786.89
2026-01-04T13:30:00Z,verification_audit,small,0,3,false,false,false,70,5,193.58,808.11,391.91
2026-01-04T13:35:00Z,transaction_history,small,3,6,false,false,false,65,10,193.65,836.29,543.06
2026-01-04T13:40:00Z,transfer_history,small,1,6,false,false,false,67,10,189.90,765.56,416.79
2026-01-04T13:45:00Z,account_summary,small,2,3,false,true,true,72,15,229.55,846.24,677.02
2026-01-04T13:50:00Z,transaction_history,small,0,3,false,false,false,69,16,250.76,713.87,540.42
2026-01-04T13:55:00Z,member_search,medium,2,2,false,false,false,62,16,222.73,707.39,768.96
2026-01-04T14:00:00Z,transaction_history,large,0,3,true,false,false,60,12,212.98,702.20,1030.74
2026-01-04T14:05:00Z,member_search,large,1,6,true,false,false,69,9,222.98,771.43,1226.29
2026-01-04T14:10:00Z,member_search,medium,4,5,true,true,true,65,11,206.30,780.51,1021.24
2026-01-04T14:15:00Z,account_summary,large,1,3,false,false,false,50,0,111.96,715.05,585.47
2026-01-04T14:20:00Z,account_summary,large,3,5,true,true,true,63,16,246.46,806.54,1509.80
2026-01-04T14:25:00Z,transaction_history,large,4,5,false,false,false,61,10,213.23,730.41,1119.74
2026-01-04T14:30:00Z,account_summary,medium,2,3,true,true,true,61,0,207.66,773.67,747.06
2026-01-04T14:35:00Z,verification_audit,tiny,0,5,true,false,false,56,17,190.32,754.46,638.26
2026-01-04T14:40:00Z,account_summary,very_large,0,1,false,false,false,76,17,270.41,800.68,1511.73
2026-01-04T14:45:00Z,verification_audit,small,2,1,true,true,true,75,7,187.57,788.34,777.12
2026-01-04T14:50:00Z,transaction_history,tiny,0,2,false,false,false,73,7,208.11,832.15,487.61
2026-01-04T14:55:00Z,transfer_history,tiny,4,6,true,false,false,56,9,200.71,684.26,656.64
2026-01-04T15:00:00Z,transfer_history,very_large,3,5,false,false,false,63,14,226.69,757.47,1215.75
2026-01-04T15:05:00Z,transaction_history,large,1,4,false,false,false,57,0,145.48,734.21,751.25
2026-01-04T15:10:00Z,member_search,small,4,3,false,false,false,68,13,207.33,606.26,810.65
2026-01-04T15:15:00Z,account_summary,small,4,3,false,false,false,75,10,187.19,814.81,518.05
2026-01-04T15:20:00Z,member_search,tiny,0,4,true,false,false,55,10,197.82,563.78,397.47
2026-01-04T15:25:00Z,verification_audit,small,0,4,true,false,false,49,0,130.42,674.20,277.30
2026-01-04T15:30:00Z,statement_lookup,medium,1,5,true,false,false,68,10,204.50,569.49,650.34
2026-01-04T15:35:00Z,member_search,medium,4,3,false,false,false,50,2,115.67,666.52,513.72
2026-01-04T15:40:00Z,member_search,medium,1,1,false,true,false,69,8,216.86,716.28,784.12
2026-01-04T15:45:00Z,account_summary,large,4,2,true,false,false,54,6,148.96,630.07,813.91
2026-01-04T15:50:00Z,transaction_history,medium,4,5,true,true,true,62,0,147.80,713.84,871.61
2026-01-04T15:55:00Z,statement_lookup,small,0,6,false,false,false,72,18,249.52,676.13,469.66
2026-01-04T16:00:00Z,account_summary,medium,3,1,false,true,true,50,5,179.61,605.14,503.34
2026-01-04T16:05:00Z,transfer_history,tiny,3,5,false,true,false,56,2,164.22,632.80,387.86
2026-01-04T16:10:00Z,member_search,small,0,4,false,false,false,57,0,144.80,645.21,253.43
2026-01-04T16:15:00Z,account_summary,small,3,6,true,true,false,35,0,100.48,600.81,504.94
2026-01-04T16:20:00Z,account_summary,large,3,4,true,false,false,48,4,122.66,455.67,941.59
2026-01-04T16:25:00Z,transfer_history,small,3,5,false,false,false,54,3,161.32,598.53,409.26
2026-01-04T16:30:00Z,transfer_history,very_large,2,2,false,true,false,58,12,199.67,587.85,1303.19
2026-01-04T16:35:00Z,transaction_history,tiny,1,5,false,false,false,55,10,183.28,577.11,407.30
2026-01-04T16:40:00Z,account_summary,very_large,0,1,true,false,false,45,0,129.05,573.94,1096.15
2026-01-04T16:45:00Z,account_summary,medium,2,3,true,true,false,49,0,114.64,663.79,499.28
2026-01-04T16:50:00Z,transfer_history,medium,1,2,false,true,false,42,0,136.71,508.24,566.90
2026-01-04T16:55:00Z,statement_lookup,small,0,6,true,false,false,34,0,98.72,601.66,236.77
2026-01-04T17:00:00Z,transaction_history,medium,0,3,true,true,true,40,0,97.89,476.98,693.53
2026-01-04T17:05:00Z,member_search,very_large,4,5,true,false,false,53,7,147.64,352.93,1306.59
2026-01-04T17:10:00Z,account_summary,large,2,2,false,false,false,34,0,124.91,396.53,501.85
2026-01-04T17:15:00Z,member_search,medium,4,4,false,false,false,61,4,176.15,523.42,601.17
2026-01-04T17:20:00Z,account_summary,very_large,1,4,false,false,false,54,6,188.45,455.62,940.66
2026-01-04T17:25:00Z,transaction_history,large,0,2,false,true,true,40,8,182.15,437.85,834.32
2026-01-04T17:30:00Z,statement_lookup,very_large,1,6,false,true,false,44,0,106.00,422.92,1017.98
2026-01-04T17:35:00Z,transfer_history,tiny,2,5,true,false,false,40,1,138.06,440.99,505.31
2026-01-04T17:40:00Z,transaction_history,small,0,6,true,false,false,44,5,154.31,419.71,515.27
2026-01-04T17:45:00Z,transaction_history,small,2,5,true,false,false,49,5,163.57,476.05,613.73
2026-01-04T17:50:00Z,account_summary,very_large,2,1,false,false,false,56,5,159.45,465.18,1018.60
2026-01-04T17:55:00Z,transfer_history,small,2,1,true,true,false,36,0,122.08,506.83,545.11
2026-01-04T18:00:00Z,verification_audit,tiny,1,3,false,false,false,25,0,102.37,316.09,414.83
2026-01-04T18:05:00Z,account_summary,medium,1,2,false,true,true,23,0,83.31,356.84,474.66
2026-01-04T18:10:00Z,verification_audit,very_large,3,4,false,true,false,38,0,109.75,321.66,1141.50
2026-01-04T18:15:00Z,account_summary,small,3,4,true,false,false,33,0,124.18,254.32,379.70
2026-01-04T18:20:00Z,transaction_history,small,1,6,true,false,false,29,0,98.87,279.88,430.03
2026-01-04T18:25:00Z,transaction_history,large,0,4,false,true,false,26,0,131.61,226.28,942.28
2026-01-04T18:30:00Z,account_summary,tiny,0,3,false,true,false,16,0,104.66,216.79,187.66
2026-01-04T18:35:00Z,member_search,small,2,4,false,false,false,38,0,143.76,387.73,352.59
2026-01-04T18:40:00Z,statement_lookup,medium,0,2,true,false,false,38,0,79.51,337.03,422.64
2026-01-04T18:45:00Z,member_search,medium,2,5,true,false,false,37,0,101.42,328.34,538.70
2026-01-04T18:50:00Z,transaction_history,small,0,5,true,false,false,49,0,135.48,327.17,484.94
2026-01-04T18:55:00Z,transfer_history,small,2,4,true,false,false,43,0,129.89,275.01,514.88
2026-01-04T19:00:00Z,transaction_history,tiny,2,4,true,false,false,36,0,117.56,273.73,295.29
2026-01-04T19:05:00Z,verification_audit,large,0,2,false,false,false,49,10,161.02,382.37,799.96
2026-01-04T19:10:00Z,transfer_history,large,2,3,true,false,false,38,0,135.27,272.59,779.83
2026-01-04T19:15:00Z,account_summary,medium,0,1,false,false,false,49,0,155.36,280.66,371.67
2026-01-04T19:20:00Z,transaction_history,very_large,0,3,true,false,false,25,0,70.74,330.21,1258.93
2026-01-04T19:25:00Z,member_search,large,2,4,true,false,false,29,0,96.34,311.96,792.53
2026-01-04T19:30:00Z,member_search,small,1,2,false,false,false,30,0,130.67,323.67,315.51
2026-01-04T19:35:00Z,transaction_history,small,4,4,true,false,false,52,4,134.20,274.73,559.38
2026-01-04T19:40:00Z,verification_audit,small,1,5,true,false,false,65,1,169.87,336.66,544.06
2026-01-04T19:45:00Z,member_search,small,3,5,true,true,true,51,10,188.71,346.72,461.08
2026-01-04T19:50:00Z,member_search,tiny,0,5,true,true,true,33,0,81.96,361.87,306.97
2026-01-04T19:55:00Z,account_summary,small,3,2,false,true,false,45,0,116.03,260.77,471.89
2026-01-04T20:00:00Z,transaction_history,small,3,3,false,true,true,38,2,96.24,314.87,469.37
2026-01-04T20:05:00Z,statement_lookup,large,1,3,false,true,true,32,0,121.38,318.47,778.24
2026-01-04T20:10:00Z,member_search,small,0,3,true,true,true,43,0,155.94,281.39,436.58
2026-01-04T20:15:00Z,statement_lookup,medium,1,1,false,false,false,41,4,169.83,315.42,432.30
2026-01-04T20:20:00Z,transaction_history,very_large,4,4,true,true,false,41,0,130.50,309.72,1561.79
2026-01-04T20:25:00Z,transaction_history,very_large,3,1,false,false,false,40,0,78.60,378.19,1045.17
2026-01-04T20:30:00Z,transaction_history,medium,4,3,false,true,false,40,8,144.31,298.18,842.19
2026-01-04T20:35:00Z,transaction_history,medium,2,1,true,true,false,37,0,106.72,346.57,547.52
2026-01-04T20:40:00Z,member_search,large,3,3,false,false,false,34,0,102.18,306.47,695.55
2026-01-04T20:45:00Z,verification_audit,large,0,4,true,false,false,30,0,92.80,328.14,1025.74
2026-01-04T20:50:00Z,statement_lookup,tiny,0,1,true,false,false,36,0,113.19,378.69,256.33
2026-01-04T20:55:00Z,account_summary,very_large,1,3,true,false,false,25,2,104.98,178.25,1036.88
2026-01-04T21:00:00Z,account_summary,small,0,4,true,false,false,40,0,98.59,318.32,260.46
2026-01-04T21:05:00Z,member_search,small,1,3,true,false,false,29,0,91.94,194.64,408.86
2026-01-04T21:10:00Z,transaction_history,medium,1,6,false,false,false,44,10,176.06,391.72,774.42
2026-01-04T21:15:00Z,transfer_history,small,0,1,true,false,false,30,0,97.17,272.88,273.44
2026-01-04T21:20:00Z,transfer_history,large,0,1,true,false,false,31,5,116.14,282.19,820.60
2026-01-04T21:25:00Z,verification_audit,small,3,1,true,false,false,20,0,81.94,281.05,368.22
2026-01-04T21:30:00Z,statement_lookup,tiny,2,3,false,false,false,42,0,125.51,258.99,471.66
2026-01-04T21:35:00Z,verification_audit,medium,2,6,false,false,false,28,0,84.12,351.78,503.42
2026-01-04T21:40:00Z,transaction_history,medium,0,5,true,true,true,28,0,55.29,239.90,627.99
2026-01-04T21:45:00Z,statement_lookup,medium,0,5,true,false,false,42,0,119.51,302.94,340.06
2026-01-04T21:50:00Z,member_search,medium,4,3,false,true,true,43,3,116.49,304.86,710.16
2026-01-04T21:55:00Z,statement_lookup,tiny,0,2,true,false,false,40,8,172.04,357.99,309.54
2026-01-04T22:00:00Z,member_search,large,1,3,true,true,false,43,12,157.29,251.16,956.22
2026-01-04T22:05:00Z,statement_lookup,small,2,2,true,false,false,52,0,160.09,336.31,241.04
2026-01-04T22:10:00Z,transaction_history,large,2,6,false,false,false,46,11,179.05,372.83,895.42
2026-01-04T22:15:00Z,account_summary,large,3,6,false,false,false,43,3,102.15,304.55,591.69
2026-01-04T22:20:00Z,member_search,large,4,5,false,false,false,42,0,129.84,393.25,590.99
2026-01-04T22:25:00Z,transfer_history,large,3,3,false,true,true,30,0,74.23,243.15,701.65
2026-01-04T22:30:00Z,account_summary,very_large,0,2,false,false,false,43,7,128.83,313.08,802.96
2026-01-04T22:35:00Z,verification_audit,tiny,1,2,true,true,true,46,5,135.83,353.75,704.33
2026-01-04T22:40:00Z,verification_audit,tiny,2,2,false,false,false,35,0,85.23,307.08,265.85
2026-01-04T22:45:00Z,account_summary,tiny,1,4,true,false,false,40,0,119.85,365.63,287.97
2026-01-04T22:50:00Z,verification_audit,medium,3,2,false,true,false,44,0,137.38,331.34,561.42
2026-01-04T22:55:00Z,transaction_history,large,0,2,false,false,false,38,0,113.29,329.76,423.62
2026-01-04T23:00:00Z,verification_audit,large,3,1,false,false,false,42,0,98.49,361.40,748.53
2026-01-04T23:05:00Z,verification_audit,small,0,4,false,false,false,45,0,121.49,442.86,274.03
2026-01-04T23:10:00Z,transfer_history,small,0,6,true,false,false,32,0,97.22,279.40,375.63
2026-01-04T23:15:00Z,transfer_history,very_large,0,5,true,false,false,45,3,88.64,309.33,1078.56
2026-01-04T23:20:00Z,transaction_history,medium,4,1,true,false,false,28,0,73.01,285.71,615.48
2026-01-04T23:25:00Z,verification_audit,small,3,5,true,true,false,37,0,137.08,272.16,840.70
2026-01-04T23:30:00Z,transaction_history,medium,3,1,true,false,false,30,0,78.48,295.18,631.08
2026-01-04T23:35:00Z,transfer_history,small,4,4,false,true,true,57,5,152.09,411.72,654.36
2026-01-04T23:40:00Z,transaction_history,small,2,4,false,false,false,37,0,115.54,352.36,394.85
2026-01-04T23:45:00Z,verification_audit,small,2,1,true,false,false,19,0,85.53,274.04,544.90
2026-01-04T23:50:00Z,transaction_history,small,0,5,false,false,false,34,4,117.74,197.69,391.83
2026-01-04T23:55:00Z,member_search,very_large,1,3,false,false,false,42,0,145.21,198.93,1051.42
2026-01-05T00:00:00Z,member_search,small,1,4,false,false,false,42,0,107.74,279.20,220.33
2026-01-05T00:05:00Z,account_summary,medium,1,2,false,true,true,41,1,127.92,317.06,446.37
2026-01-05T00:10:00Z,account_summary,tiny,3,2,false,false,false,52,7,163.60,318.96,301.67
2026-01-05T00:15:00Z,transaction_history,small,2,4,false,false,false,18,0,49.48,234.00,260.33
2026-01-05T00:20:00Z,member_search,medium,3,3,false,true,true,45,0,122.77,418.28,502.94
2026-01-05T00:25:00Z,account_summary,tiny,1,5,true,false,false,36,0,123.64,326.55,238.22
2026-01-05T00:30:00Z,verification_audit,small,1,5,true,true,true,51,8,191.35,350.09,813.70
2026-01-05T00:35:00Z,statement_lookup,large,3,3,false,false,false,37,0,91.43,308.15,704.86
2026-01-05T00:40:00Z,statement_lookup,small,0,4,true,false,false,39,0,111.48,379.70,332.83
2026-01-05T00:45:00Z,account_summary,tiny,1,6,true,false,false,46,9,140.26,294.69,554.83
2026-01-05T00:50:00Z,transaction_history,large,1,2,true,true,true,49,0,119.38,278.13,1192.03
2026-01-05T00:55:00Z,member_search,small,0,4,false,false,false,29,0,116.01,200.92,64.19
2026-01-05T01:00:00Z,account_summary,very_large,3,2,false,false,false,28,0,124.87,338.66,952.49
2026-01-05T01:05:00Z,account_summary,small,2,3,false,false,false,43,1,128.86,331.45,124.96
2026-01-05T01:10:00Z,transaction_history,small,3,2,false,true,true,45,5,133.20,342.01,671.36
2026-01-05T01:15:00Z,member_search,small,3,3,false,true,true,31,0,88.67,363.29,499.57
2026-01-05T01:20:00Z,transaction_history,large,3,6,true,true,true,41,0,105.11,349.62,1115.46
2026-01-05T01:25:00Z,account_summary,medium,4,5,true,false,false,25,0,119.65,182.74,490.09
2026-01-05T01:30:00Z,member_search,very_large,1,6,false,true,true,43,0,97.24,232.84,1190.99
2026-01-05T01:35:00Z,member_search,small,0,3,false,false,false,33,0,83.39,267.69,203.77
2026-01-05T01:40:00Z,transaction_history,large,4,5,true,false,false,43,0,128.78,257.24,1017.68
2026-01-05T01:45:00Z,statement_lookup,small,4,2,true,false,false,49,9,184.47,310.23,484.28
2026-01-05T01:50:00Z,account_summary,tiny,2,4,true,false,false,35,12,148.98,324.70,396.53
2026-01-05T01:55:00Z,transaction_history,large,0,6,false,false,false,44,0,102.89,417.51,526.57
2026-01-05T02:00:00Z,transfer_history,medium,3,6,true,false,false,39,0,93.60,190.44,332.61
2026-01-05T02:05:00Z,account_summary,tiny,0,3,true,true,true,47,0,138.35,304.50,466.15
2026-01-05T02:10:00Z,statement_lookup,small,4,4,false,false,false,35,0,98.11,334.57,416.85
2026-01-05T02:15:00Z,member_search,tiny,3,6,false,true,true,27,0,71.68,303.75,440.07
2026-01-05T02:20:00Z,account_summary,large,2,3,false,false,false,50,0,135.05,379.51,610.98
2026-01-05T02:25:00Z,transaction_history,large,4,2,false,false,false,31,0,117.15,316.53,781.25
2026-01-05T02:30:00Z,account_summary,small,4,4,false,false,false,39,3,135.20,349.02,211.17
2026-01-05T02:35:00Z,transfer_history,small,4,3,true,true,true,49,6,159.47,288.32,692.42
2026-01-05T02:40:00Z,member_search,tiny,1,5,true,true,false,54,0,157.44,266.64,397.61
2026-01-05T02:45:00Z,account_summary,large,4,2,true,false,false,45,2,127.76,344.09,816.65
2026-01-05T02:50:00Z,verification_audit,small,1,5,false,false,false,48,0,129.03,337.98,371.57
2026-01-05T02:55:00Z,verification_audit,small,0,5,true,true,false,48,0,160.46,392.80,719.12
2026-01-05T03:00:00Z,member_search,tiny,4,5,true,false,false,22,0,87.42,179.33,436.56
2026-01-05T03:05:00Z,transfer_history,small,4,3,false,true,true,38,0,106.31,326.10,391.41
2026-01-05T03:10:00Z,transaction_history,tiny,4,3,true,false,false,48,1,172.54,318.38,559.32
2026-01-05T03:15:00Z,transfer_history,very_large,1,4,true,false,false,30,0,105.05,396.61,1206.35
2026-01-05T03:20:00Z,transfer_history,small,0,2,true,false,false,46,10,143.08,322.85,461.17
2026-01-05T03:25:00Z,transfer_history,medium,4,3,false,true,false,24,0,98.69,230.25,801.03
2026-01-05T03:30:00Z,account_summary,small,2,2,false,false,false,31,0,83.38,343.50,323.99
2026-01-05T03:35:00Z,statement_lookup,small,1,6,true,true,true,28,0,100.72,220.89,489.96
2026-01-05T03:40:00Z,transaction_history,very_large,3,4,false,true,true,38,0,101.31,306.04,1153.92
2026-01-05T03:45:00Z,statement_lookup,medium,3,1,false,false,false,31,9,165.30,173.88,601.42
2026-01-05T03:50:00Z,transaction_history,large,3,6,false,true,true,36,1,112.27,310.70,991.65
2026-01-05T03:55:00Z,transaction_history,small,3,4,false,false,false,26,4,129.60,232.84,444.95
2026-01-05T04:00:00Z,statement_lookup,medium,3,5,true,false,false,19,1,93.21,248.27,366.76
2026-01-05T04:05:00Z,verification_audit,large,0,4,true,true,false,34,0,138.31,405.41,1048.35
2026-01-05T04:10:00Z,transfer_history,large,2,1,false,false,false,39,8,173.62,291.35,592.32
2026-01-05T04:15:00Z,transfer_history,very_large,3,2,true,false,false,19,0,90.00,229.40,1247.21
2026-01-05T04:20:00Z,verification_audit,very_large,0,6,true,true,true,36,2,100.23,247.63,1474.83
2026-01-05T04:25:00Z,account_summary,very_large,1,6,false,false,false,24,0,81.21,247.18,884.90
2026-01-05T04:30:00Z,transaction_history,large,1,3,true,true,true,31,0,121.13,313.97,633.40
2026-01-05T04:35:00Z,account_summary,very_large,3,5,true,false,false,36,0,115.24,282.39,1183.87
2026-01-05T04:40:00Z,verification_audit,small,1,4,false,true,false,41,0,107.68,348.28,576.40
2026-01-05T04:45:00Z,transfer_history,tiny,2,3,true,false,false,40,12,164.78,378.68,683.83
2026-01-05T04:50:00Z,transaction_history,medium,2,4,true,false,false,32,0,117.31,220.80,455.08
2026-01-05T04:55:00Z,member_search,small,4,6,false,false,false,29,0,66.00,265.63,275.02
2026-01-05T05:00:00Z,transfer_history,small,1,2,false,true,true,29,0,74.62,257.72,427.40
2026-01-05T05:05:00Z,transaction_history,medium,1,1,false,false,false,47,0,120.82,335.51,402.33
2026-01-05T05:10:00Z,member_search,medium,0,5,false,true,true,33,0,85.23,259.85,531.64
2026-01-05T05:15:00Z,account_summary,large,3,2,false,false,false,52,4,149.26,364.96,498.96
2026-01-05T05:20:00Z,account_summary,small,2,1,false,false,false,31,0,136.25,250.71,254.59
2026-01-05T05:25:00Z,member_search,small,2,1,false,false,false,55,17,195.87,399.30,581.27
2026-01-05T05:30:00Z,transfer_history,medium,4,1,true,true,true,42,2,103.51,291.36,721.96
2026-01-05T05:35:00Z,statement_lookup,large,3,1,false,true,true,39,0,136.62,422.47,682.60
2026-01-05T05:40:00Z,transaction_history,very_large,2,4,true,false,false,31,0,96.07,239.74,1300.88
2026-01-05T05:45:00Z,transfer_history,small,2,1,false,true,true,49,0,114.53,293.14,448.35
2026-01-05T05:50:00Z,transfer_history,large,1,6,true,false,false,46,1,100.55,423.84,802.53
2026-01-05T05:55:00Z,member_search,small,2,3,false,true,false,47,0,148.53,357.50,356.70
2026-01-05T06:00:00Z,statement_lookup,medium,1,4,true,false,false,46,0,154.35,286.12,609.68
2026-01-05T06:05:00Z,statement_lookup,tiny,4,5,true,false,false,38,1,127.96,346.12,505.49
2026-01-05T06:10:00Z,transaction_history,medium,3,6,true,true,false,49,5,167.13,329.80,766.01
2026-01-05T06:15:00Z,transfer_history,small,1,4,true,false,false,39,2,122.78,317.79,345.09
2026-01-05T06:20:00Z,verification_audit,large,4,5,false,false,false,46,0,108.49,369.18,901.70
2026-01-05T06:25:00Z,statement_lookup,small,3,5,false,false,false,44,0,129.65,314.42,361.53
2026-01-05T06:30:00Z,statement_lookup,small,2,6,true,true,false,49,3,131.85,324.00,467.61
2026-01-05T06:35:00Z,account_summary,tiny,1,6,false,false,false,37,0,110.06,315.16,231.43
2026-01-05T06:40:00Z,member_search,small,3,1,true,false,false,33,0,85.02,287.30,434.10
2026-01-05T06:45:00Z,member_search,medium,1,6,false,true,false,21,0,74.43,374.49,370.22
2026-01-05T06:50:00Z,transaction_history,tiny,1,5,true,false,false,49,7,152.18,513.58,495.58
2026-01-05T06:55:00Z,verification_audit,tiny,4,2,true,false,false,33,0,124.30,324.65,552.44
2026-01-05T07:00:00Z,account_summary,large,1,4,true,false,false,57,4,151.84,465.00,993.96
2026-01-05T07:05:00Z,transfer_history,small,1,1,false,true,false,52,3,115.27,473.67,426.33
2026-01-05T07:10:00Z,statement_lookup,very_large,0,6,false,false,false,35,0,131.38,376.35,913.70
2026-01-05T07:15:00Z,transfer_history,small,4,5,true,true,false,59,0,148.04,377.42,708.55
2026-01-05T07:20:00Z,transaction_history,large,1,5,true,false,false,34,4,128.56,501.92,874.67
2026-01-05T07:25:00Z,statement_lookup,large,0,3,true,true,false,46,0,136.55,450.10,743.15
2026-01-05T07:30:00Z,verification_audit,small,0,5,true,false,false,52,2,159.31,421.57,270.45
2026-01-05T07:35:00Z,member_search,large,0,3,false,false,false,61,11,232.19,487.83,730.69
2026-01-05T07:40:00Z,transaction_history,medium,1,2,true,false,false,40,2,117.61,470.87,456.04
2026-01-05T07:45:00Z,member_search,tiny,4,3,true,true,true,42,0,143.10,374.96,616.46
2026-01-05T07:50:00Z,transfer_history,small,2,6,false,false,false,52,13,195.44,438.81,521.33
2026-01-05T07:55:00Z,account_summary,small,1,4,false,false,false,41,1,113.87,367.26,285.78
2026-01-05T08:00:00Z,account_summary,small,2,1,true,true,true,44,0,138.05,511.66,326.26
2026-01-05T08:05:00Z,transaction_history,medium,3,3,true,false,false,51,2,160.57,610.14,697.14
2026-01-05T08:10:00Z,member_search,tiny,2,1,true,false,false,47,0,122.37,579.35,582.91
2026-01-05T08:15:00Z,transaction_history,tiny,1,3,true,false,false,51,7,126.26,588.33,444.48
2026-01-05T08:20:00Z,member_search,medium,1,3,true,false,false,33,0,98.82,484.66,472.82
2026-01-05T08:25:00Z,transfer_history,large,2,5,false,false,false,58,4,152.31,514.70,584.35
2026-01-05T08:30:00Z,transaction_history,large,4,1,true,false,false,50,13,185.68,507.84,1090.04
2026-01-05T08:35:00Z,transaction_history,very_large,4,5,true,true,false,54,1,150.22,565.38,1264.93
2026-01-05T08:40:00Z,transaction_history,small,3,6,false,false,false,52,1,149.16,532.97,470.54
2026-01-05T08:45:00Z,account_summary,small,2,4,true,true,true,69,5,204.00,586.88,659.21
2026-01-05T08:50:00Z,transaction_history,small,0,1,false,false,false,48,14,181.35,444.49,504.74
2026-01-05T08:55:00Z,transfer_history,large,1,6,false,false,false,61,4,185.92,668.50,896.62
2026-01-05T09:00:00Z,member_search,medium,1,3,true,true,true,64,0,189.52,680.25,606.53
2026-01-05T09:05:00Z,transaction_history,tiny,3,4,true,false,false,55,7,191.34,644.29,514.90
2026-01-05T09:10:00Z,transfer_history,small,3,6,true,false,false,58,6,157.81,719.40,769.35
2026-01-05T09:15:00Z,statement_lookup,large,3,2,false,true,true,54,9,172.82,677.32,991.41
2026-01-05T09:20:00Z,statement_lookup,tiny,0,1,false,false,false,57,3,155.47,618.09,155.49
2026-01-05T09:25:00Z,verification_audit,large,2,3,true,false,false,61,10,186.99,623.74,1242.48
2026-01-05T09:30:00Z,account_summary,medium,4,3,false,false,false,59,6,192.96,682.81,673.07
2026-01-05T09:35:00Z,transfer_history,small,3,2,false,false,false,39,0,144.59,596.34,392.69
2026-01-05T09:40:00Z,transaction_history,tiny,0,6,false,true,true,70,13,217.53,646.52,678.86
2026-01-05T09:45:00Z,account_summary,very_large,4,1,true,false,false,70,7,233.78,728.83,1381.10
2026-01-05T09:50:00Z,transfer_history,tiny,4,5,true,true,true,52,4,147.72,650.77,686.53
2026-01-05T09:55:00Z,transfer_history,small,3,1,false,false,false,62,4,180.94,687.63,484.21
2026-01-05T10:00:00Z,verification_audit,large,4,6,false,false,false,63,9,189.08,765.82,1057.30
2026-01-05T10:05:00Z,account_summary,small,1,3,true,false,false,62,8,200.61,713.82,372.42
2026-01-05T10:10:00Z,member_search,large,3,1,true,false,false,62,6,204.53,728.84,1037.07
2026-01-05T10:15:00Z,transfer_history,large,4,6,true,false,false,73,13,210.05,817.37,1581.55
2026-01-05T10:20:00Z,account_summary,tiny,2,1,false,false,false,79,13,270.37,806.80,557.21
2026-01-05T10:25:00Z,account_summary,large,2,4,false,false,false,66,7,178.99,784.96,746.52
2026-01-05T10:30:00Z,transfer_history,medium,1,3,false,false,false,71,13,216.30,774.25,672.68
2026-01-05T10:35:00Z,transaction_history,medium,2,3,false,false,false,70,16,214.85,850.32,941.36
2026-01-05T10:40:00Z,member_search,medium,3,2,false,true,false,64,6,182.53,736.37,716.67
2026-01-05T10:45:00Z,verification_audit,medium,4,4,true,false,false,66,7,204.61,733.94,1115.74
2026-01-05T10:50:00Z,member_search,medium,3,3,false,false,false,65,10,229.69,793.89,719.33
2026-01-05T10:55:00Z,member_search,medium,1,3,false,false,false,53,0,113.00,704.43,343.40
2026-01-05T11:00:00Z,transaction_history,small,1,1,false,true,false,67,3,179.28,786.94,581.43
2026-01-05T11:05:00Z,transaction_history,large,0,2,false,true,false,60,5,149.50,736.67,933.69
2026-01-05T11:10:00Z,member_search,medium,0,1,true,false,false,69,15,191.01,828.64,522.92
2026-01-05T11:15:00Z,transfer_history,tiny,4,2,true,true,true,73,12,247.54,769.67,688.68
2026-01-05T11:20:00Z,verification_audit,very_large,2,3,true,false,false,55,1,172.40,834.26,1639.00
2026-01-05T11:25:00Z,account_summary,large,4,6,false,false,false,59,4,156.98,802.08,812.20
2026-01-05T11:30:00Z,transaction_history,medium,1,6,false,false,false,78,15,248.42,827.47,743.26
2026-01-05T11:35:00Z,transfer_history,large,3,4,false,false,false,70,16,217.13,912.91,1329.56
2026-01-05T11:40:00Z,account_summary,medium,3,5,false,true,false,69,8,194.40,723.43,620.35
2026-01-05T11:45:00Z,member_search,tiny,0,6,false,true,false,76,9,238.00,769.99,517.25
2026-01-05T11:50:00Z,transaction_history,small,1,6,false,false,false,76,18,268.85,843.64,718.45
2026-01-05T11:55:00Z,account_summary,very_large,1,3,false,true,true,69,12,222.74,850.52,1401.39
2026-01-05T12:00:00Z,transfer_history,very_large,3,3,true,false,false,78,22,269.98,746.81,2003.71
2026-01-05T12:05:00Z,transaction_history,small,2,2,true,true,false,58,9,172.87,849.87,695.96
2026-01-05T12:10:00Z,member_search,medium,0,6,false,true,false,84,16,254.77,820.43,850.41
2026-01-05T12:15:00Z,transfer_history,large,3,5,true,false,false,75,10,197.26,958.28,1472.91
2026-01-05T12:20:00Z,transfer_history,very_large,1,5,true,false,false,61,0,157.53,851.25,1421.70
2026-01-05T12:25:00Z,verification_audit,small,1,4,true,false,false,64,11,202.27,844.31,561.10
2026-01-05T12:30:00Z,member_search,large,0,6,false,false,false,77,11,206.09,856.84,834.81
2026-01-05T12:35:00Z,transfer_history,large,3,5,false,false,false,74,18,266.55,858.67,1130.17
2026-01-05T12:40:00Z,transaction_history,medium,1,4,true,false,false,67,20,223.40,877.50,832.40
2026-01-05T12:45:00Z,member_search,very_large,4,5,false,true,false,61,15,200.23,804.61,1553.70
2026-01-05T12:50:00Z,transaction_history,small,2,1,false,false,false,72,8,199.62,889.31,600.34
2026-01-05T12:55:00Z,statement_lookup,medium,2,2,true,false,false,68,10,203.01,806.47,605.48
2026-01-05T13:00:00Z,account_summary,small,4,1,true,false,false,56,7,185.82,817.80,542.84
2026-01-05T13:05:00Z,transaction_history,tiny,3,6,false,false,false,58,13,187.48,849.17,689.54
2026-01-05T13:10:00Z,statement_lookup,tiny,0,4,true,false,false,56,3,168.43,859.11,215.21
2026-01-05T13:15:00Z,account_summary,medium,4,1,false,false,false,59,13,215.34,787.56,515.75
2026-01-05T13:20:00Z,transaction_history,small,4,5,true,true,false,82,20,227.60,845.76,1117.69
2026-01-05T13:25:00Z,transaction_history,medium,1,6,false,false,false,67,11,206.77,809.38,539.25
2026-01-05T13:30:00Z,transfer_history,medium,4,5,false,false,false,71,12,217.91,796.60,869.86
2026-01-05T13:35:00Z,member_search,medium,3,1,false,false,false,64,3,159.89,870.40,432.88
2026-01-05T13:40:00Z,statement_lookup,small,0,6,false,false,false,69,11,224.94,785.57,485.09
2026-01-05T13:45:00Z,transaction_history,very_large,2,4,false,false,false,67,5,178.53,751.92,1249.62
2026-01-05T13:50:00Z,member_search,large,3,6,false,false,false,69,13,261.80,803.40,990.55
2026-01-05T13:55:00Z,transaction_history,tiny,3,5,false,true,true,50,0,129.42,711.82,535.50
2026-01-05T14:00:00Z,transaction_history,medium,2,5,false,false,false,61,14,223.55,813.92,800.83
2026-01-05T14:05:00Z,verification_audit,medium,1,4,true,true,true,59,0,159.38,764.16,642.08
2026-01-05T14:10:00Z,transfer_history,tiny,2,6,true,true,false,50,3,156.30,773.85,636.61
2026-01-05T14:15:00Z,transaction_history,small,3,2,true,true,false,66,9,224.24,805.23,778.86
2026-01-05T14:20:00Z,statement_lookup,very_large,1,5,false,false,false,64,7,184.85,737.50,1181.86
2026-01-05T14:25:00Z,transfer_history,small,3,2,true,false,false,39,0,138.98,709.57,597.85
2026-01-05T14:30:00Z,transaction_history,tiny,2,3,false,true,false,61,4,162.86,697.68,477.51
2026-01-05T14:35:00Z,account_summary,medium,0,4,true,false,false,58,8,184.56,735.27,545.97
2026-01-05T14:40:00Z,verification_audit,large,3,2,false,false,false,67,8,183.82,728.62,997.32
2026-01-05T14:45:00Z,account_summary,medium,0,6,true,true,false,70,12,229.60,732.09,644.51
2026-01-05T14:50:00Z,account_summary,large,1,5,true,false,false,60,13,190.87,769.96,887.93
2026-01-05T14:55:00Z,statement_lookup,large,1,1,false,false,false,75,14,263.68,793.90,906.33
2026-01-05T15:00:00Z,member_search,tiny,2,3,false,false,false,63,17,245.07,723.64,522.46
2026-01-05T15:05:00Z,transfer_history,small,2,1,true,false,false,50,9,151.33,709.84,573.71
2026-01-05T15:10:00Z,member_search,medium,2,2,false,false,false,55,4,140.21,677.76,467.20
2026-01-05T15:15:00Z,account_summary,large,4,6,false,true,true,59,19,239.48,664.77,1462.07
2026-01-05T15:20:00Z,transaction_history,small,3,3,true,false,false,54,8,217.41,771.41,542.84
2026-01-05T15:25:00Z,transaction_history,very_large,0,6,true,true,true,49,0,167.01,732.99,1545.15
2026-01-05T15:30:00Z,account_summary,large,4,6,false,false,false,57,0,165.04,683.44,857.23
2026-01-05T15:35:00Z,verification_audit,tiny,0,2,false,true,true,62,8,208.08,725.41,551.65
2026-01-05T15:40:00Z,member_search,very_large,4,2,true,false,false,60,0,169.14,812.14,1412.04
2026-01-05T15:45:00Z,account_summary,very_large,3,6,true,false,false,77,20,297.80,776.67,1844.61
2026-01-05T15:50:00Z,transfer_history,medium,4,5,true,true,true,47,0,121.06,670.65,855.24
2026-01-05T15:55:00Z,transfer_history,large,1,4,true,false,false,59,1,126.14,722.75,836.13
2026-01-05T16:00:00Z,verification_audit,very_large,3,3,false,false,false,42,14,176.09,483.06,1006.69
2026-01-05T16:05:00Z,transfer_history,medium,1,1,true,false,false,52,0,144.32,678.52,440.22
2026-01-05T16:10:00Z,member_search,large,0,6,true,true,true,39,0,110.19,580.38,881.37
2026-01-05T16:15:00Z,account_summary,large,2,4,true,true,false,49,0,149.45,592.90,793.64
2026-01-05T16:20:00Z,member_search,very_large,0,5,false,false,false,59,3,163.94,549.26,1080.19
2026-01-05T16:25:00Z,transfer_history,small,1,2,false,false,false,62,1,142.61,624.83,259.94
2026-01-05T16:30:00Z,verification_audit,small,4,5,false,false,false,59,9,192.99,608.92,713.99
2026-01-05T16:35:00Z,transaction_history,tiny,3,5,true,true,true,46,0,121.65,582.03,707.51
2026-01-05T16:40:00Z,transaction_history,small,4,4,false,false,false,41,0,118.56,690.50,442.09
2026-01-05T16:45:00Z,transfer_history,very_large,2,6,false,false,false,53,0,144.38,600.72,1196.83
2026-01-05T16:50:00Z,member_search,large,3,6,false,false,false,52,0,131.52,552.18,699.44
2026-01-05T16:55:00Z,account_summary,small,1,4,true,true,false,58,3,147.83,673.17,611.36
2026-01-05T17:00:00Z,transaction_history,small,1,6,false,false,false,54,3,154.09,436.46,462.53
2026-01-05T17:05:00Z,account_summary,large,4,3,false,false,false,43,0,110.21,431.28,801.42
2026-01-05T17:10:00Z,member_search,very_large,1,6,false,true,false,49,0,126.66,395.48,1219.50
2026-01-05T17:15:00Z,statement_lookup,medium,0,5,true,false,false,51,8,174.30,474.56,409.64
2026-01-05T17:20:00Z,statement_lookup,small,4,5,false,false,false,44,0,137.09,489.02,394.35
2026-01-05T17:25:00Z,member_search,large,1,5,true,true,true,46,2,144.26,382.46,1011.36
2026-01-05T17:30:00Z,transaction_history,large,0,5,true,false,false,44,4,177.17,373.46,842.79
2026-01-05T17:35:00Z,transaction_history,small,2,3,true,true,true,46,1,113.87,476.91,671.88
2026-01-05T17:40:00Z,transaction_history,very_large,3,5,true,true,true,48,0,178.54,458.66,1703.39
2026-01-05T17:45:00Z,transfer_history,large,3,4,true,true,true,46,3,124.34,478.19,974.81
2026-01-05T17:50:00Z,transaction_history,tiny,1,6,false,false,false,50,0,102.72,485.41,325.56
2026-01-05T17:55:00Z,transaction_history,small,1,2,false,false,false,36,0,92.82,457.69,325.88
2026-01-05T18:00:00Z,transaction_history,medium,4,5,false,true,false,31,0,94.82,286.41,552.88
2026-01-05T18:05:00Z,transaction_history,very_large,1,3,false,false,false,45,10,170.12,305.50,1212.00
2026-01-05T18:10:00Z,transaction_history,medium,2,5,false,false,false,27,0,67.77,221.35,457.82
2026-01-05T18:15:00Z,transaction_history,tiny,2,3,true,false,false,55,0,167.88,312.06,350.60
2026-01-05T18:20:00Z,statement_lookup,tiny,2,6,true,false,false,41,0,118.12,243.40,329.14
2026-01-05T18:25:00Z,statement_lookup,large,2,3,false,false,false,47,0,142.19,398.73,573.89
2026-01-05T18:30:00Z,verification_audit,medium,4,4,false,false,false,36,0,115.79,332.55,708.38
2026-01-05T18:35:00Z,member_search,small,0,1,false,false,false,48,0,107.68,400.66,129.91
2026-01-05T18:40:00Z,account_summary,small,0,4,false,false,false,40,0,117.94,371.71,247.89
2026-01-05T18:45:00Z,transaction_history,medium,1,2,false,false,false,41,0,124.99,302.85,435.27
2026-01-05T18:50:00Z,statement_lookup,small,1,5,true,true,false,21,0,67.18,301.84,250.88
2026-01-05T18:55:00Z,statement_lookup,small,3,2,true,false,false,53,8,178.23,306.51,262.11
2026-01-05T19:00:00Z,statement_lookup,large,2,4,false,false,false,40,4,143.28,232.68,810.30
2026-01-05T19:05:00Z,transfer_history,small,3,3,false,false,false,48,2,149.35,379.81,405.63
2026-01-05T19:10:00Z,transaction_history,large,0,6,true,true,true,36,0,102.51,285.65,841.61
2026-01-05T19:15:00Z,account_summary,medium,2,1,false,false,false,31,0,112.72,368.95,221.08
2026-01-05T19:20:00Z,account_summary,tiny,4,2,true,false,false,41,2,72.12,346.37,496.49
2026-01-05T19:25:00Z,transfer_history,medium,1,2,true,false,false,45,0,145.70,381.31,502.01
2026-01-05T19:30:00Z,transfer_history,medium,3,5,true,false,false,28,5,94.62,280.30,637.07
2026-01-05T19:35:00Z,transaction_history,small,1,3,true,false,false,38,0,114.91,366.34,399.42
2026-01-05T19:40:00Z,verification_audit,large,0,5,false,false,false,48,4,158.59,344.85,536.16
2026-01-05T19:45:00Z,statement_lookup,very_large,3,3,false,false,false,40,2,104.76,287.88,953.67
2026-01-05T19:50:00Z,member_search,tiny,3,6,false,false,false,51,0,124.41,230.17,330.63
2026-01-05T19:55:00Z,account_summary,large,1,3,false,true,false,46,1,116.81,403.28,589.02
2026-01-05T20:00:00Z,transaction_history,small,1,6,true,false,false,55,4,114.75,408.11,456.70
2026-01-05T20:05:00Z,member_search,large,1,6,true,false,false,57,2,134.79,420.72,771.34
2026-01-05T20:10:00Z,transfer_history,very_large,1,2,true,false,false,60,12,249.52,324.47,1333.26
2026-01-05T20:15:00Z,transfer_history,very_large,4,2,false,true,true,43,0,95.47,263.62,1020.87
2026-01-05T20:20:00Z,transfer_history,medium,1,2,true,false,false,41,3,105.87,265.25,447.49
2026-01-05T20:25:00Z,transfer_history,tiny,2,6,true,false,false,22,0,121.33,162.27,415.16
2026-01-05T20:30:00Z,member_search,large,3,5,true,true,true,33,0,79.47,308.84,833.27
2026-01-05T20:35:00Z,member_search,medium,2,1,false,false,false,48,0,130.82,342.69,283.76
2026-01-05T20:40:00Z,transfer_history,tiny,2,2,false,false,false,37,0,123.80,313.43,340.69
2026-01-05T20:45:00Z,member_search,tiny,0,3,false,false,false,41,0,109.53,273.53,283.36
2026-01-05T20:50:00Z,transfer_history,small,2,5,true,false,false,33,0,93.05,317.25,391.91
2026-01-05T20:55:00Z,transaction_history,medium,2,5,true,false,false,37,0,101.31,282.75,413.03
2026-01-05T21:00:00Z,account_summary,very_large,4,2,false,false,false,33,1,104.89,336.03,972.79
2026-01-05T21:05:00Z,transfer_history,medium,1,3,true,false,false,46,1,103.44,302.63,475.25
2026-01-05T21:10:00Z,member_search,small,3,5,false,true,true,38,0,102.65,283.62,573.95
2026-01-05T21:15:00Z,member_search,large,0,4,false,false,false,44,0,97.24,279.26,665.38
2026-01-05T21:20:00Z,account_summary,tiny,4,4,true,false,false,60,16,232.07,258.04,793.68
2026-01-05T21:25:00Z,transaction_history,medium,2,2,false,false,false,38,1,119.78,338.05,655.72
2026-01-05T21:30:00Z,statement_lookup,medium,1,3,true,false,false,45,0,103.14,335.90,298.74
2026-01-05T21:35:00Z,verification_audit,medium,2,1,false,true,true,26,0,99.09,316.73,710.22
2026-01-05T21:40:00Z,account_summary,medium,3,2,true,true,true,19,0,56.22,271.97,496.95
2026-01-05T21:45:00Z,transfer_history,tiny,4,6,false,false,false,51,9,193.87,354.21,587.52
2026-01-05T21:50:00Z,member_search,medium,3,3,true,false,false,31,0,102.89,396.82,467.94
2026-01-05T21:55:00Z,transfer_history,tiny,2,3,false,false,false,38,0,133.87,331.85,256.91
2026-01-05T22:00:00Z,account_summary,tiny,4,2,true,false,false,43,0,155.93,322.09,402.06
2026-01-05T22:05:00Z,transfer_history,large,0,3,false,false,false,32,6,106.23,245.86,506.41
2026-01-05T22:10:00Z,account_summary,tiny,0,2,false,false,false,48,3,97.75,311.70,253.61
2026-01-05T22:15:00Z,transfer_history,tiny,2,1,false,true,true,24,0,63.00,254.93,371.30
2026-01-05T22:20:00Z,account_summary,tiny,2,4,true,false,false,44,0,110.41,306.69,344.30
2026-01-05T22:25:00Z,statement_lookup,small,2,4,true,false,false,38,0,107.24,346.54,398.29
2026-01-05T22:30:00Z,account_summary,tiny,1,5,false,true,true,40,0,131.86,241.92,238.70
2026-01-05T22:35:00Z,transfer_history,medium,4,2,true,false,false,33,0,111.46,356.30,550.22
2026-01-05T22:40:00Z,member_search,medium,3,2,true,true,false,27,0,111.94,212.45,524.61
2026-01-05T22:45:00Z,statement_lookup,small,1,6,false,false,false,32,0,82.12,296.84,203.64
2026-01-05T22:50:00Z,transaction_history,medium,3,1,false,false,false,39,4,125.74,337.61,450.29
2026-01-05T22:55:00Z,member_search,tiny,2,6,false,false,false,36,3,133.39,343.21,374.89
2026-01-05T23:00:00Z,transaction_history,medium,0,3,false,false,false,36,2,124.70,308.25,378.94
2026-01-05T23:05:00Z,transaction_history,tiny,2,6,true,false,false,39,0,152.18,392.04,452.39
2026-01-05T23:10:00Z,member_search,small,3,2,true,false,false,28,0,74.94,354.86,311.39
2026-01-05T23:15:00Z,transfer_history,very_large,4,4,true,false,false,35,0,94.80,311.70,1284.92
2026-01-05T23:20:00Z,transfer_history,tiny,0,1,true,true,true,37,0,99.66,295.72,479.73
2026-01-05T23:25:00Z,member_search,medium,2,4,true,true,true,36,0,125.33,329.84,639.99
2026-01-05T23:30:00Z,statement_lookup,small,2,6,false,true,true,40,0,108.90,339.31,472.51
2026-01-05T23:35:00Z,statement_lookup,medium,0,5,false,false,false,46,6,149.35,422.60,436.71
2026-01-05T23:40:00Z,account_summary,large,1,3,true,false,false,36,0,63.67,284.44,669.16
2026-01-05T23:45:00Z,account_summary,tiny,4,6,false,false,false,46,5,150.90,388.45,478.42
2026-01-05T23:50:00Z,transaction_history,medium,2,2,false,false,false,23,0,100.13,194.76,586.29
2026-01-05T23:55:00Z,transaction_history,large,3,1,true,false,false,38,1,132.46,352.87,933.75
2026-01-06T00:00:00Z,transfer_history,small,1,3,false,false,false,36,3,152.73,306.41,507.75
2026-01-06T00:05:00Z,member_search,very_large,3,6,false,false,false,54,4,157.37,376.01,1132.85
2026-01-06T00:10:00Z,member_search,small,3,4,false,false,false,43,0,145.81,258.08,423.83
2026-01-06T00:15:00Z,transfer_history,small,1,1,true,true,true,45,0,146.05,331.26,521.90
2026-01-06T00:20:00Z,transfer_history,large,1,1,false,true,true,35,10,143.89,381.25,818.24
2026-01-06T00:25:00Z,statement_lookup,small,3,3,true,false,false,35,1,137.37,287.02,381.94
2026-01-06T00:30:00Z,member_search,tiny,0,2,false,false,false,41,0,83.31,299.35,228.98
2026-01-06T00:35:00Z,transaction_history,tiny,4,1,false,false,false,32,0,100.32,250.88,445.45
2026-01-06T00:40:00Z,account_summary,tiny,0,4,false,false,false,36,0,107.75,382.17,149.04
2026-01-06T00:45:00Z,statement_lookup,tiny,2,4,true,false,false,41,0,136.69,347.59,418.46
2026-01-06T00:50:00Z,transfer_history,small,2,6,true,false,false,28,0,84.98,239.48,403.05
2026-01-06T00:55:00Z,statement_lookup,tiny,4,6,true,false,false,51,1,157.32,394.85,484.76
2026-01-06T01:00:00Z,statement_lookup,very_large,2,3,true,false,false,28,0,120.19,238.62,1382.79
2026-01-06T01:05:00Z,transaction_history,very_large,1,5,false,false,false,40,4,113.72,267.65,942.59
2026-01-06T01:10:00Z,transfer_history,tiny,4,2,true,false,false,46,10,171.73,364.19,625.27
2026-01-06T01:15:00Z,member_search,medium,3,4,true,false,false,29,6,135.66,266.38,647.98
2026-01-06T01:20:00Z,transaction_history,small,3,4,false,false,false,57,11,205.02,313.85,690.34
2026-01-06T01:25:00Z,transaction_history,medium,2,1,false,true,true,38,0,137.51,332.55,632.33
2026-01-06T01:30:00Z,member_search,medium,3,5,false,false,false,31,2,152.48,179.86,441.06
2026-01-06T01:35:00Z,statement_lookup,very_large,3,3,true,false,false,39,0,122.12,372.80,1161.29
2026-01-06T01:40:00Z,transfer_history,large,1,5,false,true,true,43,0,126.84,350.53,663.11
2026-01-06T01:45:00Z,account_summary,medium,0,1,false,true,true,35,0,109.99,423.99,271.96
2026-01-06T01:50:00Z,statement_lookup,very_large,2,5,true,true,true,24,0,91.20,359.46,1444.15
2026-01-06T01:55:00Z,member_search,very_large,3,6,true,false,false,41,3,112.57,384.64,1315.97
2026-01-06T02:00:00Z,transaction_history,small,3,2,true,true,false,38,0,127.57,282.46,539.95
2026-01-06T02:05:00Z,member_search,medium,3,4,false,false,false,45,2,136.59,346.34,720.63
2026-01-06T02:10:00Z,member_search,tiny,0,5,true,false,false,45,0,149.50,364.99,294.26
2026-01-06T02:15:00Z,account_summary,tiny,4,6,false,true,true,44,0,88.67,347.90,551.97
2026-01-06T02:20:00Z,transaction_history,tiny,2,6,false,false,false,52,3,154.33,325.88,290.41
2026-01-06T02:25:00Z,transaction_history,tiny,4,4,true,false,false,30,0,105.16,234.44,565.46
2026-01-06T02:30:00Z,transfer_history,small,4,1,false,false,false,38,0,129.85,403.65,441.56
2026-01-06T02:35:00Z,transfer_history,large,2,1,true,true,true,46,5,159.45,367.24,1080.38
2026-01-06T02:40:00Z,member_search,medium,3,6,true,true,false,26,0,84.38,192.66,573.28
2026-01-06T02:45:00Z,transfer_history,medium,0,5,true,false,false,26,0,87.31,326.47,472.44
2026-01-06T02:50:00Z,account_summary,very_large,3,1,true,false,false,52,10,167.75,459.61,1443.39
2026-01-06T02:55:00Z,account_summary,tiny,4,2,true,true,true,34,0,89.01,251.83,573.92
2026-01-06T03:00:00Z,account_summary,medium,2,6,true,true,false,30,0,82.15,317.78,642.18
2026-01-06T03:05:00Z,account_summary,large,1,1,true,false,false,39,0,118.18,372.89,837.52
2026-01-06T03:10:00Z,transfer_history,tiny,3,1,false,true,false,35,0,117.02,310.95,445.85
2026-01-06T03:15:00Z,statement_lookup,large,2,6,false,false,false,30,0,114.57,246.48,544.01
2026-01-06T03:20:00Z,transaction_history,large,1,1,true,false,false,42,3,139.60,398.77,973.82
2026-01-06T03:25:00Z,transaction_history,large,0,3,false,true,false,43,0,110.37,409.80,672.14
2026-01-06T03:30:00Z,account_summary,small,3,1,false,true,false,33,1,81.42,361.50,368.79
2026-01-06T03:35:00Z,transfer_history,medium,2,3,false,false,false,26,0,112.68,318.29,352.51
2026-01-06T03:40:00Z,account_summary,medium,4,3,true,true,true,55,0,131.27,392.41,613.18
2026-01-06T03:45:00Z,account_summary,tiny,3,1,false,false,false,47,0,111.64,365.36,156.89
2026-01-06T03:50:00Z,transfer_history,large,2,1,true,false,false,37,0,128.57,344.77,886.12
2026-01-06T03:55:00Z,statement_lookup,small,4,5,true,false,false,43,2,155.07,325.72,603.46
2026-01-06T04:00:00Z,verification_audit,medium,3,4,false,true,true,40,0,115.10,230.35,679.16
2026-01-06T04:05:00Z,transfer_history,small,3,4,false,true,true,37,0,109.22,393.76,462.16
2026-01-06T04:10:00Z,transfer_history,large,2,4,true,false,false,34,0,77.82,352.06,822.85
2026-01-06T04:15:00Z,verification_audit,medium,3,5,false,true,true,37,0,123.35,343.28,685.94
2026-01-06T04:20:00Z,member_search,large,1,4,true,true,true,35,0,100.46,313.83,971.79
2026-01-06T04:25:00Z,transaction_history,tiny,0,6,true,false,false,19,0,59.33,297.71,385.59
2026-01-06T04:30:00Z,verification_audit,large,1,6,false,true,true,38,0,108.51,288.76,784.37
2026-01-06T04:35:00Z,statement_lookup,small,4,2,true,false,false,42,0,107.89,333.39,356.69
2026-01-06T04:40:00Z,account_summary,medium,1,6,true,true,true,50,7,157.48,366.85,496.61
2026-01-06T04:45:00Z,transaction_history,large,2,2,false,false,false,47,10,166.18,228.49,819.41
2026-01-06T04:50:00Z,transfer_history,small,4,5,true,false,false,41,4,117.73,404.59,759.42
2026-01-06T04:55:00Z,verification_audit,tiny,1,3,false,false,false,38,0,106.92,397.73,319.35
2026-01-06T05:00:00Z,transfer_history,small,0,4,false,false,false,40,0,112.29,311.51,271.79
2026-01-06T05:05:00Z,member_search,large,2,6,false,false,false,36,0,81.31,318.99,592.29
2026-01-06T05:10:00Z,transaction_history,medium,2,3,true,false,false,37,3,146.21,426.04,617.68
2026-01-06T05:15:00Z,member_search,tiny,4,4,true,false,false,24,0,73.92,316.63,447.73
2026-01-06T05:20:00Z,transfer_history,small,2,2,true,true,true,34,0,77.43,342.00,493.02
2026-01-06T05:25:00Z,statement_lookup,small,2,6,false,false,false,51,3,162.37,409.84,420.26
2026-01-06T05:30:00Z,account_summary,small,0,6,true,false,false,37,0,118.56,346.06,286.94
2026-01-06T05:35:00Z,account_summary,large,3,1,true,false,false,19,0,62.71,320.76,780.55
2026-01-06T05:40:00Z,transaction_history,large,4,5,true,false,false,45,5,132.20,348.72,1100.31
2026-01-06T05:45:00Z,transaction_history,medium,3,3,false,false,false,37,0,132.28,312.56,521.26
2026-01-06T05:50:00Z,transaction_history,very_large,1,5,false,false,false,38,3,131.80,331.06,1114.76
2026-01-06T05:55:00Z,statement_lookup,very_large,0,2,false,false,false,40,0,105.13,397.82,1002.27
2026-01-06T06:00:00Z,transfer_history,medium,1,4,false,true,true,38,0,123.95,312.41,646.96
2026-01-06T06:05:00Z,member_search,large,0,1,false,false,false,48,7,147.38,362.15,472.41
2026-01-06T06:10:00Z,statement_lookup,tiny,3,2,false,false,false,30,0,98.08,380.29,360.21
2026-01-06T06:15:00Z,member_search,tiny,0,6,true,false,false,42,0,98.71,350.45,235.11
2026-01-06T06:20:00Z,account_summary,small,0,1,true,false,false,32,0,81.35,278.83,206.36
2026-01-06T06:25:00Z,statement_lookup,small,3,3,false,true,false,44,1,114.88,267.89,431.60
2026-01-06T06:30:00Z,member_search,tiny,1,4,true,false,false,42,0,142.66,425.13,122.88
2026-01-06T06:35:00Z,member_search,large,2,3,false,true,true,39,0,125.29,375.48,698.09
2026-01-06T06:40:00Z,account_summary,large,4,5,false,false,false,37,0,115.35,300.29,564.41
2026-01-06T06:45:00Z,statement_lookup,small,2,3,true,false,false,39,0,103.50,350.07,384.68
2026-01-06T06:50:00Z,verification_audit,small,4,6,false,false,false,32,0,94.14,274.03,554.65
2026-01-06T06:55:00Z,transfer_history,small,0,6,true,false,false,53,12,180.11,445.72,579.93
2026-01-06T07:00:00Z,member_search,small,0,3,false,false,false,63,11,229.89,521.54,421.03
2026-01-06T07:05:00Z,transaction_history,small,3,1,false,false,false,57,4,158.57,540.90,438.71
2026-01-06T07:10:00Z,member_search,small,3,5,true,false,false,48,6,151.49,541.15,382.20
2026-01-06T07:15:00Z,verification_audit,medium,0,5,true,true,true,47,1,128.04,529.08,606.63
2026-01-06T07:20:00Z,account_summary,small,3,3,true,false,false,45,0,88.80,416.78,404.14
2026-01-06T07:25:00Z,statement_lookup,tiny,4,3,false,false,false,59,5,154.00,355.32,447.10
2026-01-06T07:30:00Z,statement_lookup,medium,4,2,true,false,false,40,1,99.43,386.85,513.99
2026-01-06T07:35:00Z,transaction_history,large,2,2,true,true,true,42,6,133.17,478.18,1094.20
2026-01-06T07:40:00Z,account_summary,large,4,1,false,false,false,48,2,156.38,514.24,752.29
2026-01-06T07:45:00Z,member_search,medium,1,2,false,false,false,29,0,67.22,388.25,505.12
2026-01-06T07:50:00Z,account_summary,very_large,1,3,false,false,false,24,0,75.01,440.91,1060.96
2026-01-06T07:55:00Z,verification_audit,small,4,3,true,false,false,36,1,133.70,388.39,476.49
2026-01-06T08:00:00Z,transfer_history,small,4,5,false,false,false,48,4,168.91,586.40,550.85
2026-01-06T08:05:00Z,verification_audit,medium,1,3,false,false,false,48,0,150.91,567.68,537.00
2026-01-06T08:10:00Z,transaction_history,medium,1,6,true,false,false,43,3,132.06,572.00,565.70
2026-01-06T08:15:00Z,transaction_history,large,2,6,true,true,true,63,11,233.13,631.31,1105.39
2026-01-06T08:20:00Z,member_search,small,3,3,true,false,false,47,0,116.00,559.58,386.18
2026-01-06T08:25:00Z,verification_audit,tiny,4,5,true,true,false,42,0,127.23,540.51,657.37
2026-01-06T08:30:00Z,transfer_history,very_large,2,1,false,false,false,54,5,115.54,597.09,900.96
2026-01-06T08:35:00Z,account_summary,small,0,1,false,false,false,54,9,151.00,641.63,358.82
2026-01-06T08:40:00Z,member_search,medium,3,1,false,false,false,55,11,172.01,621.24,497.30
2026-01-06T08:45:00Z,transaction_history,very_large,2,1,true,false,false,52,4,141.00,566.75,1252.76
2026-01-06T08:50:00Z,transaction_history,very_large,0,1,false,false,false,58,0,132.33,597.67,1106.50
2026-01-06T08:55:00Z,member_search,medium,0,4,true,true,true,48,5,203.44,628.04,502.33
2026-01-06T09:00:00Z,transaction_history,small,1,3,false,true,true,75,9,190.48,707.43,701.03
2026-01-06T09:05:00Z,account_summary,medium,0,5,true,false,false,55,7,178.32,767.84,405.45
2026-01-06T09:10:00Z,verification_audit,medium,0,4,false,true,false,73,18,245.75,765.78,953.42
2026-01-06T09:15:00Z,transaction_history,tiny,4,1,false,false,false,60,10,183.37,692.23,528.46
2026-01-06T09:20:00Z,verification_audit,tiny,1,1,true,false,false,48,0,150.98,642.66,485.39
2026-01-06T09:25:00Z,transfer_history,tiny,0,6,false,false,false,47,11,190.84,829.57,503.70
2026-01-06T09:30:00Z,account_summary,medium,2,1,true,false,false,72,16,234.94,636.93,559.98
2026-01-06T09:35:00Z,member_search,medium,4,4,false,false,false,58,5,160.34,716.52,571.42
2026-01-06T09:40:00Z,transfer_history,small,4,6,false,true,false,51,3,139.74,693.43,538.37
2026-01-06T09:45:00Z,statement_lookup,tiny,3,2,false,false,false,60,7,201.21,707.86,331.91
2026-01-06T09:50:00Z,verification_audit,very_large,3,2,false,false,false,66,6,187.77,716.62,1175.25
2026-01-06T09:55:00Z,statement_lookup,small,0,4,true,true,true,82,20,254.60,706.38,855.42
2026-01-06T10:00:00Z,transaction_history,medium,0,4,true,false,false,77,15,251.44,800.55,875.30
2026-01-06T10:05:00Z,statement_lookup,medium,0,6,true,false,false,92,22,309.48,820.78,968.00
2026-01-06T10:10:00Z,member_search,medium,0,1,true,false,false,64,21,277.16,760.02,895.63
2026-01-06T10:15:00Z,transaction_history,tiny,3,2,true,true,false,48,4,148.58,878.77,748.47
2026-01-06T10:20:00Z,transaction_history,large,2,6,true,false,false,57,8,204.34,784.66,988.94
2026-01-06T10:25:00Z,member_search,large,4,2,false,false,false,62,6,179.01,669.32,811.82
2026-01-06T10:30:00Z,verification_audit,medium,4,6,false,false,false,76,18,249.00,755.94,1307.86
2026-01-06T10:35:00Z,transaction_history,small,0,4,false,false,false,81,19,260.02,810.00,712.78
2026-01-06T10:40:00Z,statement_lookup,small,2,6,false,false,false,60,11,202.73,820.39,574.11
2026-01-06T10:45:00Z,verification_audit,medium,0,6,false,false,false,62,13,211.09,703.30,615.08
2026-01-06T10:50:00Z,transaction_history,tiny,3,5,false,true,true,68,18,237.20,749.09,735.35
2026-01-06T10:55:00Z,verification_audit,small,0,2,true,false,false,76,16,222.06,763.75,851.19
2026-01-06T11:00:00Z,transfer_history,small,4,5,false,false,false,69,12,184.32,798.60,622.59
2026-01-06T11:05:00Z,account_summary,very_large,2,3,false,false,false,55,6,201.13,841.85,1171.08
2026-01-06T11:10:00Z,account_summary,small,2,3,true,false,false,71,15,261.03,709.46,662.85
2026-01-06T11:15:00Z,statement_lookup,large,3,3,false,false,false,68,13,193.16,843.76,850.63
2026-01-06T11:20:00Z,statement_lookup,tiny,0,2,false,true,false,54,10,185.52,833.59,333.24
2026-01-06T11:25:00Z,transaction_history,small,3,3,false,true,true,82,22,280.53,870.04,1255.00
2026-01-06T11:30:00Z,transfer_history,very_large,1,2,false,false,false,74,3,189.01,770.94,1148.81
2026-01-06T11:35:00Z,transaction_history,large,3,5,false,false,false,55,0,117.91,869.76,828.09
2026-01-06T11:40:00Z,transfer_history,small,2,3,false,false,false,69,8,179.47,849.55,564.64
2026-01-06T11:45:00Z,member_search,medium,0,2,false,true,true,60,8,165.53,800.41,762.49
2026-01-06T11:50:00Z,transaction_history,medium,0,3,false,true,false,78,14,239.76,924.13,824.38
2026-01-06T11:55:00Z,verification_audit,tiny,1,5,false,false,false,69,13,244.35,830.87,634.90
2026-01-06T12:00:00Z,transfer_history,tiny,3,4,false,false,false,84,7,195.08,836.59,560.60
2026-01-06T12:05:00Z,account_summary,large,3,4,false,true,true,75,8,212.17,855.09,834.80
2026-01-06T12:10:00Z,account_summary,very_large,3,1,true,false,false,69,16,265.58,882.85,1879.84
2026-01-06T12:15:00Z,account_summary,large,0,4,false,false,false,63,0,170.03,859.81,728.05
2026-01-06T12:20:00Z,statement_lookup,large,2,5,false,false,false,92,24,303.36,909.33,1225.20
2026-01-06T12:25:00Z,transaction_history,small,2,1,true,true,true,65,18,233.26,791.23,1012.87
2026-01-06T12:30:00Z,verification_audit,medium,4,1,true,false,false,74,14,234.31,883.18,1111.74
2026-01-06T12:35:00Z,verification_audit,tiny,3,3,false,true,true,81,15,232.72,854.57,1263.41
2026-01-06T12:40:00Z,member_search,large,1,2,false,false,false,78,3,198.78,877.93,857.65
2026-01-06T12:45:00Z,verification_audit,tiny,4,5,false,false,false,69,8,213.09,825.02,617.48
2026-01-06T12:50:00Z,transaction_history,large,0,5,true,false,false,60,3,170.97,776.40,979.30
2026-01-06T12:55:00Z,transfer_history,medium,3,2,false,false,false,71,15,239.85,948.64,1088.74
2026-01-06T13:00:00Z,transfer_history,large,3,1,false,false,false,66,7,172.47,838.06,1073.66
2026-01-06T13:05:00Z,verification_audit,large,0,1,false,false,false,69,7,179.73,838.24,798.06
2026-01-06T13:10:00Z,transfer_history,small,2,5,true,false,false,63,10,197.68,907.88,908.42
2026-01-06T13:15:00Z,transfer_history,small,1,1,true,true,false,60,7,194.03,834.17,606.94
2026-01-06T13:20:00Z,statement_lookup,large,0,1,false,true,false,58,4,167.30,834.93,651.99
2026-01-06T13:25:00Z,member_search,very_large,3,3,false,false,false,66,19,231.52,850.83,1254.36
2026-01-06T13:30:00Z,account_summary,medium,3,5,false,true,true,74,16,258.69,873.43,940.45
2026-01-06T13:35:00Z,member_search,large,2,1,false,true,true,61,13,221.96,939.13,1021.59
2026-01-06T13:40:00Z,transaction_history,medium,1,1,false,false,false,60,10,197.30,806.04,602.16
2026-01-06T13:45:00Z,transaction_history,small,3,4,false,true,true,71,15,245.95,836.56,1185.56
2026-01-06T13:50:00Z,transaction_history,small,4,4,false,true,true,65,2,172.02,866.41,677.12
2026-01-06T13:55:00Z,member_search,medium,3,1,true,true,true,62,0,135.98,903.99,826.14
2026-01-06T14:00:00Z,account_summary,small,2,4,false,false,false,70,10,209.25,845.62,566.05
2026-01-06T14:05:00Z,member_search,medium,3,1,false,false,false,57,0,117.49,779.80,304.15
2026-01-06T14:10:00Z,account_summary,large,0,1,false,false,false,78,15,231.14,834.64,817.64
2026-01-06T14:15:00Z,transfer_history,large,1,2,true,true,false,51,0,127.34,740.33,842.46
2026-01-06T14:20:00Z,transaction_history,medium,3,4,true,false,false,74,10,224.60,835.99,858.52
2026-01-06T14:25:00Z,transaction_history,very_large,1,1,false,false,false,55,0,144.24,780.77,1157.48
2026-01-06T14:30:00Z,verification_audit,tiny,4,3,false,false,false,68,10,190.53,806.72,626.33
2026-01-06T14:35:00Z,statement_lookup,medium,4,3,true,false,false,66,8,188.16,734.80,770.14
2026-01-06T14:40:00Z,transfer_history,very_large,3,3,true,true,false,58,9,192.66,857.19,1820.59
2026-01-06T14:45:00Z,transaction_history,large,1,5,false,false,false,54,4,136.65,747.92,688.51
2026-01-06T14:50:00Z,transfer_history,medium,1,6,false,false,false,38,0,115.24,663.30,624.08
2026-01-06T14:55:00Z,transaction_history,medium,1,3,false,false,false,78,12,214.61,820.26,865.43
2026-01-06T15:00:00Z,verification_audit,large,0,2,false,false,false,62,10,227.96,708.18,889.68
2026-01-06T15:05:00Z,transaction_history,tiny,2,6,false,false,false,82,16,262.28,776.38,813.53
2026-01-06T15:10:00Z,statement_lookup,small,2,1,false,false,false,54,18,214.65,735.05,740.01
2026-01-06T15:15:00Z,transfer_history,large,4,5,true,true,true,57,10,191.65,650.11,1321.49
2026-01-06T15:20:00Z,member_search,large,2,5,false,false,false,72,15,205.44,641.01,1058.92
2026-01-06T15:25:00Z,account_summary,medium,0,1,true,true,true,71,10,201.66,692.55,712.01
2026-01-06T15:30:00Z,transaction_history,small,1,4,true,false,false,62,14,215.79,657.25,710.71
2026-01-06T15:35:00Z,transfer_history,medium,1,5,false,false,false,73,10,189.68,670.77,711.89
2026-01-06T15:40:00Z,member_search,medium,3,3,false,false,false,65,2,123.79,725.66,530.10
2026-01-06T15:45:00Z,statement_lookup,large,0,1,false,false,false,72,11,220.67,713.32,708.06
2026-01-06T15:50:00Z,statement_lookup,medium,1,4,true,false,false,64,14,203.72,652.81,625.85
2026-01-06T15:55:00Z,transfer_history,small,1,5,false,false,false,60,6,156.12,743.40,427.14
2026-01-06T16:00:00Z,verification_audit,large,1,5,false,true,true,55,4,173.46,619.70,831.46
2026-01-06T16:05:00Z,transfer_history,tiny,0,2,true,false,false,56,5,186.03,500.09,417.23
2026-01-06T16:10:00Z,member_search,small,4,2,true,false,false,55,0,146.04,565.58,377.33
2026-01-06T16:15:00Z,account_summary,small,0,5,true,false,false,45,0,105.57,638.67,236.20
2026-01-06T16:20:00Z,transaction_history,small,0,4,true,false,false,85,20,279.22,586.87,712.65
2026-01-06T16:25:00Z,statement_lookup,very_large,0,6,false,true,true,57,1,168.57,621.87,1211.70
2026-01-06T16:30:00Z,statement_lookup,large,4,1,false,false,false,70,18,253.23,536.13,1309.35
2026-01-06T16:35:00Z,member_search,tiny,4,5,true,true,true,51,6,125.28,628.56,730.52
2026-01-06T16:40:00Z,transaction_history,medium,0,2,true,false,false,62,3,156.20,550.53,547.50
2026-01-06T16:45:00Z,transaction_history,very_large,4,1,true,false,false,70,15,233.39,613.85,1673.11
2026-01-06T16:50:00Z,member_search,medium,4,3,false,false,false,59,0,150.15,643.65,683.30
2026-01-06T16:55:00Z,account_summary,small,3,2,false,false,false,57,13,188.56,667.01,444.56
2026-01-06T17:00:00Z,transaction_history,tiny,4,4,true,false,false,46,8,146.24,464.04,722.01
2026-01-06T17:05:00Z,verification_audit,small,3,3,false,true,true,46,2,168.10,417.97,603.22
2026-01-06T17:10:00Z,statement_lookup,medium,2,2,false,false,false,38,6,126.12,502.87,440.77
2026-01-06T17:15:00Z,statement_lookup,large,0,6,false,true,true,47,3,171.11,474.50,719.11
2026-01-06T17:20:00Z,account_summary,small,1,4,false,false,false,53,9,162.57,479.76,288.28
2026-01-06T17:25:00Z,transaction_history,medium,0,5,false,false,false,41,4,162.07,453.58,356.48
2026-01-06T17:30:00Z,transfer_history,medium,3,1,false,false,false,47,0,136.83,429.02,567.11
2026-01-06T17:35:00Z,statement_lookup,medium,0,3,false,false,false,46,1,145.23,449.83,270.16
2026-01-06T17:40:00Z,transaction_history,medium,1,5,false,true,true,61,5,153.64,488.46,566.34
2026-01-06T17:45:00Z,transaction_history,small,0,6,true,true,true,54,2,159.29,432.72,493.61
2026-01-06T17:50:00Z,account_summary,small,2,4,false,false,false,56,1,155.56,444.85,161.53
2026-01-06T17:55:00Z,account_summary,medium,4,4,true,false,false,57,5,135.72,538.04,616.16
2026-01-06T18:00:00Z,statement_lookup,large,2,5,true,true,true,49,0,128.43,393.28,835.56
2026-01-06T18:05:00Z,transfer_history,small,1,5,false,false,false,44,1,143.99,356.84,415.76
2026-01-06T18:10:00Z,account_summary,large,2,6,true,false,false,50,6,185.92,344.23,1065.41
2026-01-06T18:15:00Z,account_summary,small,0,3,false,false,false,29,0,95.53,302.92,114.17
2026-01-06T18:20:00Z,transfer_history,medium,1,2,false,false,false,23,0,82.34,287.51,353.95
2026-01-06T18:25:00Z,transfer_history,small,1,2,true,false,false,40,0,130.38,230.86,361.87
2026-01-06T18:30:00Z,statement_lookup,small,1,5,true,false,false,38,0,113.04,379.74,328.08
2026-01-06T18:35:00Z,account_summary,tiny,4,5,false,false,false,44,7,142.29,280.90,421.89
2026-01-06T18:40:00Z,statement_lookup,small,4,4,false,true,false,40,0,134.85,358.92,580.81
2026-01-06T18:45:00Z,transfer_history,small,4,6,false,false,false,19,0,86.15,308.50,494.12
2026-01-06T18:50:00Z,verification_audit,very_large,0,5,true,false,false,45,0,106.00,318.80,1415.14
2026-01-06T18:55:00Z,member_search,large,1,4,true,true,true,52,0,131.50,335.90,963.38
2026-01-06T19:00:00Z,transfer_history,large,3,4,false,false,false,24,0,59.57,273.15,722.91
2026-01-06T19:05:00Z,transaction_history,large,0,5,false,false,false,32,0,95.17,326.20,544.77
2026-01-06T19:10:00Z,member_search,medium,3,2,false,true,true,32,0,110.80,243.81,689.87
2026-01-06T19:15:00Z,transfer_history,tiny,3,6,true,false,false,37,1,112.92,318.32,490.26
2026-01-06T19:20:00Z,account_summary,tiny,4,5,false,false,false,42,0,127.42,303.07,415.24
2026-01-06T19:25:00Z,transaction_history,large,1,6,true,false,false,41,9,164.10,367.79,1185.83
2026-01-06T19:30:00Z,transaction_history,tiny,1,6,true,true,true,44,0,108.59,343.76,489.76
2026-01-06T19:35:00Z,transaction_history,very_large,4,5,false,true,false,22,0,92.55,223.76,1412.99
2026-01-06T19:40:00Z,verification_audit,medium,3,1,true,false,false,42,0,142.43,469.06,498.23
2026-01-06T19:45:00Z,transfer_history,medium,4,6,false,false,false,42,0,143.06,354.62,590.94
2026-01-06T19:50:00Z,account_summary,small,4,3,true,false,false,45,0,113.63,286.38,436.53
2026-01-06T19:55:00Z,statement_lookup,medium,4,1,false,false,false,35,0,101.39,232.89,463.88
2026-01-06T20:00:00Z,transaction_history,tiny,4,5,true,true,true,36,0,92.03,317.19,707.34
2026-01-06T20:05:00Z,transaction_history,small,0,5,false,false,false,52,12,208.92,344.52,546.71
2026-01-06T20:10:00Z,statement_lookup,large,1,1,true,false,false,34,0,97.14,228.78,792.75
2026-01-06T20:15:00Z,statement_lookup,tiny,0,6,false,false,false,41,5,138.13,420.88,341.53
2026-01-06T20:20:00Z,transaction_history,very_large,0,5,false,false,false,30,0,119.10,377.82,1000.77
2026-01-06T20:25:00Z,statement_lookup,small,3,1,false,false,false,45,0,126.35,367.88,317.29
2026-01-06T20:30:00Z,transaction_history,tiny,4,6,false,true,false,37,0,144.84,311.03,340.79
2026-01-06T20:35:00Z,transaction_history,large,0,6,true,true,true,30,0,86.66,442.47,988.42
2026-01-06T20:40:00Z,transfer_history,very_large,4,4,false,false,false,54,4,118.85,311.57,1208.32
2026-01-06T20:45:00Z,transaction_history,very_large,0,3,false,false,false,32,2,124.36,235.78,1078.68
2026-01-06T20:50:00Z,account_summary,large,3,5,false,false,false,27,0,123.39,293.22,739.52
2026-01-06T20:55:00Z,transaction_history,tiny,1,2,false,true,false,32,0,105.35,237.19,466.66
2026-01-06T21:00:00Z,verification_audit,medium,3,4,true,false,false,33,0,79.82,265.24,699.52
2026-01-06T21:05:00Z,statement_lookup,large,1,3,false,false,false,57,3,135.85,410.37,376.73
2026-01-06T21:10:00Z,account_summary,medium,2,2,false,false,false,55,7,195.63,304.32,596.88
2026-01-06T21:15:00Z,account_summary,large,2,4,true,true,true,28,0,105.04,322.10,953.38
2026-01-06T21:20:00Z,transfer_history,small,2,6,false,true,true,31,0,100.60,332.40,443.77
2026-01-06T21:25:00Z,transaction_history,small,3,1,false,false,false,40,0,101.06,352.18,339.18
2026-01-06T21:30:00Z,account_summary,medium,0,3,true,true,false,37,0,101.75,354.97,418.17
2026-01-06T21:35:00Z,transaction_history,small,3,1,true,false,false,43,0,126.29,361.31,479.41
2026-01-06T21:40:00Z,transfer_history,large,3,1,true,false,false,33,1,106.96,391.62,920.23
2026-01-06T21:45:00Z,account_summary,tiny,2,4,false,false,false,42,0,105.32,292.08,325.60
2026-01-06T21:50:00Z,account_summary,large,4,3,false,true,false,32,0,113.64,303.31,902.48
2026-01-06T21:55:00Z,account_summary,medium,2,3,true,false,false,48,5,173.68,400.90,552.52
2026-01-06T22:00:00Z,statement_lookup,tiny,0,1,true,false,false,43,0,128.31,412.92,205.43
2026-01-06T22:05:00Z,transfer_history,large,2,5,true,false,false,42,2,119.08,326.52,655.91
2026-01-06T22:10:00Z,member_search,medium,0,4,false,false,false,35,0,96.83,248.94,326.06
2026-01-06T22:15:00Z,account_summary,large,0,5,true,true,false,44,2,138.84,351.13,816.03
2026-01-06T22:20:00Z,account_summary,medium,2,1,false,true,false,55,2,157.89,345.30,319.84
2026-01-06T22:25:00Z,account_summary,small,4,3,false,false,false,54,5,175.59,406.72,530.05
2026-01-06T22:30:00Z,member_search,tiny,4,2,false,false,false,32,0,114.60,368.93,338.82
2026-01-06T22:35:00Z,transfer_history,tiny,4,5,false,false,false,39,7,162.10,321.00,635.54
2026-01-06T22:40:00Z,statement_lookup,large,1,4,true,false,false,31,6,120.50,306.99,938.64
2026-01-06T22:45:00Z,statement_lookup,small,0,6,false,false,false,50,0,146.33,429.07,196.62
2026-01-06T22:50:00Z,transaction_history,large,4,4,false,false,false,60,5,171.55,428.43,908.90
2026-01-06T22:55:00Z,transfer_history,large,4,4,false,true,true,34,0,92.17,337.60,909.41
2026-01-06T23:00:00Z,transfer_history,medium,2,2,false,true,true,40,0,109.15,382.90,507.42
2026-01-06T23:05:00Z,account_summary,small,1,1,false,false,false,43,0,112.95,312.86,308.61
2026-01-06T23:10:00Z,account_summary,medium,3,1,false,false,false,39,0,120.08,238.35,337.55
2026-01-06T23:15:00Z,transaction_history,small,4,4,false,false,false,33,0,140.04,312.78,370.84
2026-01-06T23:20:00Z,transfer_history,large,2,1,true,false,false,43,0,135.44,300.66,968.60
2026-01-06T23:25:00Z,statement_lookup,large,0,1,false,false,false,29,0,87.70,244.36,490.43
2026-01-06T23:30:00Z,transaction_history,medium,0,4,true,true,true,50,6,177.18,389.47,781.26
2026-01-06T23:35:00Z,transaction_history,large,1,3,true,false,false,34,0,108.02,245.19,651.97
2026-01-06T23:40:00Z,member_search,medium,0,5,false,true,true,53,7,149.45,196.86,583.40
2026-01-06T23:45:00Z,statement_lookup,medium,0,4,true,false,false,47,0,128.88,409.41,362.22
2026-01-06T23:50:00Z,transaction_history,small,0,4,true,true,true,24,0,93.29,319.57,475.90
2026-01-06T23:55:00Z,verification_audit,large,2,4,true,false,false,29,3,98.26,295.85,982.79
2026-01-07T00:00:00Z,transaction_history,medium,4,1,true,false,false,46,2,114.06,350.45,533.66
2026-01-07T00:05:00Z,transaction_history,large,2,1,false,true,true,48,0,144.92,460.25,787.30
2026-01-07T00:10:00Z,member_search,tiny,4,2,true,true,true,46,0,160.76,418.35,567.64
2026-01-07T00:15:00Z,transaction_history,tiny,4,3,false,false,false,36,0,86.35,368.95,366.91
2026-01-07T00:20:00Z,transaction_history,medium,4,3,false,true,true,38,0,117.47,378.83,787.54
2026-01-07T00:25:00Z,account_summary,medium,1,1,true,false,false,25,0,109.19,268.87,362.67
2026-01-07T00:30:00Z,account_summary,small,4,5,false,false,false,27,0,114.00,323.36,284.11
2026-01-07T00:35:00Z,transfer_history,medium,2,4,false,false,false,36,0,79.10,316.87,470.56
2026-01-07T00:40:00Z,transaction_history,small,2,2,true,false,false,41,1,88.18,304.34,412.69
2026-01-07T00:45:00Z,account_summary,large,3,2,false,false,false,54,11,165.94,372.10,843.94
2026-01-07T00:50:00Z,transaction_history,large,1,5,false,true,true,50,0,122.76,351.28,898.10
2026-01-07T00:55:00Z,account_summary,tiny,1,2,true,false,false,50,4,149.40,384.95,394.09
2026-01-07T01:00:00Z,member_search,tiny,2,1,true,false,false,45,0,122.14,334.48,439.80
2026-01-07T01:05:00Z,member_search,large,3,3,true,false,false,54,6,172.32,372.67,1053.89
2026-01-07T01:10:00Z,member_search,tiny,3,1,true,false,false,35,0,132.27,296.64,359.15
2026-01-07T01:15:00Z,transaction_history,small,0,1,false,false,false,49,3,146.32,271.11,401.12
2026-01-07T01:20:00Z,verification_audit,small,1,1,true,false,false,50,2,173.42,322.68,522.77
2026-01-07T01:25:00Z,statement_lookup,tiny,4,4,true,false,false,47,0,113.84,382.63,367.74
2026-01-07T01:30:00Z,verification_audit,small,1,3,false,false,false,35,5,114.04,237.42,449.42
2026-01-07T01:35:00Z,statement_lookup,medium,4,6,false,true,false,38,0,113.12,275.54,640.74
2026-01-07T01:40:00Z,transaction_history,tiny,2,6,true,true,false,57,5,175.03,360.16,513.58
2026-01-07T01:45:00Z,transfer_history,small,2,6,false,false,false,45,0,94.68,371.82,340.62
2026-01-07T01:50:00Z,member_search,large,1,1,false,true,false,36,0,119.18,297.42,728.01
2026-01-07T01:55:00Z,member_search,medium,3,3,true,false,false,49,2,146.07,393.94,472.58
2026-01-07T02:00:00Z,account_summary,tiny,4,6,false,true,true,33,0,125.80,314.96,553.66
2026-01-07T02:05:00Z,member_search,small,2,2,false,true,false,49,7,161.01,380.45,487.77
2026-01-07T02:10:00Z,transaction_history,small,3,6,false,true,false,34,0,96.86,388.39,538.78
2026-01-07T02:15:00Z,member_search,tiny,4,6,true,false,false,28,0,91.96,266.62,263.72
2026-01-07T02:20:00Z,member_search,medium,1,6,true,true,true,40,0,145.07,286.79,495.20
2026-01-07T02:25:00Z,statement_lookup,tiny,4,1,true,true,true,57,8,173.34,496.07,485.44
2026-01-07T02:30:00Z,transaction_history,small,4,1,false,false,false,38,0,127.02,266.09,572.48
2026-01-07T02:35:00Z,transaction_history,medium,4,1,false,false,false,34,0,119.88,374.76,449.26
2026-01-07T02:40:00Z,transfer_history,small,0,3,true,false,false,38,0,110.42,357.95,324.27
2026-01-07T02:45:00Z,transfer_history,tiny,0,4,false,true,false,46,1,96.50,265.00,336.31
2026-01-07T02:50:00Z,transaction_history,small,1,4,true,false,false,30,0,110.50,285.81,361.56
2026-01-07T02:55:00Z,account_summary,tiny,2,3,true,false,false,46,0,131.23,402.43,333.78
2026-01-07T03:00:00Z,transaction_history,very_large,1,3,true,false,false,35,0,85.62,383.00,1362.28
2026-01-07T03:05:00Z,statement_lookup,small,1,1,false,false,false,47,1,130.18,397.87,374.61
2026-01-07T03:10:00Z,transfer_history,small,1,1,true,false,false,49,0,151.23,427.74,457.01
2026-01-07T03:15:00Z,account_summary,small,0,5,false,true,false,56,0,167.93,380.57,251.40
2026-01-07T03:20:00Z,verification_audit,large,4,2,true,false,false,54,6,149.48,428.52,1042.67
2026-01-07T03:25:00Z,transfer_history,tiny,1,4,true,false,false,26,0,92.00,298.39,438.53
2026-01-07T03:30:00Z,transfer_history,tiny,2,6,true,true,true,47,0,128.96,392.44,605.05
2026-01-07T03:35:00Z,account_summary,tiny,3,2,true,false,false,39,1,131.46,301.69,338.41
2026-01-07T03:40:00Z,verification_audit,small,0,4,true,false,false,35,0,136.84,321.09,289.89
2026-01-07T03:45:00Z,member_search,medium,2,2,false,false,false,30,0,91.75,293.00,302.11
2026-01-07T03:50:00Z,transfer_history,tiny,2,2,false,false,false,39,0,119.65,346.74,497.29
2026-01-07T03:55:00Z,member_search,small,4,5,true,false,false,38,1,116.04,299.39,434.77
2026-01-07T04:00:00Z,statement_lookup,large,1,3,false,true,true,23,0,90.40,257.15,765.18
2026-01-07T04:05:00Z,transaction_history,small,4,4,false,false,false,49,0,121.59,344.45,283.34
2026-01-07T04:10:00Z,account_summary,very_large,4,2,true,true,true,44,3,112.49,287.11,1317.58
2026-01-07T04:15:00Z,statement_lookup,small,0,6,true,true,false,33,0,111.45,343.21,408.05
2026-01-07T04:20:00Z,account_summary,small,0,2,true,false,false,58,15,207.64,481.21,637.86
2026-01-07T04:25:00Z,transaction_history,small,4,5,false,true,true,41,0,127.32,228.52,590.23
2026-01-07T04:30:00Z,member_search,medium,0,5,false,false,false,42,0,94.41,433.82,101.44
2026-01-07T04:35:00Z,statement_lookup,tiny,1,5,false,false,false,43,0,115.08,349.36,281.99
2026-01-07T04:40:00Z,transaction_history,tiny,4,2,false,false,false,23,0,86.06,273.63,379.28
2026-01-07T04:45:00Z,verification_audit,very_large,2,3,true,false,false,43,0,109.94,412.61,1325.39
2026-01-07T04:50:00Z,transaction_history,small,4,4,false,false,false,22,0,82.34,248.00,364.47
2026-01-07T04:55:00Z,transaction_history,small,4,1,false,true,false,19,0,89.71,301.76,371.63
2026-01-07T05:00:00Z,transfer_history,small,2,1,false,true,false,41,0,101.69,306.48,432.23
2026-01-07T05:05:00Z,statement_lookup,large,0,1,false,true,false,28,0,81.05,248.80,524.54
2026-01-07T05:10:00Z,member_search,tiny,0,1,false,false,false,28,0,95.73,295.01,138.41
2026-01-07T05:15:00Z,transaction_history,tiny,2,2,false,false,false,45,0,111.88,395.11,357.57
2026-01-07T05:20:00Z,transfer_history,large,2,5,false,false,false,37,1,116.74,281.83,785.51
2026-01-07T05:25:00Z,verification_audit,medium,4,4,true,true,true,33,0,96.53,290.36,821.73
2026-01-07T05:30:00Z,statement_lookup,tiny,2,3,true,false,false,20,0,103.09,389.58,253.32
2026-01-07T05:35:00Z,account_summary,medium,2,1,false,false,false,39,1,122.64,367.72,402.79
2026-01-07T05:40:00Z,verification_audit,small,2,3,true,true,true,41,0,128.48,368.46,586.93
2026-01-07T05:45:00Z,transaction_history,large,3,1,true,false,false,34,0,86.79,370.60,864.62
2026-01-07T05:50:00Z,transaction_history,medium,4,5,true,false,false,41,6,126.02,302.80,624.34
2026-01-07T05:55:00Z,member_search,medium,2,1,false,false,false,32,0,54.33,314.57,422.27
